teraz zrób plik csv,instytucja,fundusz,DATA_fundusz,typ_aktywa,emitent,isin,waluta,liczba_sztuk,wartosc_nominalna,wartosc_wg_ceny_nabycia,wartosc_wg_wyceny,udziaĹ‚_proc_aktywa,termin_wykupu,rodzaj_oprocentowania,oprocentowanie,rodzaj_rynku,rynek,nazwa_instrumentu,typ_instrumentu,poziom_hierarchii,TYP_aktywo_std,wartosc_wg_wyceny_num
,TFI PZU S.A.,inPZU Puls Życia 2025,2025,Subfunduszu PPK inPZU 20,25 wydzi,elonego w ramach,PPK inPZU Specjali,,,,,,,,,,,,,,,
,TFI PZU S.A.,inPZU Puls Życia 2025,2025,Funduszu Inwestycyjnego O,twarteg,o,,,,,,,,,,,,,,,,
,TFI PZU S.A.,inPZU Puls Życia 2025,2025,za okres od 1 stycznia 2024 r.,do 31 gru,dnia 2024 r.,,,,,,,,,,,,,,,,
,TFI PZU S.A.,inPZU Puls Życia 2025,2025,Zarząd TFI PZU SA:,,,,,,,,,,,,,,,,,,
,TFI PZU S.A.,inPZU Puls Życia 2025,2025,Tomasz Stadnik,Prezes Zarz,ądu,,,,,,,,,,,,,,,,
,TFI PZU S.A.,inPZU Puls Życia 2025,2025,,,,………………………………………,,,,,,,,,,,,,,,
,TFI PZU S.A.,inPZU Puls Życia 2025,2025,Tomasz Bilecki,Wiceprezes,Zarządu,,,,,,,,,,,,,,,,
,TFI PZU S.A.,inPZU Puls Życia 2025,2025,,,,………………………………………,,,,,,,,,,,,,,,
,TFI PZU S.A.,inPZU Puls Życia 2025,2025,Marcin Dobrzański,Wiceprezes,Zarządu,,,,,,,,,,,,,,,,
,TFI PZU S.A.,inPZU Puls Życia 2025,2025,,,,………………………………………,,,,,,,,,,,,,,,
,TFI PZU S.A.,inPZU Puls Życia 2025,2025,Marcin Jakubiak,Wiceprezes,Zarządu,,,,,,,,,,,,,,,,
,TFI PZU S.A.,inPZU Puls Życia 2025,2025,,,,………………………………………,,,,,,,,,,,,,,,
,TFI PZU S.A.,inPZU Puls Życia 2025,2025,Jarosław Leśniczak,Wiceprezes,Zarządu,,,,,,,,,,,,,,,,
,TFI PZU S.A.,inPZU Puls Życia 2025,2025,,,,………………………………………,,,,,,,,,,,,,,,
,TFI PZU S.A.,inPZU Puls Życia 2025,2025,Biuro Księgowości Fundu,szy TFI PZ,U SA:,,,,,,,,,,,,,,,,
,TFI PZU S.A.,inPZU Puls Życia 2025,2025,Marcin Bielecki,D,yrektor Biura,,,,,,,,,,,,,,,,
,TFI PZU S.A.,inPZU Puls Życia 2025,2025,,,,…………………………,,,,,,,,,,,,,,,
,TFI PZU S.A.,inPZU Puls Życia 2025,2025,"Warszawa, 24 marca 2025 r.",,,,,,,,,,,,,,,,,,
,TFI PZU S.A.,inPZU Puls Życia 2025,2025,Zarząd Towarzystwa Fu,nduszy Inwest,ycyjnych,PZU,S.A. zgodnie z Ust,awą z dnia 29 września 1994 r. o rachunkow,ości oraz,,,,,,,,,,,,
,TFI PZU S.A.,inPZU Puls Życia 2025,2025,Rozporządzeniem Minist,ra Finansów,z dnia,24 g,rudnia 2007 r. w,sprawie szczególnych zasad rachunkowości,funduszy,,,,,,,,,,,,
,TFI PZU S.A.,inPZU Puls Życia 2025,2025,inPZU Specjalistycznego,Funduszu Inw,estycyjn,ego O,"twartego, zwanego","dalej „Subfunduszem”, obejmujące:",,,,,,,,,,,,,
,TFI PZU S.A.,inPZU Puls Życia 2025,2025,I. Zestawienie lokat,według stanu,na 31 g,rudnia,"2024 r., z tabelam","i uzupełniającymi oraz dodatkowymi,",,,,,,,,,,,,,
,TFI PZU S.A.,inPZU Puls Życia 2025,2025,II. Bilans sporządzon,y na dzień 31,grudnia,2024,"r.,",,,,,,,,,,,,,,
,TFI PZU S.A.,inPZU Puls Życia 2025,2025,III. Rachunek wyniku,z operacji za,okres od,1 sty,cznia do 31 grudnia,"2024 r.,",,,,,,,,,,,,,
,TFI PZU S.A.,inPZU Puls Życia 2025,2025,IV. Zestawienie zmian,w aktywach,"netto,",,,,,,,,,,,,,,,,
,TFI PZU S.A.,inPZU Puls Życia 2025,2025,V. Noty objaśniające,",",,,,,,,,,,,,,,,,,
,TFI PZU S.A.,inPZU Puls Życia 2025,2025,VI. Informację dodat,kową.,,,,,,,,,,,,,,,,,
,TFI PZU S.A.,inPZU Puls Życia 2025,2025,ZEST,AWIENI,E LOKAT,,,,,,,,,,,,,,,,
,TFI PZU S.A.,inPZU Puls Życia 2025,2025,Zestawi,enie lokat,należy anali,zować łącznie,z notami objaśniającymi,i informacją,"dodatkową, k",tóre,stanowią integralną c,zęść prezentowanego s,pra,wozdan,ia jednostko,we,go.,,,,
,TFI PZU S.A.,inPZU Puls Życia 2025,2025,Tabela,Główn,a,,,,,,,,,,,,,,,,
,TFI PZU S.A.,inPZU Puls Życia 2025,2025,,,,,,,31.12.202,4,,,,,31.12.202,3,,,,,4.0
,TFI PZU S.A.,inPZU Puls Życia 2025,2025,,,SKŁADNIKI,LOKAT,Wartość we,dług ceny,Wartość we,dłu,g Procentowy udz,iał w Wartość według,ce,ny,Wartość we,dłu,g Procentowy,udz,iał w,,
,TFI PZU S.A.,inPZU Puls Życia 2025,2025,,,,,nabycia,w tys. zł,wyceny na d bilansowy w,zie tys.,ń aktywach ogół zł,em nabycia w tys,. zł,b,wyceny na d ilansowy w,zie tys.,ń aktywach zł,ogół,em,,
,TFI PZU S.A.,inPZU Puls Życia 2025,2025,Akcje,,,,,85 735,,102,534,"14,09",89,925,,106,108,,"20,01",,102.0
,TFI PZU S.A.,inPZU Puls Życia 2025,2025,Warrant,y subskrypc,yjne,,,0,,,0,"0,00",,0,,,0,,"0,00",,
,TFI PZU S.A.,inPZU Puls Życia 2025,2025,Prawa d,o akcji,,,,0,,,0,"0,00",,176,,,201,,"0,04",,
,TFI PZU S.A.,inPZU Puls Życia 2025,2025,Prawa p,oboru,,,,0,,,0,"0,00",,0,,,0,,"0,00",,
,TFI PZU S.A.,inPZU Puls Życia 2025,2025,Kwity de,pozytowe,,,,0,,,0,"0,00",,0,,,0,,"0,00",,
,TFI PZU S.A.,inPZU Puls Życia 2025,2025,Listy zas,tawne,,,,7 032,,7,056,"0,97",3,000,,3,002,,"0,57",,7.0
,TFI PZU S.A.,inPZU Puls Życia 2025,2025,Dłużne p,apiery wart,ościowe,,,584 861,,607,315,"83,43",398,926,,414,736,,"78,20",,607.0
,TFI PZU S.A.,inPZU Puls Życia 2025,2025,Instrum,enty pochod,ne,,,0,,,388,"0,05",,0,,,625,,"0,11",,
,TFI PZU S.A.,inPZU Puls Życia 2025,2025,Udziały,w spółkach,z ograniczoną,odpowiedzialno,ścią,0,,,0,"0,00",,0,,,0,,"0,00",,
,TFI PZU S.A.,inPZU Puls Życia 2025,2025,Jednostk,i uczestnict,wa,,,0,,,0,"0,00",,0,,,0,,"0,00",,
,TFI PZU S.A.,inPZU Puls Życia 2025,2025,Certyfika,ty inwestyc,yjne,,,0,,,0,"0,00",,0,,,0,,"0,00",,
,TFI PZU S.A.,inPZU Puls Życia 2025,2025,Tytuły u,czestnictwa,emitowane p,rzez instytucje w,spólnego,,,,,,,,,,,,,,
,TFI PZU S.A.,inPZU Puls Życia 2025,2025,inwesto,wania mając,e siedzibę za,granicą,,0,,,0,"0,00",,0,,,0,,"0,00",,
,TFI PZU S.A.,inPZU Puls Życia 2025,2025,Wierzyte,lności,,,,0,,,0,"0,00",,0,,,0,,"0,00",,
,TFI PZU S.A.,inPZU Puls Życia 2025,2025,Udzielon,e pożyczki,pieniężne,,,0,,,0,"0,00",,0,,,0,,"0,00",,
,TFI PZU S.A.,inPZU Puls Życia 2025,2025,Weksle,,,,,0,,,0,"0,00",,0,,,0,,"0,00",,
,TFI PZU S.A.,inPZU Puls Życia 2025,2025,Depozyt,y,,,,0,,,0,"0,00",,0,,,0,,"0,00",,
,TFI PZU S.A.,inPZU Puls Życia 2025,2025,Waluty,,,,,0,,,0,"0,00",,0,,,0,,"0,00",,
,TFI PZU S.A.,inPZU Puls Życia 2025,2025,Nierucho,mości,,,,0,,,0,"0,00",,0,,,0,,"0,00",,
,TFI PZU S.A.,inPZU Puls Życia 2025,2025,Statki m,orskie,,,,0,,,0,"0,00",,0,,,0,,"0,00",,
,TFI PZU S.A.,inPZU Puls Życia 2025,2025,Inne,,,,,0,,,0,"0,00",,0,,,0,,"0,00",,
,TFI PZU S.A.,inPZU Puls Życia 2025,2025,Razem,,,,,677 628,7,17,293,"98,54 4",92,027,5,24,672,,"98,93",,17.0
,TFI PZU S.A.,inPZU Puls Życia 2025,2025,W tabeli,prezentow,ane są instru,menty pochodne,posiadane przez Subfundu,"sz, których wy",cena na dzień,bila,nsowy jest dodatnia. Ko,mpletna informacja dotyczą,ca i,nstrume,ntów pochod,nych,posiadanych przez,Subf,undusz,,
,TFI PZU S.A.,inPZU Puls Życia 2025,2025,znajduje,się w tabeli,uzupełniając,ej „Instrumenty,pochodne” oraz w „Nocie 6,Instrumenty po,"chodne”, w któ",ryc,h zaprezentowano także (,o ile takowe występowały),niew,ystanda,ryzowane ins,trum,"enty pochodne, któr",ych,wycena,,
,TFI PZU S.A.,inPZU Puls Życia 2025,2025,na dzień,bilansowy,była ujemna i,która tym sam,ym została odniesiona w z,obowiązania Su,bfunduszu oraz,wy,standaryzowane instrume,"nty pochodne, których wa",rtoś,ć bilanso,wa wynosiła,zero,z uwagi na dzienn,e roz,liczenia,,
,TFI PZU S.A.,inPZU Puls Życia 2025,2025,Zostały zaprezen,"towane tylko te tabele, które d",otyczą rodz,ajów lokat,posiadanyc,h przez Subfundusz na,dzi,eń b,ilansowy.,,,,,,,,,,
,TFI PZU S.A.,inPZU Puls Życia 2025,2025,,,,,,,,,Kraj siedziby Wartość według,ce,Wartość wed ny,łu,g Procentowy udzi,ał w,,,,,
,TFI PZU S.A.,inPZU Puls Życia 2025,2025,,AKCJE,Rodzaj,rynku,Nazwa r,ynku Liczb,a,,emitenta nabycia w tys.,zł,wyceny na dz bilansowy w t,ie ys,ń aktywach ogółe . zł,m,,,,,
,TFI PZU S.A.,inPZU Puls Życia 2025,2025,,,Aktywny ryn,ek - rynek,,,,,,,,,,,,,,,
,TFI PZU S.A.,inPZU Puls Życia 2025,2025,adidas AG (DE000,A1EWWW0),regulowany,,Xetra,,1,440,Niemcy,1,126,1,457,"0,20",,,,,440.0
,TFI PZU S.A.,inPZU Puls Życia 2025,2025,,,Aktywny ryn,ek - rynek,,,,,,,,,,,,,,,
,TFI PZU S.A.,inPZU Puls Życia 2025,2025,Adobe Systems In,c (US00724F1012),regulowany,,NASDAQ Stock,Market,,489,Stany Zjednoczone,1,077,,892,"0,12",,,,,489.0
,TFI PZU S.A.,inPZU Puls Życia 2025,2025,,,Aktywny ryn,ek - rynek,,,,,,,,,,,,,,,
,TFI PZU S.A.,inPZU Puls Życia 2025,2025,Advanced Micro D,evices Inc (US0079031078),regulowany,,NASDAQ Stock,Market,2,460,Stany Zjednoczone,1,195,1,219,"0,17",,,,,460.0
,TFI PZU S.A.,inPZU Puls Życia 2025,2025,,,Aktywny ryn,ek - rynek,,,,,,,,,,,,,,,
,TFI PZU S.A.,inPZU Puls Życia 2025,2025,AGORA (PLAGORA,00067),regulowany,,Główny Rynek,GPW,18,023,Polska,,207,,178,"0,02",,,,,23.0
,TFI PZU S.A.,inPZU Puls Życia 2025,2025,,,Aktywny ryn,ek - rynek,,,,,,,,,,,,,,,
,TFI PZU S.A.,inPZU Puls Życia 2025,2025,ALIOR (PLALIOR0,0045),regulowany,,Główny Rynek,GPW,1,036,Polska,,68,,89,"0,01",,,,,36.0
,TFI PZU S.A.,inPZU Puls Życia 2025,2025,,,Aktywny ryn,ek - rynek,,,,,,,,,,,,,,,
,TFI PZU S.A.,inPZU Puls Życia 2025,2025,Allegro.eu SA (LU,2237380790),regulowany,,Główny Rynek,GPW,161,064,Luksemburg,4,575,4,362,"0,60",,,,,64.0
,TFI PZU S.A.,inPZU Puls Życia 2025,2025,,,Aktywny ryn,ek - rynek,,,,,,,,,,,,,,,
,TFI PZU S.A.,inPZU Puls Życia 2025,2025,Alphabet Inc (US0,2079K3059),regulowany,,NASDAQ Stock,Market,1,585,Stany Zjednoczone,,803,1,231,"0,17",,,,,585.0
,TFI PZU S.A.,inPZU Puls Życia 2025,2025,,,Aktywny ryn,ek - rynek,,,,,,,,,,,,,,,
,TFI PZU S.A.,inPZU Puls Życia 2025,2025,Amazon.com Inc (,US0231351067),regulowany,,NASDAQ Stock,Market,1,700,Stany Zjednoczone,1,252,1,529,"0,21",,,,,700.0
,TFI PZU S.A.,inPZU Puls Życia 2025,2025,,,Aktywny ryn,ek - rynek,,,,,,,,,,,,,,,
,TFI PZU S.A.,inPZU Puls Życia 2025,2025,Anglo American P,LC (GB00B1XZS820),regulowany,,London Stock,Exchange,10,945,Wielka Brytania,1,627,1,332,"0,18",,,,,945.0
,TFI PZU S.A.,inPZU Puls Życia 2025,2025,,,Aktywny ryn,ek - rynek,,,,,,,,,,,,,,,
,TFI PZU S.A.,inPZU Puls Życia 2025,2025,Apple Inc (US037,8331005),regulowany,,NASDAQ Stock,Market,1,071,Stany Zjednoczone,,843,1,100,"0,15",,,,,71.0
,TFI PZU S.A.,inPZU Puls Życia 2025,2025,,,Aktywny ryn,ek - rynek,,,,,,,,,,,,,,,
,TFI PZU S.A.,inPZU Puls Życia 2025,2025,Archicom SA (PLA,RHCM00016),regulowany,,Główny Rynek,GPW,46,341,Polska,1,069,1,900,"0,26",,,,,341.0
,TFI PZU S.A.,inPZU Puls Życia 2025,2025,,,Aktywny ryn,ek - rynek,,,,,,,,,,,,,,,
,TFI PZU S.A.,inPZU Puls Życia 2025,2025,ASML Holding NV,(NL0010273215),regulowany,,Euronext Ams,terdam,,387,Holandia,1,076,1,122,"0,15",,,,,387.0
,TFI PZU S.A.,inPZU Puls Życia 2025,2025,,,Aktywny ryn,ek - rynek,,,,,,,,,,,,,,,
,TFI PZU S.A.,inPZU Puls Życia 2025,2025,ASSECOSEE (PLAS,SEE00014),regulowany,,Główny Rynek,GPW,11,343,Polska,,495,,556,"0,08",,,,,343.0
,TFI PZU S.A.,inPZU Puls Życia 2025,2025,,,Aktywny ryn,ek - rynek,,,,,,,,,,,,,,,
,TFI PZU S.A.,inPZU Puls Życia 2025,2025,ASTRAZENECA PL,C (GB0009895292),regulowany,,London Stock,Exchange,2,040,Wielka Brytania,1,088,1,100,"0,15",,,,,40.0
,TFI PZU S.A.,inPZU Puls Życia 2025,2025,AUTOPARTN (PLA,TPRT00018),Aktywny ryn,ek - rynek,Główny Rynek,GPW,42,894,Polska,,784,,849,"0,12",,,,,894.0
,TFI PZU S.A.,inPZU Puls Życia 2025,2025,,,regulowany,,,,,,,,,,,,,,,,
,TFI PZU S.A.,inPZU Puls Życia 2025,2025,,,Aktywny ryn,ek - rynek,,,,,,,,,,,,,,,
,TFI PZU S.A.,inPZU Puls Życia 2025,2025,BAE Systems PLC,(GB0002634946),regulowany,,London Stock,Exchange,21,190,Wielka Brytania,1,002,1,253,"0,17",,,,,190.0
,TFI PZU S.A.,inPZU Puls Życia 2025,2025,BARRICK GO,LD (CA0679011084),Aktywny rynek,-,rynek,Toronto Stock,Exchange,3,765,Kanada,,359,,240,"0,03",,,,3.0
,TFI PZU S.A.,inPZU Puls Życia 2025,2025,,,regulowany,,,,,,,,,,,,,,,,
,TFI PZU S.A.,inPZU Puls Życia 2025,2025,,,Aktywny rynek,-,rynek,,,,,,,,,,,,,,
,TFI PZU S.A.,inPZU Puls Życia 2025,2025,BENEFIT (PL,BNFTS00018),regulowany,,,Główny Rynek,GPW,1,647,Polska,1,500,4,768,"0,66",,,,1.0
,TFI PZU S.A.,inPZU Puls Życia 2025,2025,,,Aktywny rynek,-,rynek,,,,,,,,,,,,,,
,TFI PZU S.A.,inPZU Puls Życia 2025,2025,Bioceltix SA,(PLBCLTX00019),regulowany,,,Główny Rynek,GPW,7,855,Polska,,450,,688,"0,09",,,,7.0
,TFI PZU S.A.,inPZU Puls Życia 2025,2025,BUDIMEX (P,LBUDMX00013),Aktywny rynek,-,rynek,Główny Rynek,GPW,3,369,Polska,,980,1,572,"0,22",,,,3.0
,TFI PZU S.A.,inPZU Puls Życia 2025,2025,,,regulowany,,,,,,,,,,,,,,,,
,TFI PZU S.A.,inPZU Puls Życia 2025,2025,,,Aktywny rynek,-,rynek,,,,,,,,,,,,,,
,TFI PZU S.A.,inPZU Puls Życia 2025,2025,CCC (PLCCC,0000016),regulowany,,,Główny Rynek,GPW,,668,Polska,,24,,123,"0,02",,,,
,TFI PZU S.A.,inPZU Puls Życia 2025,2025,,,Aktywny rynek,-,rynek,,,,,,,,,,,,,,
,TFI PZU S.A.,inPZU Puls Życia 2025,2025,CDPROJEKT,(PLOPTTC00011),regulowany,,,Główny Rynek,GPW,9,646,Polska,1,120,1,847,"0,25",,,,9.0
,TFI PZU S.A.,inPZU Puls Życia 2025,2025,,,Aktywny rynek,-,rynek,,,,,,,,,,,,,,
,TFI PZU S.A.,inPZU Puls Życia 2025,2025,Cie Financie,re Richemont SA (CH0210483332),regulowany,,,Six Swiss Exch,ange,1,270,Francja,,796,,795,"0,11",,,,1.0
,TFI PZU S.A.,inPZU Puls Życia 2025,2025,,,Aktywny rynek,-,rynek,,,,,,,,,,,,,,
,TFI PZU S.A.,inPZU Puls Życia 2025,2025,CREOTECH,(PLCRTCH00017),regulowany,,,Główny Rynek,GPW,4,481,Polska,,709,,775,"0,11",,,,4.0
,TFI PZU S.A.,inPZU Puls Życia 2025,2025,cyber_Folks,S.A. (PLR220000018),Aktywny rynek,-,rynek,Główny Rynek,GPW,3,773,Polska,,269,,568,"0,08",,,,3.0
,TFI PZU S.A.,inPZU Puls Życia 2025,2025,,,regulowany,,,,,,,,,,,,,,,,
,TFI PZU S.A.,inPZU Puls Życia 2025,2025,,,Aktywny rynek,-,rynek,,,,,,,,,,,,,,
,TFI PZU S.A.,inPZU Puls Życia 2025,2025,Datawalk SA,(PLPILAB00012),regulowany,,,Główny Rynek,GPW,2,736,Polska,,450,,155,"0,02",,,,2.0
,TFI PZU S.A.,inPZU Puls Życia 2025,2025,,,Aktywny rynek,-,rynek,,,,,,,,,,,,,,
,TFI PZU S.A.,inPZU Puls Życia 2025,2025,DexCom Inc,(US2521311074),regulowany,,,NASDAQ Stock,Market,3,193,Stany Zjednoczone,1,482,1,018,"0,14",,,,3.0
,TFI PZU S.A.,inPZU Puls Życia 2025,2025,,,Aktywny rynek,-,rynek,,,,,,,,,,,,,,
,TFI PZU S.A.,inPZU Puls Życia 2025,2025,DINOPL (PL,DINPL00011),regulowany,,,Główny Rynek,GPW,9,185,Polska,2,959,3,580,"0,49",,,,9.0
,TFI PZU S.A.,inPZU Puls Życia 2025,2025,,,Aktywny rynek,-,rynek,,,,,,,,,,,,,,
,TFI PZU S.A.,inPZU Puls Życia 2025,2025,DOMDEV (P,LDMDVL00012),regulowany,,,Główny Rynek,GPW,4,741,Polska,,659,,864,"0,12",,,,4.0
,TFI PZU S.A.,inPZU Puls Życia 2025,2025,,,Aktywny rynek,-,rynek,,,,,,,,,,,,,,
,TFI PZU S.A.,inPZU Puls Życia 2025,2025,GRENEVIA (,PLFAMUR00012),regulowany,,,Główny Rynek,GPW,333,586,Polska,1,220,,732,"0,10",,,,333.0
,TFI PZU S.A.,inPZU Puls Życia 2025,2025,,,Aktywny rynek,-,rynek,,,,,,,,,,,,,,
,TFI PZU S.A.,inPZU Puls Życia 2025,2025,Indra Sistem,as SA (ES0118594417),regulowany,,,Spanish Stock,Exchange,12,717,Hiszpania,,715,,928,"0,13",,,,12.0
,TFI PZU S.A.,inPZU Puls Życia 2025,2025,,,Aktywny rynek,-,rynek,,,,,,,,,,,,,,
,TFI PZU S.A.,inPZU Puls Życia 2025,2025,InPost SA (L,U2290522684),regulowany,,,Euronext Amst,erdam,22,662,Luksemburg,,872,1,599,"0,22",,,,22.0
,TFI PZU S.A.,inPZU Puls Życia 2025,2025,Intuitive Sur,gical Inc (US46120E6023),Aktywny rynek,-,rynek,NASDAQ Stock,Market,,765,Stany Zjednoczone,1,206,1,638,"0,23",,,,
,TFI PZU S.A.,inPZU Puls Życia 2025,2025,,,regulowany,,,,,,,,,,,,,,,,
,TFI PZU S.A.,inPZU Puls Życia 2025,2025,,,Aktywny rynek,-,rynek,,,,,,,,,,,,,,
,TFI PZU S.A.,inPZU Puls Życia 2025,2025,Jeronimo Ma,rtins SGPS SA (PTJMT0AE0001),regulowany,,,Euronext Lisbo,n,16,250,Portugalia,1,401,1,281,"0,18",,,,16.0
,TFI PZU S.A.,inPZU Puls Życia 2025,2025,,,Aktywny rynek,-,rynek,,,,,,,,,,,,,,
,TFI PZU S.A.,inPZU Puls Życia 2025,2025,KETY (PLKE,TY000011),regulowany,,,Główny Rynek,GPW,,217,Polska,,109,,148,"0,02",,,,
,TFI PZU S.A.,inPZU Puls Życia 2030,2030,Subfunduszu PPK inPZU 20,30 wydzi,elonego w ramach,PPK inPZU Specjali,,,,,,,,,,,,,,,
,TFI PZU S.A.,inPZU Puls Życia 2030,2030,Funduszu Inwestycyjnego O,twarteg,o,,,,,,,,,,,,,,,,
,TFI PZU S.A.,inPZU Puls Życia 2030,2030,za okres od 1 stycznia 2024 r.,do 31 gru,dnia 2024 r.,,,,,,,,,,,,,,,,
,TFI PZU S.A.,inPZU Puls Życia 2030,2030,Zarząd TFI PZU SA:,,,,,,,,,,,,,,,,,,
,TFI PZU S.A.,inPZU Puls Życia 2030,2030,Tomasz Stadnik,Prezes Zarz,ądu,,,,,,,,,,,,,,,,
,TFI PZU S.A.,inPZU Puls Życia 2030,2030,,,,………………………………………,,,,,,,,,,,,,,,
,TFI PZU S.A.,inPZU Puls Życia 2030,2030,Tomasz Bilecki,Wiceprezes,Zarządu,,,,,,,,,,,,,,,,
,TFI PZU S.A.,inPZU Puls Życia 2030,2030,,,,………………………………………,,,,,,,,,,,,,,,
,TFI PZU S.A.,inPZU Puls Życia 2030,2030,Marcin Dobrzański,Wiceprezes,Zarządu,,,,,,,,,,,,,,,,
,TFI PZU S.A.,inPZU Puls Życia 2030,2030,,,,………………………………………,,,,,,,,,,,,,,,
,TFI PZU S.A.,inPZU Puls Życia 2030,2030,Marcin Jakubiak,Wiceprezes,Zarządu,,,,,,,,,,,,,,,,
,TFI PZU S.A.,inPZU Puls Życia 2030,2030,,,,………………………………………,,,,,,,,,,,,,,,
,TFI PZU S.A.,inPZU Puls Życia 2030,2030,Jarosław Leśniczak,Wiceprezes,Zarządu,,,,,,,,,,,,,,,,
,TFI PZU S.A.,inPZU Puls Życia 2030,2030,,,,………………………………………,,,,,,,,,,,,,,,
,TFI PZU S.A.,inPZU Puls Życia 2030,2030,Biuro Księgowości Fundu,szy TFI PZ,U SA:,,,,,,,,,,,,,,,,
,TFI PZU S.A.,inPZU Puls Życia 2030,2030,Marcin Bielecki,D,yrektor Biura,,,,,,,,,,,,,,,,
,TFI PZU S.A.,inPZU Puls Życia 2030,2030,,,,…………………………,,,,,,,,,,,,,,,
,TFI PZU S.A.,inPZU Puls Życia 2030,2030,"Warszawa, 24 marca 2025 r.",,,,,,,,,,,,,,,,,,
,TFI PZU S.A.,inPZU Puls Życia 2030,2030,Zarząd Towarzystwa Fu,nduszy Inwest,ycyjnych,PZU,S.A. zgodnie z Ust,awą z dnia 29 września 1994 r. o rachunkow,ości oraz,,,,,,,,,,,,
,TFI PZU S.A.,inPZU Puls Życia 2030,2030,Rozporządzeniem Minist,ra Finansów,z dnia,24 g,rudnia 2007 r. w,sprawie szczególnych zasad rachunkowości,funduszy,,,,,,,,,,,,
,TFI PZU S.A.,inPZU Puls Życia 2030,2030,inPZU Specjalistycznego,Funduszu Inw,estycyjn,ego O,"twartego, zwanego","dalej „Subfunduszem”, obejmujące:",,,,,,,,,,,,,
,TFI PZU S.A.,inPZU Puls Życia 2030,2030,I. Zestawienie lokat,według stanu,na 31 g,rudnia,"2024 r., z tabelam","i uzupełniającymi oraz dodatkowymi,",,,,,,,,,,,,,
,TFI PZU S.A.,inPZU Puls Życia 2030,2030,II. Bilans sporządzon,y na dzień 31,grudnia,2024,"r.,",,,,,,,,,,,,,,
,TFI PZU S.A.,inPZU Puls Życia 2030,2030,III. Rachunek wyniku,z operacji za,okres od,1 sty,cznia do 31 grudnia,"2024 r.,",,,,,,,,,,,,,
,TFI PZU S.A.,inPZU Puls Życia 2030,2030,IV. Zestawienie zmian,w aktywach,"netto,",,,,,,,,,,,,,,,,
,TFI PZU S.A.,inPZU Puls Życia 2030,2030,V. Noty objaśniające,",",,,,,,,,,,,,,,,,,
,TFI PZU S.A.,inPZU Puls Życia 2030,2030,VI. Informację dodat,kową.,,,,,,,,,,,,,,,,,
,TFI PZU S.A.,inPZU Puls Życia 2030,2030,ZEST,AWIENI,E LOKAT,,,,,,,,,,,,,,,,
,TFI PZU S.A.,inPZU Puls Życia 2030,2030,Zestawi,enie lokat,należy anali,zować łącznie,z notami objaś,niającymi,i informacją dodatko,"wą, k",tór,e stanowią integralną c,zęść prezentowanego s,pra,wozdan,ia jednostko,we,go.,,,
,TFI PZU S.A.,inPZU Puls Życia 2030,2030,Tabela,Główn,a,,,,,,,,,,,,,,,,
,TFI PZU S.A.,inPZU Puls Życia 2030,2030,,,,,,,31.1,2.202,4,,,,,31.12.202,3,,,,2.202
,TFI PZU S.A.,inPZU Puls Życia 2030,2030,,,SKŁADNIKI,LOKAT,W,artość we,Warto dług ceny,ść we,dłu,g Procentowy udzi,ał w Wartość według,ce,ny,Wartość we,dłu,g Procentowy,udzi,ał w,
,TFI PZU S.A.,inPZU Puls Życia 2030,2030,,,,,,nabycia,wycen w tys. zł bilanso,y na d wy w,zie tys,ń aktywach ogół . zł,em nabycia w tys,. zł,b,wyceny na d ilansowy w,zie tys,ń aktywach . zł,ogół,em,
,TFI PZU S.A.,inPZU Puls Życia 2030,2030,Akcje,,,,,,268 167,,317,099,"28,25",236,335,,277,526,,"36,12",
,TFI PZU S.A.,inPZU Puls Życia 2030,2030,Warrant,y subskrypc,yjne,,,,0,,,0,"0,00",,0,,,0,,"0,00",
,TFI PZU S.A.,inPZU Puls Życia 2030,2030,Prawa d,o akcji,,,,,0,,,0,"0,00",,454,,,517,,"0,07",
,TFI PZU S.A.,inPZU Puls Życia 2030,2030,Prawa p,oboru,,,,,0,,,0,"0,00",,0,,,0,,"0,00",
,TFI PZU S.A.,inPZU Puls Życia 2030,2030,Kwity de,pozytowe,,,,,0,,,0,"0,00",,0,,,0,,"0,00",
,TFI PZU S.A.,inPZU Puls Życia 2030,2030,Listy zas,tawne,,,,,11 540,,11,566,"1,03",3,500,,3,502,,"0,45",
,TFI PZU S.A.,inPZU Puls Życia 2030,2030,Dłużne p,apiery wart,ościowe,,,,724 084,,748,062,"66,66",449,639,,469,499,,"61,10",
,TFI PZU S.A.,inPZU Puls Życia 2030,2030,Instrum,enty pochod,ne,,,,0,,,630,"0,05",,0,,,811,,"0,11",
,TFI PZU S.A.,inPZU Puls Życia 2030,2030,Udziały,w spółkach,z ograniczoną,odpowiedzialno,ścią,,0,,,0,"0,00",,0,,,0,,"0,00",
,TFI PZU S.A.,inPZU Puls Życia 2030,2030,Jednostk,i uczestnict,wa,,,,0,,,0,"0,00",,0,,,0,,"0,00",
,TFI PZU S.A.,inPZU Puls Życia 2030,2030,Certyfika,ty inwestyc,yjne,,,,0,,,0,"0,00",,0,,,0,,"0,00",
,TFI PZU S.A.,inPZU Puls Życia 2030,2030,Tytuły u,czestnictwa,emitowane p,rzez instytucje w,spólnego,,,,,,,,,,,,,,
,TFI PZU S.A.,inPZU Puls Życia 2030,2030,inwesto,wania mając,e siedzibę za,granicą,,,0,,,0,"0,00",,0,,,0,,"0,00",
,TFI PZU S.A.,inPZU Puls Życia 2030,2030,Wierzyte,lności,,,,,0,,,0,"0,00",,0,,,0,,"0,00",
,TFI PZU S.A.,inPZU Puls Życia 2030,2030,Udzielon,e pożyczki,pieniężne,,,,0,,,0,"0,00",,0,,,0,,"0,00",
,TFI PZU S.A.,inPZU Puls Życia 2030,2030,Weksle,,,,,,0,,,0,"0,00",,0,,,0,,"0,00",
,TFI PZU S.A.,inPZU Puls Życia 2030,2030,Depozyt,y,,,,,0,,,0,"0,00",,0,,,0,,"0,00",
,TFI PZU S.A.,inPZU Puls Życia 2030,2030,Waluty,,,,,,0,,,0,"0,00",,0,,,0,,"0,00",
,TFI PZU S.A.,inPZU Puls Życia 2030,2030,Nierucho,mości,,,,,0,,,0,"0,00",,0,,,0,,"0,00",
,TFI PZU S.A.,inPZU Puls Życia 2030,2030,Statki m,orskie,,,,,0,,,0,"0,00",,0,,,0,,"0,00",
,TFI PZU S.A.,inPZU Puls Życia 2030,2030,Inne,,,,,,0,,,0,"0,00",,0,,,0,,"0,00",
,TFI PZU S.A.,inPZU Puls Życia 2030,2030,Razem,,,,,,1 003 791,1 0,77,357,"95,99 6",89,928,7,51,855,,"97,85",10.0
,TFI PZU S.A.,inPZU Puls Życia 2030,2030,W tabeli,prezentow,ane są instru,menty pochodne,posiadane przez,Subfundu,"sz, których wycena na",dzień,bila,nsowy jest dodatnia. Ko,mpletna informacja dotyczą,ca i,nstrume,ntów pochod,nych,posiadanych przez,Subf,undusz,
,TFI PZU S.A.,inPZU Puls Życia 2030,2030,znajduje,się w tabeli,uzupełniając,ej „Instrumenty,pochodne” oraz,w „Nocie 6,Instrumenty pochodne”,", w któ",ryc,h zaprezentowano także (,o ile takowe występowały),nie,wystanda,ryzowane ins,tru,"menty pochodne, któr",ych,wycena,
,TFI PZU S.A.,inPZU Puls Życia 2030,2030,na dzień,bilansowy,była ujemna i,która tym sam,ym została odnie,siona w z,obowiązania Subfundusz,u ora,z wy,standaryzowane instrum,"enty pochodne, których wa",rtoś,ć bilanso,wa wynosiła,zer,o z uwagi na dzienn,e roz,liczenia,
,TFI PZU S.A.,inPZU Puls Życia 2030,2030,Zostały zaprezen,"towane tylko te tabele, które d",otyczą rodz,ajów lokat,posiadanyc,h przez Subfundusz na,dzi,eń b,ilansowy.,,,,,,,,,,
,TFI PZU S.A.,inPZU Puls Życia 2030,2030,,,,,,,,,Kraj siedziby Wartość według,ce,Wartość we ny,dłu,g Procentowy udzi,ał w,,,,,
,TFI PZU S.A.,inPZU Puls Życia 2030,2030,,AKCJE,Rodzaj,rynku,Nazwa r,ynku Liczb,a,,emitenta nabycia w tys,. zł,wyceny na d bilansowy w,zie tys,ń aktywach ogółe . zł,m,,,,,
,TFI PZU S.A.,inPZU Puls Życia 2030,2030,,,Aktywny ryn,ek - rynek,,,,,,,,,,,,,,,
,TFI PZU S.A.,inPZU Puls Życia 2030,2030,adidas AG (DE000,A1EWWW0),regulowany,,Xetra,,3,700,Niemcy,2,893,3,744,"0,33",,,,,700.0
,TFI PZU S.A.,inPZU Puls Życia 2030,2030,,,Aktywny ryn,ek - rynek,,,,,,,,,,,,,,,
,TFI PZU S.A.,inPZU Puls Życia 2030,2030,Adobe Systems In,c (US00724F1012),regulowany,,NASDAQ Stock,Market,1,714,Stany Zjednoczone,3,737,3,126,"0,28",,,,,714.0
,TFI PZU S.A.,inPZU Puls Życia 2030,2030,,,Aktywny ryn,ek - rynek,,,,,,,,,,,,,,,
,TFI PZU S.A.,inPZU Puls Życia 2030,2030,Advanced Micro D,evices Inc (US0079031078),regulowany,,NASDAQ Stock,Market,6,695,Stany Zjednoczone,3,315,3,317,"0,30",,,,,695.0
,TFI PZU S.A.,inPZU Puls Życia 2030,2030,,,Aktywny ryn,ek - rynek,,,,,,,,,,,,,,,
,TFI PZU S.A.,inPZU Puls Życia 2030,2030,AGORA (PLAGORA,00067),regulowany,,Główny Rynek,GPW,67,802,Polska,,780,,668,"0,06",,,,,802.0
,TFI PZU S.A.,inPZU Puls Życia 2030,2030,,,Aktywny ryn,ek - rynek,,,,,,,,,,,,,,,
,TFI PZU S.A.,inPZU Puls Życia 2030,2030,ALIOR (PLALIOR0,0045),regulowany,,Główny Rynek,GPW,2,488,Polska,,162,,214,"0,02",,,,,488.0
,TFI PZU S.A.,inPZU Puls Życia 2030,2030,,,Aktywny ryn,ek - rynek,,,,,,,,,,,,,,,
,TFI PZU S.A.,inPZU Puls Życia 2030,2030,Allegro.eu SA (LU,2237380790),regulowany,,Główny Rynek,GPW,431,355,Luksemburg,12,205,11,681,"1,04",,,,,355.0
,TFI PZU S.A.,inPZU Puls Życia 2030,2030,,,Aktywny ryn,ek - rynek,,,,,,,,,,,,,,,
,TFI PZU S.A.,inPZU Puls Życia 2030,2030,Alphabet Inc (US0,2079K3059),regulowany,,NASDAQ Stock,Market,5,925,Stany Zjednoczone,3,130,4,600,"0,41",,,,,925.0
,TFI PZU S.A.,inPZU Puls Życia 2030,2030,,,Aktywny ryn,ek - rynek,,,,,,,,,,,,,,,
,TFI PZU S.A.,inPZU Puls Życia 2030,2030,Amazon.com Inc (,US0231351067),regulowany,,NASDAQ Stock,Market,6,020,Stany Zjednoczone,4,429,5,418,"0,48",,,,,20.0
,TFI PZU S.A.,inPZU Puls Życia 2030,2030,,,Aktywny ryn,ek - rynek,,,,,,,,,,,,,,,
,TFI PZU S.A.,inPZU Puls Życia 2030,2030,Anglo American P,LC (GB00B1XZS820),regulowany,,London Stock,Exchange,29,200,Wielka Brytania,4,262,3,554,"0,32",,,,,200.0
,TFI PZU S.A.,inPZU Puls Życia 2030,2030,,,Aktywny ryn,ek - rynek,,,,,,,,,,,,,,,
,TFI PZU S.A.,inPZU Puls Życia 2030,2030,Apple Inc (US037,8331005),regulowany,,NASDAQ Stock,Market,4,292,Stany Zjednoczone,3,446,4,408,"0,39",,,,,292.0
,TFI PZU S.A.,inPZU Puls Życia 2030,2030,,,Aktywny ryn,ek - rynek,,,,,,,,,,,,,,,
,TFI PZU S.A.,inPZU Puls Życia 2030,2030,Archicom SA (PLA,RHCM00016),regulowany,,Główny Rynek,GPW,120,486,Polska,2,787,4,940,"0,44",,,,,486.0
,TFI PZU S.A.,inPZU Puls Życia 2030,2030,,,Aktywny ryn,ek - rynek,,,,,,,,,,,,,,,
,TFI PZU S.A.,inPZU Puls Życia 2030,2030,ASML Holding NV,(NL0010273215),regulowany,,Euronext Ams,terdam,1,003,Holandia,2,786,2,909,"0,26",,,,,3.0
,TFI PZU S.A.,inPZU Puls Życia 2030,2030,,,Aktywny ryn,ek - rynek,,,,,,,,,,,,,,,
,TFI PZU S.A.,inPZU Puls Życia 2030,2030,ASSECOSEE (PLAS,SEE00014),regulowany,,Główny Rynek,GPW,28,171,Polska,1,230,1,380,"0,12",,,,,171.0
,TFI PZU S.A.,inPZU Puls Życia 2030,2030,,,Aktywny ryn,ek - rynek,,,,,,,,,,,,,,,
,TFI PZU S.A.,inPZU Puls Życia 2030,2030,ASTRAZENECA PL,C (GB0009895292),regulowany,,London Stock,Exchange,6,090,Wielka Brytania,3,223,3,282,"0,29",,,,,90.0
,TFI PZU S.A.,inPZU Puls Życia 2030,2030,AUTOPARTN (PLA,TPRT00018),Aktywny ryn,ek - rynek,Główny Rynek,GPW,116,023,Polska,2,195,2,297,"0,20",,,,,23.0
,TFI PZU S.A.,inPZU Puls Życia 2030,2030,,,regulowany,,,,,,,,,,,,,,,,
,TFI PZU S.A.,inPZU Puls Życia 2030,2030,,,Aktywny ryn,ek - rynek,,,,,,,,,,,,,,,
,TFI PZU S.A.,inPZU Puls Życia 2030,2030,BAE Systems PLC,(GB0002634946),regulowany,,London Stock,Exchange,54,550,Wielka Brytania,2,591,3,226,"0,29",,,,,550.0
,TFI PZU S.A.,inPZU Puls Życia 2030,2030,BARRICK GO,LD (CA0679011084),Aktywny rynek,-,rynek,Toronto Stock,Exchange,9,593,Kanada,,915,,610,"0,05",,,,9.0
,TFI PZU S.A.,inPZU Puls Życia 2030,2030,,,regulowany,,,,,,,,,,,,,,,,
,TFI PZU S.A.,inPZU Puls Życia 2030,2030,,,Aktywny rynek,-,rynek,,,,,,,,,,,,,,
,TFI PZU S.A.,inPZU Puls Życia 2030,2030,BENEFIT (PL,BNFTS00018),regulowany,,,Główny Rynek,GPW,4,575,Polska,4,600,13,245,"1,18",,,,4.0
,TFI PZU S.A.,inPZU Puls Życia 2030,2030,,,Aktywny rynek,-,rynek,,,,,,,,,,,,,,
,TFI PZU S.A.,inPZU Puls Życia 2030,2030,BGZBNPP (P,LBGZ0000010),regulowany,,,Główny Rynek,GPW,4,250,Polska,,426,,362,"0,03",,,,4.0
,TFI PZU S.A.,inPZU Puls Życia 2030,2030,Bioceltix SA,(PLBCLTX00019),Aktywny rynek,-,rynek,Główny Rynek,GPW,21,177,Polska,1,213,1,855,"0,17",,,,21.0
,TFI PZU S.A.,inPZU Puls Życia 2030,2030,,,regulowany,,,,,,,,,,,,,,,,
,TFI PZU S.A.,inPZU Puls Życia 2030,2030,,,Aktywny rynek,-,rynek,,,,,,,,,,,,,,
,TFI PZU S.A.,inPZU Puls Życia 2030,2030,BUDIMEX (P,LBUDMX00013),regulowany,,,Główny Rynek,GPW,10,230,Polska,3,553,4,773,"0,43",,,,10.0
,TFI PZU S.A.,inPZU Puls Życia 2030,2030,,,Aktywny rynek,-,rynek,,,,,,,,,,,,,,
,TFI PZU S.A.,inPZU Puls Życia 2030,2030,CCC (PLCCC,0000016),regulowany,,,Główny Rynek,GPW,4,665,Polska,,168,,857,"0,08",,,,4.0
,TFI PZU S.A.,inPZU Puls Życia 2030,2030,,,Aktywny rynek,-,rynek,,,,,,,,,,,,,,
,TFI PZU S.A.,inPZU Puls Życia 2030,2030,CDPROJEKT,(PLOPTTC00011),regulowany,,,Główny Rynek,GPW,37,520,Polska,4,678,7,183,"0,64",,,,37.0
,TFI PZU S.A.,inPZU Puls Życia 2030,2030,,,Aktywny rynek,-,rynek,,,,,,,,,,,,,,
,TFI PZU S.A.,inPZU Puls Życia 2030,2030,Cie Financie,re Richemont SA (CH0210483332),regulowany,,,Six Swiss Exch,ange,3,150,Francja,1,976,1,971,"0,18",,,,3.0
,TFI PZU S.A.,inPZU Puls Życia 2030,2030,CREOTECH,(PLCRTCH00017),Aktywny rynek,-,rynek,Główny Rynek,GPW,11,126,Polska,1,752,1,925,"0,17",,,,11.0
,TFI PZU S.A.,inPZU Puls Życia 2030,2030,,,regulowany,,,,,,,,,,,,,,,,
,TFI PZU S.A.,inPZU Puls Życia 2030,2030,,,Aktywny rynek,-,rynek,,,,,,,,,,,,,,
,TFI PZU S.A.,inPZU Puls Życia 2030,2030,cyber_Folks,S.A. (PLR220000018),regulowany,,,Główny Rynek,GPW,12,836,Polska,1,008,1,932,"0,17",,,,12.0
,TFI PZU S.A.,inPZU Puls Życia 2030,2030,,,Aktywny rynek,-,rynek,,,,,,,,,,,,,,
,TFI PZU S.A.,inPZU Puls Życia 2030,2030,Datawalk SA,(PLPILAB00012),regulowany,,,Główny Rynek,GPW,6,832,Polska,1,119,,387,"0,03",,,,6.0
,TFI PZU S.A.,inPZU Puls Życia 2030,2030,,,Aktywny rynek,-,rynek,,,,,,,,,,,,,,
,TFI PZU S.A.,inPZU Puls Życia 2030,2030,DexCom Inc,(US2521311074),regulowany,,,NASDAQ Stock,Market,9,147,Stany Zjednoczone,4,156,2,917,"0,26",,,,9.0
,TFI PZU S.A.,inPZU Puls Życia 2030,2030,,,Aktywny rynek,-,rynek,,,,,,,,,,,,,,
,TFI PZU S.A.,inPZU Puls Życia 2030,2030,DINOPL (PL,DINPL00011),regulowany,,,Główny Rynek,GPW,31,260,Polska,10,452,12,185,"1,10",,,,31.0
,TFI PZU S.A.,inPZU Puls Życia 2030,2030,,,Aktywny rynek,-,rynek,,,,,,,,,,,,,,
,TFI PZU S.A.,inPZU Puls Życia 2030,2030,DOMDEV (P,LDMDVL00012),regulowany,,,Główny Rynek,GPW,13,087,Polska,1,852,2,384,"0,21",,,,13.0
,TFI PZU S.A.,inPZU Puls Życia 2030,2030,,,Aktywny rynek,-,rynek,,,,,,,,,,,,,,
,TFI PZU S.A.,inPZU Puls Życia 2030,2030,GRENEVIA (,PLFAMUR00012),regulowany,,,Główny Rynek,GPW,879,517,Polska,3,190,1,931,"0,17",,,,879.0
,TFI PZU S.A.,inPZU Puls Życia 2030,2030,,,Aktywny rynek,-,rynek,,,,,,,,,,,,,,
,TFI PZU S.A.,inPZU Puls Życia 2030,2030,Indra Sistem,as SA (ES0118594417),regulowany,,,Spanish Stock,Exchange,31,334,Hiszpania,1,761,2,287,"0,20",,,,31.0
,TFI PZU S.A.,inPZU Puls Życia 2030,2030,InPost SA (L,U2290522684),Aktywny rynek,-,rynek,Euronext Amst,erdam,62,568,Luksemburg,2,498,4,414,"0,39",,,,62.0
,TFI PZU S.A.,inPZU Puls Życia 2030,2030,,,regulowany,,,,,,,,,,,,,,,,
,TFI PZU S.A.,inPZU Puls Życia 2030,2030,,,Aktywny rynek,-,rynek,,,,,,,,,,,,,,
,TFI PZU S.A.,inPZU Puls Życia 2030,2030,Intuitive Sur,gical Inc (US46120E6023),regulowany,,,NASDAQ Stock,Market,2,061,Stany Zjednoczone,3,251,4,412,"0,39",,,,2.0
,TFI PZU S.A.,inPZU Puls Życia 2030,2030,,,Aktywny rynek,-,rynek,,,,,,,,,,,,,,
,TFI PZU S.A.,inPZU Puls Życia 2030,2030,Jeronimo Ma,rtins SGPS SA (PTJMT0AE0001),regulowany,,,Euronext Lisbo,n,61,240,Portugalia,5,146,4,828,"0,43",,,,61.0
,TFI PZU S.A.,inPZU Puls Życia 2035,2035,Subfunduszu PPK inPZU 20,35 wydzi,elonego w ramach,PPK inPZU Specjali,,,,,,,,,,,,,,,
,TFI PZU S.A.,inPZU Puls Życia 2035,2035,Funduszu Inwestycyjnego O,twarteg,o,,,,,,,,,,,,,,,,
,TFI PZU S.A.,inPZU Puls Życia 2035,2035,za okres od 1 stycznia 2024 r.,do 31 gru,dnia 2024 r.,,,,,,,,,,,,,,,,
,TFI PZU S.A.,inPZU Puls Życia 2035,2035,Zarząd TFI PZU SA:,,,,,,,,,,,,,,,,,,
,TFI PZU S.A.,inPZU Puls Życia 2035,2035,Tomasz Stadnik,Prezes Zarz,ądu,,,,,,,,,,,,,,,,
,TFI PZU S.A.,inPZU Puls Życia 2035,2035,,,,………………………………………,,,,,,,,,,,,,,,
,TFI PZU S.A.,inPZU Puls Życia 2035,2035,Tomasz Bilecki,Wiceprezes,Zarządu,,,,,,,,,,,,,,,,
,TFI PZU S.A.,inPZU Puls Życia 2035,2035,,,,………………………………………,,,,,,,,,,,,,,,
,TFI PZU S.A.,inPZU Puls Życia 2035,2035,Marcin Dobrzański,Wiceprezes,Zarządu,,,,,,,,,,,,,,,,
,TFI PZU S.A.,inPZU Puls Życia 2035,2035,,,,………………………………………,,,,,,,,,,,,,,,
,TFI PZU S.A.,inPZU Puls Życia 2035,2035,Marcin Jakubiak,Wiceprezes,Zarządu,,,,,,,,,,,,,,,,
,TFI PZU S.A.,inPZU Puls Życia 2035,2035,,,,………………………………………,,,,,,,,,,,,,,,
,TFI PZU S.A.,inPZU Puls Życia 2035,2035,Jarosław Leśniczak,Wiceprezes,Zarządu,,,,,,,,,,,,,,,,
,TFI PZU S.A.,inPZU Puls Życia 2035,2035,,,,………………………………………,,,,,,,,,,,,,,,
,TFI PZU S.A.,inPZU Puls Życia 2035,2035,Biuro Księgowości Fundu,szy TFI PZ,U SA:,,,,,,,,,,,,,,,,
,TFI PZU S.A.,inPZU Puls Życia 2035,2035,Marcin Bielecki,D,yrektor Biura,,,,,,,,,,,,,,,,
,TFI PZU S.A.,inPZU Puls Życia 2035,2035,,,,…………………………,,,,,,,,,,,,,,,
,TFI PZU S.A.,inPZU Puls Życia 2035,2035,"Warszawa, 24 marca 2025 r.",,,,,,,,,,,,,,,,,,
,TFI PZU S.A.,inPZU Puls Życia 2035,2035,Zarząd Towarzystwa Fu,nduszy Inwest,ycyjnych,PZU,S.A. zgodnie z Ust,awą z dnia 29 września 1994 r. o rachunkow,ości oraz,,,,,,,,,,,,
,TFI PZU S.A.,inPZU Puls Życia 2035,2035,Rozporządzeniem Minist,ra Finansów,z dnia,24 g,rudnia 2007 r. w,sprawie szczególnych zasad rachunkowości,funduszy,,,,,,,,,,,,
,TFI PZU S.A.,inPZU Puls Życia 2035,2035,inPZU Specjalistycznego,Funduszu Inw,estycyjn,ego O,"twartego, zwanego","dalej „Subfunduszem”, obejmujące:",,,,,,,,,,,,,
,TFI PZU S.A.,inPZU Puls Życia 2035,2035,I. Zestawienie lokat,według stanu,na 31 g,rudnia,"2024 r., z tabelam","i uzupełniającymi oraz dodatkowymi,",,,,,,,,,,,,,
,TFI PZU S.A.,inPZU Puls Życia 2035,2035,II. Bilans sporządzon,y na dzień 31,grudnia,2024,"r.,",,,,,,,,,,,,,,
,TFI PZU S.A.,inPZU Puls Życia 2035,2035,III. Rachunek wyniku,z operacji za,okres od,1 sty,cznia do 31 grudnia,"2024 r.,",,,,,,,,,,,,,
,TFI PZU S.A.,inPZU Puls Życia 2035,2035,IV. Zestawienie zmian,w aktywach,"netto,",,,,,,,,,,,,,,,,
,TFI PZU S.A.,inPZU Puls Życia 2035,2035,V. Noty objaśniające,",",,,,,,,,,,,,,,,,,
,TFI PZU S.A.,inPZU Puls Życia 2035,2035,VI. Informację dodat,kową.,,,,,,,,,,,,,,,,,
,TFI PZU S.A.,inPZU Puls Życia 2035,2035,ZEST,AWIENI,E LOKAT,,,,,,,,,,,,,,,,
,TFI PZU S.A.,inPZU Puls Życia 2035,2035,Zestawi,enie lokat,należy anali,zować łącznie,z notami objaś,niającymi,i informacją dodatko,"wą, k",tór,e stanowią integralną c,zęść prezentowanego s,pra,wozdan,ia jednostko,we,go.,,,
,TFI PZU S.A.,inPZU Puls Życia 2035,2035,Tabela,Główn,a,,,,,,,,,,,,,,,,
,TFI PZU S.A.,inPZU Puls Życia 2035,2035,,,,,,,31.1,2.202,4,,,,,31.12.202,3,,,,2.202
,TFI PZU S.A.,inPZU Puls Życia 2035,2035,,,SKŁADNIKI,LOKAT,W,artość we,Warto dług ceny,ść we,dłu,g Procentowy udzi,ał w Wartość według,ce,ny,Wartość we,dłu,g Procentowy,udzi,ał w,
,TFI PZU S.A.,inPZU Puls Życia 2035,2035,,,,,,nabycia,wycen w tys. zł bilanso,y na d wy w,zie tys,ń aktywach ogół . zł,em nabycia w tys,. zł,b,wyceny na d ilansowy w,zie tys,ń aktywach . zł,ogół,em,
,TFI PZU S.A.,inPZU Puls Życia 2035,2035,Akcje,,,,,,532 619,,620,988,"45,51",436,295,,510,691,,"53,63",
,TFI PZU S.A.,inPZU Puls Życia 2035,2035,Warrant,y subskrypc,yjne,,,,0,,,0,"0,00",,0,,,0,,"0,00",
,TFI PZU S.A.,inPZU Puls Życia 2035,2035,Prawa d,o akcji,,,,,0,,,0,"0,00",,845,,,962,,"0,10",
,TFI PZU S.A.,inPZU Puls Życia 2035,2035,Prawa p,oboru,,,,,0,,,0,"0,00",,0,,,0,,"0,00",
,TFI PZU S.A.,inPZU Puls Życia 2035,2035,Kwity de,pozytowe,,,,,0,,,0,"0,00",,0,,,0,,"0,00",
,TFI PZU S.A.,inPZU Puls Życia 2035,2035,Listy zas,tawne,,,,,8 018,,8,025,"0,59",3,000,,3,002,,"0,32",
,TFI PZU S.A.,inPZU Puls Życia 2035,2035,Dłużne p,apiery wart,ościowe,,,,647 618,,667,819,"48,95",392,063,,410,299,,"43,09",
,TFI PZU S.A.,inPZU Puls Życia 2035,2035,Instrum,enty pochod,ne,,,,0,,,563,"0,04",,0,,1,197,,"0,12",
,TFI PZU S.A.,inPZU Puls Życia 2035,2035,Udziały,w spółkach,z ograniczoną,odpowiedzialno,ścią,,0,,,0,"0,00",,0,,,0,,"0,00",
,TFI PZU S.A.,inPZU Puls Życia 2035,2035,Jednostk,i uczestnict,wa,,,,0,,,0,"0,00",,0,,,0,,"0,00",
,TFI PZU S.A.,inPZU Puls Życia 2035,2035,Certyfika,ty inwestyc,yjne,,,,0,,,0,"0,00",,0,,,0,,"0,00",
,TFI PZU S.A.,inPZU Puls Życia 2035,2035,Tytuły u,czestnictwa,emitowane p,rzez instytucje w,spólnego,,,,,,,,,,,,,,
,TFI PZU S.A.,inPZU Puls Życia 2035,2035,inwesto,wania mając,e siedzibę za,granicą,,,6 765,,6,740,"0,49",,0,,,0,,"0,00",
,TFI PZU S.A.,inPZU Puls Życia 2035,2035,Wierzyte,lności,,,,,0,,,0,"0,00",,0,,,0,,"0,00",
,TFI PZU S.A.,inPZU Puls Życia 2035,2035,Udzielon,e pożyczki,pieniężne,,,,0,,,0,"0,00",,0,,,0,,"0,00",
,TFI PZU S.A.,inPZU Puls Życia 2035,2035,Weksle,,,,,,0,,,0,"0,00",,0,,,0,,"0,00",
,TFI PZU S.A.,inPZU Puls Życia 2035,2035,Depozyt,y,,,,,0,,,0,"0,00",,0,,,0,,"0,00",
,TFI PZU S.A.,inPZU Puls Życia 2035,2035,Waluty,,,,,,0,,,0,"0,00",,0,,,0,,"0,00",
,TFI PZU S.A.,inPZU Puls Życia 2035,2035,Nierucho,mości,,,,,0,,,0,"0,00",,0,,,0,,"0,00",
,TFI PZU S.A.,inPZU Puls Życia 2035,2035,Statki m,orskie,,,,,0,,,0,"0,00",,0,,,0,,"0,00",
,TFI PZU S.A.,inPZU Puls Życia 2035,2035,Inne,,,,,,0,,,0,"0,00",,0,,,0,,"0,00",
,TFI PZU S.A.,inPZU Puls Życia 2035,2035,Razem,,,,,,1 195 020,1 3,04,135,"95,58 8",32,203,9,26,151,,"97,26",13.0
,TFI PZU S.A.,inPZU Puls Życia 2035,2035,W tabeli,prezentow,ane są instru,menty pochodne,posiadane przez,Subfundu,"sz, których wycena na",dzień,bila,nsowy jest dodatnia. Ko,mpletna informacja dotyczą,ca i,nstrume,ntów pochod,nych,posiadanych przez,Subf,undusz,
,TFI PZU S.A.,inPZU Puls Życia 2035,2035,znajduje,się w tabeli,uzupełniając,ej „Instrumenty,pochodne” oraz,w „Nocie 6,Instrumenty pochodne”,", w któ",ryc,h zaprezentowano także (,o ile takowe występowały),nie,wystanda,ryzowane ins,tru,"menty pochodne, któr",ych,wycena,
,TFI PZU S.A.,inPZU Puls Życia 2035,2035,na dzień,bilansowy,była ujemna i,która tym sam,ym została odnie,siona w z,obowiązania Subfundusz,u ora,z wy,standaryzowane instrum,"enty pochodne, których wa",rtoś,ć bilanso,wa wynosiła,zer,o z uwagi na dzienn,e roz,liczenia,
,TFI PZU S.A.,inPZU Puls Życia 2035,2035,,AKCJE,Rodzaj,rynku,Nazwa r,ynku Liczba,,,emitenta nabycia w tys,. z,wyceny na d ł bilansowy w,zie tys,ń aktywach ogółe . zł,m,,,,,
,TFI PZU S.A.,inPZU Puls Życia 2035,2035,,,Aktywny ryn,ek - rynek,,,,,,,,,,,,,,,
,TFI PZU S.A.,inPZU Puls Życia 2035,2035,adidas AG (DE000,A1EWWW0),regulowany,,Xetra,,6,910,Niemcy,5,402,6,992,"0,51",,,,,910.0
,TFI PZU S.A.,inPZU Puls Życia 2035,2035,,,Aktywny ryn,ek - rynek,,,,,,,,,,,,,,,
,TFI PZU S.A.,inPZU Puls Życia 2035,2035,Adobe Systems In,c (US00724F1012),regulowany,,NASDAQ Stock,Market,3,124,Stany Zjednoczone,6,810,5,697,"0,42",,,,,124.0
,TFI PZU S.A.,inPZU Puls Życia 2035,2035,,,Aktywny ryn,ek - rynek,,,,,,,,,,,,,,,
,TFI PZU S.A.,inPZU Puls Życia 2035,2035,Advanced Micro D,evices Inc (US0079031078),regulowany,,NASDAQ Stock,Market,12,295,Stany Zjednoczone,6,065,6,091,"0,45",,,,,295.0
,TFI PZU S.A.,inPZU Puls Życia 2035,2035,,,Aktywny ryn,ek - rynek,,,,,,,,,,,,,,,
,TFI PZU S.A.,inPZU Puls Życia 2035,2035,AGORA (PLAGORA,00067),regulowany,,Główny Rynek,GPW,123,737,Polska,1,427,1,219,"0,09",,,,,737.0
,TFI PZU S.A.,inPZU Puls Życia 2035,2035,,,Aktywny ryn,ek - rynek,,,,,,,,,,,,,,,
,TFI PZU S.A.,inPZU Puls Życia 2035,2035,ALIOR (PLALIOR0,0045),regulowany,,Główny Rynek,GPW,4,562,Polska,,298,,392,"0,03",,,,,562.0
,TFI PZU S.A.,inPZU Puls Życia 2035,2035,,,Aktywny ryn,ek - rynek,,,,,,,,,,,,,,,
,TFI PZU S.A.,inPZU Puls Życia 2035,2035,Allegro.eu SA (LU,2237380790),regulowany,,Główny Rynek,GPW,788,650,Luksemburg,22,360,21,357,"1,57",,,,,650.0
,TFI PZU S.A.,inPZU Puls Życia 2035,2035,,,Aktywny ryn,ek - rynek,,,,,,,,,,,,,,,
,TFI PZU S.A.,inPZU Puls Życia 2035,2035,Alphabet Inc (US0,2079K3059),regulowany,,NASDAQ Stock,Market,11,060,Stany Zjednoczone,5,835,8,587,"0,63",,,,,60.0
,TFI PZU S.A.,inPZU Puls Życia 2035,2035,,,Aktywny ryn,ek - rynek,,,,,,,,,,,,,,,
,TFI PZU S.A.,inPZU Puls Życia 2035,2035,Amazon.com Inc (,US0231351067),regulowany,,NASDAQ Stock,Market,11,085,Stany Zjednoczone,8,165,9,974,"0,73",,,,,85.0
,TFI PZU S.A.,inPZU Puls Życia 2035,2035,,,Aktywny ryn,ek - rynek,,,,,,,,,,,,,,,
,TFI PZU S.A.,inPZU Puls Życia 2035,2035,Anglo American P,LC (GB00B1XZS820),regulowany,,London Stock,Exchange,53,580,Wielka Brytania,7,773,6,522,"0,48",,,,,580.0
,TFI PZU S.A.,inPZU Puls Życia 2035,2035,,,Aktywny ryn,ek - rynek,,,,,,,,,,,,,,,
,TFI PZU S.A.,inPZU Puls Życia 2035,2035,Apple Inc (US037,8331005),regulowany,,NASDAQ Stock,Market,7,838,Stany Zjednoczone,6,309,8,050,"0,59",,,,,838.0
,TFI PZU S.A.,inPZU Puls Życia 2035,2035,,,Aktywny ryn,ek - rynek,,,,,,,,,,,,,,,
,TFI PZU S.A.,inPZU Puls Życia 2035,2035,Archicom SA (PLA,RHCM00016),regulowany,,Główny Rynek,GPW,225,264,Polska,5,271,9,236,"0,68",,,,,264.0
,TFI PZU S.A.,inPZU Puls Życia 2035,2035,,,Aktywny ryn,ek - rynek,,,,,,,,,,,,,,,
,TFI PZU S.A.,inPZU Puls Życia 2035,2035,ASML Holding NV,(NL0010273215),regulowany,,Euronext Ams,terdam,1,872,Holandia,5,204,5,429,"0,40",,,,,872.0
,TFI PZU S.A.,inPZU Puls Życia 2035,2035,,,Aktywny ryn,ek - rynek,,,,,,,,,,,,,,,
,TFI PZU S.A.,inPZU Puls Życia 2035,2035,ASSECOSEE (PLAS,SEE00014),regulowany,,Główny Rynek,GPW,48,712,Polska,2,127,2,387,"0,17",,,,,712.0
,TFI PZU S.A.,inPZU Puls Życia 2035,2035,,,Aktywny ryn,ek - rynek,,,,,,,,,,,,,,,
,TFI PZU S.A.,inPZU Puls Życia 2035,2035,ASTRAZENECA PL,C (GB0009895292),regulowany,,London Stock,Exchange,11,350,Wielka Brytania,6,002,6,117,"0,45",,,,,350.0
,TFI PZU S.A.,inPZU Puls Życia 2035,2035,AUTOPARTN (PLA,TPRT00018),Aktywny ryn,ek - rynek,Główny Rynek,GPW,213,010,Polska,4,064,4,218,"0,31",,,,,10.0
,TFI PZU S.A.,inPZU Puls Życia 2035,2035,,,regulowany,,,,,,,,,,,,,,,,
,TFI PZU S.A.,inPZU Puls Życia 2035,2035,,,Aktywny ryn,ek - rynek,,,,,,,,,,,,,,,
,TFI PZU S.A.,inPZU Puls Życia 2035,2035,BAE Systems PLC,(GB0002634946),regulowany,,London Stock,Exchange,101,640,Wielka Brytania,4,859,6,010,"0,44",,,,,640.0
,TFI PZU S.A.,inPZU Puls Życia 2035,2035,BARRICK GO,LD (CA0679011084),Aktywny rynek,-,rynek,Toronto Stock,Exchange,15,908,Kanada,1,518,1,012,"0,07",,,,15.0
,TFI PZU S.A.,inPZU Puls Życia 2035,2035,,,regulowany,,,,,,,,,,,,,,,,
,TFI PZU S.A.,inPZU Puls Życia 2035,2035,,,Aktywny rynek,-,rynek,,,,,,,,,,,,,,
,TFI PZU S.A.,inPZU Puls Życia 2035,2035,BENEFIT (PL,BNFTS00018),regulowany,,,Główny Rynek,GPW,8,680,Polska,9,474,25,130,"1,84",,,,8.0
,TFI PZU S.A.,inPZU Puls Życia 2035,2035,,,Aktywny rynek,-,rynek,,,,,,,,,,,,,,
,TFI PZU S.A.,inPZU Puls Życia 2035,2035,BGZBNPP (P,LBGZ0000010),regulowany,,,Główny Rynek,GPW,26,050,Polska,2,609,2,219,"0,16",,,,26.0
,TFI PZU S.A.,inPZU Puls Życia 2035,2035,Bioceltix SA,(PLBCLTX00019),Aktywny rynek,-,rynek,Główny Rynek,GPW,38,828,Polska,2,224,3,401,"0,25",,,,38.0
,TFI PZU S.A.,inPZU Puls Życia 2035,2035,,,regulowany,,,,,,,,,,,,,,,,
,TFI PZU S.A.,inPZU Puls Życia 2035,2035,,,Aktywny rynek,-,rynek,,,,,,,,,,,,,,
,TFI PZU S.A.,inPZU Puls Życia 2035,2035,BUDIMEX (P,LBUDMX00013),regulowany,,,Główny Rynek,GPW,18,783,Polska,6,677,8,764,"0,64",,,,18.0
,TFI PZU S.A.,inPZU Puls Życia 2035,2035,,,Aktywny rynek,-,rynek,,,,,,,,,,,,,,
,TFI PZU S.A.,inPZU Puls Życia 2035,2035,CCC (PLCCC,0000016),regulowany,,,Główny Rynek,GPW,18,351,Polska,,739,3,373,"0,25",,,,18.0
,TFI PZU S.A.,inPZU Puls Życia 2035,2035,,,Aktywny rynek,-,rynek,,,,,,,,,,,,,,
,TFI PZU S.A.,inPZU Puls Życia 2035,2035,CDPROJEKT,(PLOPTTC00011),regulowany,,,Główny Rynek,GPW,94,957,Polska,12,925,18,180,"1,33",,,,94.0
,TFI PZU S.A.,inPZU Puls Życia 2035,2035,,,Aktywny rynek,-,rynek,,,,,,,,,,,,,,
,TFI PZU S.A.,inPZU Puls Życia 2035,2035,Cie Financie,re Richemont SA (CH0210483332),regulowany,,,Six Swiss Exch,ange,5,710,Francja,3,587,3,573,"0,26",,,,5.0
,TFI PZU S.A.,inPZU Puls Życia 2035,2035,CREOTECH,(PLCRTCH00017),Aktywny rynek,-,rynek,Główny Rynek,GPW,20,769,Polska,3,277,3,593,"0,26",,,,20.0
,TFI PZU S.A.,inPZU Puls Życia 2035,2035,,,regulowany,,,,,,,,,,,,,,,,
,TFI PZU S.A.,inPZU Puls Życia 2035,2035,,,Aktywny rynek,-,rynek,,,,,,,,,,,,,,
,TFI PZU S.A.,inPZU Puls Życia 2035,2035,cyber_Folks,S.A. (PLR220000018),regulowany,,,Główny Rynek,GPW,24,475,Polska,1,942,3,683,"0,27",,,,24.0
,TFI PZU S.A.,inPZU Puls Życia 2035,2035,,,Aktywny rynek,-,rynek,,,,,,,,,,,,,,
,TFI PZU S.A.,inPZU Puls Życia 2035,2035,Datawalk SA,(PLPILAB00012),regulowany,,,Główny Rynek,GPW,11,950,Polska,1,945,,676,"0,05",,,,11.0
,TFI PZU S.A.,inPZU Puls Życia 2035,2035,,,Aktywny rynek,-,rynek,,,,,,,,,,,,,,
,TFI PZU S.A.,inPZU Puls Życia 2035,2035,DexCom Inc,(US2521311074),regulowany,,,NASDAQ Stock,Market,16,848,Stany Zjednoczone,7,640,5,374,"0,39",,,,16.0
,TFI PZU S.A.,inPZU Puls Życia 2035,2035,,,Aktywny rynek,-,rynek,,,,,,,,,,,,,,
,TFI PZU S.A.,inPZU Puls Życia 2035,2035,DINOPL (PL,DINPL00011),regulowany,,,Główny Rynek,GPW,68,649,Polska,23,851,26,759,"1,96",,,,68.0
,TFI PZU S.A.,inPZU Puls Życia 2035,2035,,,Aktywny rynek,-,rynek,,,,,,,,,,,,,,
,TFI PZU S.A.,inPZU Puls Życia 2035,2035,DOMDEV (P,LDMDVL00012),regulowany,,,Główny Rynek,GPW,23,992,Polska,3,401,4,371,"0,32",,,,23.0
,TFI PZU S.A.,inPZU Puls Życia 2035,2035,,,Aktywny rynek,-,rynek,,,,,,,,,,,,,,
,TFI PZU S.A.,inPZU Puls Życia 2035,2035,GRENEVIA (,PLFAMUR00012),regulowany,,,Główny Rynek,GPW 1,627,083,Polska,5,881,3,571,"0,26",,,,627.0
,TFI PZU S.A.,inPZU Puls Życia 2035,2035,,,Aktywny rynek,-,rynek,,,,,,,,,,,,,,
,TFI PZU S.A.,inPZU Puls Życia 2035,2035,Indra Sistem,as SA (ES0118594417),regulowany,,,Spanish Stock,Exchange,56,704,Hiszpania,3,188,4,138,"0,30",,,,56.0
,TFI PZU S.A.,inPZU Puls Życia 2035,2035,InPost SA (L,U2290522684),Aktywny rynek,-,rynek,Euronext Amst,erdam,114,181,Luksemburg,4,600,8,055,"0,59",,,,114.0
,TFI PZU S.A.,inPZU Puls Życia 2035,2035,,,regulowany,,,,,,,,,,,,,,,,
,TFI PZU S.A.,inPZU Puls Życia 2035,2035,,,Aktywny rynek,-,rynek,,,,,,,,,,,,,,
,TFI PZU S.A.,inPZU Puls Życia 2035,2035,Intuitive Sur,gical Inc (US46120E6023),regulowany,,,NASDAQ Stock,Market,3,777,Stany Zjednoczone,5,958,8,085,"0,59",,,,3.0
,TFI PZU S.A.,inPZU Puls Życia 2035,2035,,,Aktywny rynek,-,rynek,,,,,,,,,,,,,,
,TFI PZU S.A.,inPZU Puls Życia 2035,2035,Jeronimo Ma,rtins SGPS SA (PTJMT0AE0001),regulowany,,,Euronext Lisbo,n,114,100,Portugalia,9,619,8,995,"0,66",,,,114.0
,TFI PZU S.A.,inPZU Puls Życia 2040,2040,Subfunduszu PPK inPZU 20,40 wydzi,elonego w ramach,PPK inPZU Specjali,,,,,,,,,,,,,,,
,TFI PZU S.A.,inPZU Puls Życia 2040,2040,Funduszu Inwestycyjnego O,twarteg,o,,,,,,,,,,,,,,,,
,TFI PZU S.A.,inPZU Puls Życia 2040,2040,za okres od 1 stycznia 2024 r.,do 31 gru,dnia 2024 r.,,,,,,,,,,,,,,,,
,TFI PZU S.A.,inPZU Puls Życia 2040,2040,Zarząd TFI PZU SA:,,,,,,,,,,,,,,,,,,
,TFI PZU S.A.,inPZU Puls Życia 2040,2040,Tomasz Stadnik,Prezes Zarz,ądu,,,,,,,,,,,,,,,,
,TFI PZU S.A.,inPZU Puls Życia 2040,2040,,,,………………………………………,,,,,,,,,,,,,,,
,TFI PZU S.A.,inPZU Puls Życia 2040,2040,Tomasz Bilecki,Wiceprezes,Zarządu,,,,,,,,,,,,,,,,
,TFI PZU S.A.,inPZU Puls Życia 2040,2040,,,,………………………………………,,,,,,,,,,,,,,,
,TFI PZU S.A.,inPZU Puls Życia 2040,2040,Marcin Dobrzański,Wiceprezes,Zarządu,,,,,,,,,,,,,,,,
,TFI PZU S.A.,inPZU Puls Życia 2040,2040,,,,………………………………………,,,,,,,,,,,,,,,
,TFI PZU S.A.,inPZU Puls Życia 2040,2040,Marcin Jakubiak,Wiceprezes,Zarządu,,,,,,,,,,,,,,,,
,TFI PZU S.A.,inPZU Puls Życia 2040,2040,,,,………………………………………,,,,,,,,,,,,,,,
,TFI PZU S.A.,inPZU Puls Życia 2040,2040,Jarosław Leśniczak,Wiceprezes,Zarządu,,,,,,,,,,,,,,,,
,TFI PZU S.A.,inPZU Puls Życia 2040,2040,,,,………………………………………,,,,,,,,,,,,,,,
,TFI PZU S.A.,inPZU Puls Życia 2040,2040,Biuro Księgowości Fundu,szy TFI PZ,U SA:,,,,,,,,,,,,,,,,
,TFI PZU S.A.,inPZU Puls Życia 2040,2040,Marcin Bielecki,D,yrektor Biura,,,,,,,,,,,,,,,,
,TFI PZU S.A.,inPZU Puls Życia 2040,2040,,,,…………………………,,,,,,,,,,,,,,,
,TFI PZU S.A.,inPZU Puls Życia 2040,2040,"Warszawa, 24 marca 2025 r.",,,,,,,,,,,,,,,,,,
,TFI PZU S.A.,inPZU Puls Życia 2040,2040,Zarząd Towarzystwa Fu,nduszy Inwest,ycyjnych,PZU,S.A. zgodnie z Ust,awą z dnia 29 września 1994 r. o rachunkow,ości oraz,,,,,,,,,,,,
,TFI PZU S.A.,inPZU Puls Życia 2040,2040,Rozporządzeniem Minist,ra Finansów,z dnia,24 g,rudnia 2007 r. w,sprawie szczególnych zasad rachunkowości,funduszy,,,,,,,,,,,,
,TFI PZU S.A.,inPZU Puls Życia 2040,2040,inPZU Specjalistycznego,Funduszu Inw,estycyjn,ego O,"twartego, zwanego","dalej „Subfunduszem”, obejmujące:",,,,,,,,,,,,,
,TFI PZU S.A.,inPZU Puls Życia 2040,2040,I. Zestawienie lokat,według stanu,na 31 g,rudnia,"2024 r., z tabelam","i uzupełniającymi oraz dodatkowymi,",,,,,,,,,,,,,
,TFI PZU S.A.,inPZU Puls Życia 2040,2040,II. Bilans sporządzon,y na dzień 31,grudnia,2024,"r.,",,,,,,,,,,,,,,
,TFI PZU S.A.,inPZU Puls Życia 2040,2040,III. Rachunek wyniku,z operacji za,okres od,1 sty,cznia do 31 grudnia,"2024 r.,",,,,,,,,,,,,,
,TFI PZU S.A.,inPZU Puls Życia 2040,2040,IV. Zestawienie zmian,w aktywach,"netto,",,,,,,,,,,,,,,,,
,TFI PZU S.A.,inPZU Puls Życia 2040,2040,V. Noty objaśniające,",",,,,,,,,,,,,,,,,,
,TFI PZU S.A.,inPZU Puls Życia 2040,2040,VI. Informację dodat,kową.,,,,,,,,,,,,,,,,,
,TFI PZU S.A.,inPZU Puls Życia 2040,2040,ZEST,AWIENI,E LOKAT,,,,,,,,,,,,,,,,
,TFI PZU S.A.,inPZU Puls Życia 2040,2040,Zestawi,enie lokat,należy anali,zować łącznie,z notami objaś,niającymi,i informacją dodatko,"wą, k",tór,e stanowią integralną c,zęść prezentowanego s,pra,wozdan,ia jednostko,we,go.,,,
,TFI PZU S.A.,inPZU Puls Życia 2040,2040,Tabela,Główn,a,,,,,,,,,,,,,,,,
,TFI PZU S.A.,inPZU Puls Życia 2040,2040,,,,,,,31.1,2.202,4,,,,,31.12.202,3,,,,2.202
,TFI PZU S.A.,inPZU Puls Życia 2040,2040,,,SKŁADNIKI,LOKAT,W,artość we,Warto dług ceny,ść we,dłu,g Procentowy udzi,ał w Wartość według,ce,ny,Wartość we,dłu,g Procentowy,udzi,ał w,
,TFI PZU S.A.,inPZU Puls Życia 2040,2040,,,,,,nabycia,wycen w tys. zł bilanso,y na d wy w,zie tys,ń aktywach ogół . zł,em nabycia w tys,. zł,b,wyceny na d ilansowy w,zie tys,ń aktywach . zł,ogół,em,
,TFI PZU S.A.,inPZU Puls Życia 2040,2040,Akcje,,,,,,565 210,,651,705,"49,71",417,731,,488,652,,"54,70",
,TFI PZU S.A.,inPZU Puls Życia 2040,2040,Warrant,y subskrypc,yjne,,,,0,,,0,"0,00",,0,,,0,,"0,00",
,TFI PZU S.A.,inPZU Puls Życia 2040,2040,Prawa d,o akcji,,,,,0,,,0,"0,00",,808,,,921,,"0,10",
,TFI PZU S.A.,inPZU Puls Życia 2040,2040,Prawa p,oboru,,,,,0,,,0,"0,00",,0,,,0,,"0,00",
,TFI PZU S.A.,inPZU Puls Życia 2040,2040,Kwity de,pozytowe,,,,,0,,,0,"0,00",,0,,,0,,"0,00",
,TFI PZU S.A.,inPZU Puls Życia 2040,2040,Listy zas,tawne,,,,,7 518,,7,526,"0,58",3,000,,3,002,,"0,34",
,TFI PZU S.A.,inPZU Puls Życia 2040,2040,Dłużne p,apiery wart,ościowe,,,,604 013,,623,153,"47,53",366,370,,383,549,,"42,93",
,TFI PZU S.A.,inPZU Puls Życia 2040,2040,Instrum,enty pochod,ne,,,,0,,,500,"0,04",,0,,1,128,,"0,12",
,TFI PZU S.A.,inPZU Puls Życia 2040,2040,Udziały,w spółkach,z ograniczoną,odpowiedzialno,ścią,,0,,,0,"0,00",,0,,,0,,"0,00",
,TFI PZU S.A.,inPZU Puls Życia 2040,2040,Jednostk,i uczestnict,wa,,,,0,,,0,"0,00",,0,,,0,,"0,00",
,TFI PZU S.A.,inPZU Puls Życia 2040,2040,Certyfika,ty inwestyc,yjne,,,,0,,,0,"0,00",,0,,,0,,"0,00",
,TFI PZU S.A.,inPZU Puls Życia 2040,2040,Tytuły u,czestnictwa,emitowane p,rzez instytucje w,spólnego,,,,,,,,,,,,,,
,TFI PZU S.A.,inPZU Puls Życia 2040,2040,inwesto,wania mając,e siedzibę za,granicą,,,6 906,,6,829,"0,52",,0,,,0,,"0,00",
,TFI PZU S.A.,inPZU Puls Życia 2040,2040,Wierzyte,lności,,,,,0,,,0,"0,00",,0,,,0,,"0,00",
,TFI PZU S.A.,inPZU Puls Życia 2040,2040,Udzielon,e pożyczki,pieniężne,,,,0,,,0,"0,00",,0,,,0,,"0,00",
,TFI PZU S.A.,inPZU Puls Życia 2040,2040,Weksle,,,,,,0,,,0,"0,00",,0,,,0,,"0,00",
,TFI PZU S.A.,inPZU Puls Życia 2040,2040,Depozyt,y,,,,,0,,,0,"0,00",,0,,,0,,"0,00",
,TFI PZU S.A.,inPZU Puls Życia 2040,2040,Waluty,,,,,,0,,,0,"0,00",,0,,,0,,"0,00",
,TFI PZU S.A.,inPZU Puls Życia 2040,2040,Nierucho,mości,,,,,0,,,0,"0,00",,0,,,0,,"0,00",
,TFI PZU S.A.,inPZU Puls Życia 2040,2040,Statki m,orskie,,,,,0,,,0,"0,00",,0,,,0,,"0,00",
,TFI PZU S.A.,inPZU Puls Życia 2040,2040,Inne,,,,,,0,,,0,"0,00",,0,,,0,,"0,00",
,TFI PZU S.A.,inPZU Puls Życia 2040,2040,Razem,,,,,,1 183 647,1 2,89,713,"98,38 7",87,909,8,77,252,,"98,19",12.0
,TFI PZU S.A.,inPZU Puls Życia 2040,2040,W tabeli,prezentow,ane są instru,menty pochodne,posiadane przez,Subfundu,"sz, których wycena na",dzień,bila,nsowy jest dodatnia. Ko,mpletna informacja dotyczą,ca i,nstrume,ntów pochod,nych,posiadanych przez,Subf,undusz,
,TFI PZU S.A.,inPZU Puls Życia 2040,2040,znajduje,się w tabeli,uzupełniając,ej „Instrumenty,pochodne” oraz,w „Nocie 6,Instrumenty pochodne”,", w któ",ryc,h zaprezentowano także (,o ile takowe występowały),nie,wystanda,ryzowane ins,tru,"menty pochodne, któr",ych,wycena,
,TFI PZU S.A.,inPZU Puls Życia 2040,2040,na dzień,bilansowy,była ujemna i,która tym sam,ym została odnie,siona w z,obowiązania Subfundusz,u ora,z wy,standaryzowane instrum,"enty pochodne, których wa",rtoś,ć bilanso,wa wynosiła,zer,o z uwagi na dzienn,e roz,liczenia,
,TFI PZU S.A.,inPZU Puls Życia 2040,2040,,AKCJE,Rodzaj,rynku,Nazwa r,ynku Liczba,,,emitenta nabycia w tys,. z,wyceny na d ł bilansowy w,zie tys,ń aktywach ogółe . zł,m,,,,,
,TFI PZU S.A.,inPZU Puls Życia 2040,2040,,,Aktywny ryn,ek - rynek,,,,,,,,,,,,,,,
,TFI PZU S.A.,inPZU Puls Życia 2040,2040,adidas AG (DE000,A1EWWW0),regulowany,,Xetra,,6,610,Niemcy,5,167,6,688,"0,51",,,,,610.0
,TFI PZU S.A.,inPZU Puls Życia 2040,2040,,,Aktywny ryn,ek - rynek,,,,,,,,,,,,,,,
,TFI PZU S.A.,inPZU Puls Życia 2040,2040,Adobe Systems In,c (US00724F1012),regulowany,,NASDAQ Stock,Market,3,011,Stany Zjednoczone,6,563,5,491,"0,42",,,,,11.0
,TFI PZU S.A.,inPZU Puls Życia 2040,2040,,,Aktywny ryn,ek - rynek,,,,,,,,,,,,,,,
,TFI PZU S.A.,inPZU Puls Życia 2040,2040,Advanced Micro D,evices Inc (US0079031078),regulowany,,NASDAQ Stock,Market,11,850,Stany Zjednoczone,5,858,5,870,"0,45",,,,,850.0
,TFI PZU S.A.,inPZU Puls Życia 2040,2040,,,Aktywny ryn,ek - rynek,,,,,,,,,,,,,,,
,TFI PZU S.A.,inPZU Puls Życia 2040,2040,AGORA (PLAGORA,00067),regulowany,,Główny Rynek,GPW,156,433,Polska,1,834,1,541,"0,12",,,,,433.0
,TFI PZU S.A.,inPZU Puls Życia 2040,2040,,,Aktywny ryn,ek - rynek,,,,,,,,,,,,,,,
,TFI PZU S.A.,inPZU Puls Życia 2040,2040,ALIOR (PLALIOR0,0045),regulowany,,Główny Rynek,GPW,4,147,Polska,,271,,357,"0,03",,,,,147.0
,TFI PZU S.A.,inPZU Puls Życia 2040,2040,,,Aktywny ryn,ek - rynek,,,,,,,,,,,,,,,
,TFI PZU S.A.,inPZU Puls Życia 2040,2040,Allegro.eu SA (LU,2237380790),regulowany,,Główny Rynek,GPW,758,073,Luksemburg,21,510,20,529,"1,57",,,,,73.0
,TFI PZU S.A.,inPZU Puls Życia 2040,2040,,,Aktywny ryn,ek - rynek,,,,,,,,,,,,,,,
,TFI PZU S.A.,inPZU Puls Życia 2040,2040,Alphabet Inc (US0,2079K3059),regulowany,,NASDAQ Stock,Market,10,330,Stany Zjednoczone,5,452,8,020,"0,61",,,,,330.0
,TFI PZU S.A.,inPZU Puls Życia 2040,2040,,,Aktywny ryn,ek - rynek,,,,,,,,,,,,,,,
,TFI PZU S.A.,inPZU Puls Życia 2040,2040,Amazon.com Inc (,US0231351067),regulowany,,NASDAQ Stock,Market,10,680,Stany Zjednoczone,7,866,9,609,"0,73",,,,,680.0
,TFI PZU S.A.,inPZU Puls Życia 2040,2040,,,Aktywny ryn,ek - rynek,,,,,,,,,,,,,,,
,TFI PZU S.A.,inPZU Puls Życia 2040,2040,Anglo American P,LC (GB00B1XZS820),regulowany,,London Stock,Exchange,64,410,Wielka Brytania,8,850,7,840,"0,60",,,,,410.0
,TFI PZU S.A.,inPZU Puls Życia 2040,2040,,,Aktywny ryn,ek - rynek,,,,,,,,,,,,,,,
,TFI PZU S.A.,inPZU Puls Życia 2040,2040,Apple Inc (US037,8331005),regulowany,,NASDAQ Stock,Market,7,552,Stany Zjednoczone,6,080,7,756,"0,59",,,,,552.0
,TFI PZU S.A.,inPZU Puls Życia 2040,2040,,,Aktywny ryn,ek - rynek,,,,,,,,,,,,,,,
,TFI PZU S.A.,inPZU Puls Życia 2040,2040,Archicom SA (PLA,RHCM00016),regulowany,,Główny Rynek,GPW,273,844,Polska,7,438,11,228,"0,86",,,,,844.0
,TFI PZU S.A.,inPZU Puls Życia 2040,2040,,,Aktywny ryn,ek - rynek,,,,,,,,,,,,,,,
,TFI PZU S.A.,inPZU Puls Życia 2040,2040,ASML Holding NV,(NL0010273215),regulowany,,Euronext Ams,terdam,1,787,Holandia,4,960,5,182,"0,40",,,,,787.0
,TFI PZU S.A.,inPZU Puls Życia 2040,2040,,,Aktywny ryn,ek - rynek,,,,,,,,,,,,,,,
,TFI PZU S.A.,inPZU Puls Życia 2040,2040,ASSECOSEE (PLAS,SEE00014),regulowany,,Główny Rynek,GPW,46,570,Polska,2,033,2,282,"0,17",,,,,570.0
,TFI PZU S.A.,inPZU Puls Życia 2040,2040,,,Aktywny ryn,ek - rynek,,,,,,,,,,,,,,,
,TFI PZU S.A.,inPZU Puls Życia 2040,2040,ASTRAZENECA PL,C (GB0009895292),regulowany,,London Stock,Exchange,10,850,Wielka Brytania,5,738,5,848,"0,45",,,,,850.0
,TFI PZU S.A.,inPZU Puls Życia 2040,2040,AUTOPARTN (PLA,TPRT00018),Aktywny ryn,ek - rynek,Główny Rynek,GPW,203,701,Polska,3,884,4,033,"0,31",,,,,701.0
,TFI PZU S.A.,inPZU Puls Życia 2040,2040,,,regulowany,,,,,,,,,,,,,,,,
,TFI PZU S.A.,inPZU Puls Życia 2040,2040,,,Aktywny ryn,ek - rynek,,,,,,,,,,,,,,,
,TFI PZU S.A.,inPZU Puls Życia 2040,2040,BAE Systems PLC,(GB0002634946),regulowany,,London Stock,Exchange,97,190,Wielka Brytania,4,644,5,747,"0,44",,,,,190.0
,TFI PZU S.A.,inPZU Puls Życia 2040,2040,BARRICK GO,LD (CA0679011084),Aktywny rynek,-,rynek,Toronto Stock,Exchange,15,825,Kanada,1,510,1,007,"0,08",,,,15.0
,TFI PZU S.A.,inPZU Puls Życia 2040,2040,,,regulowany,,,,,,,,,,,,,,,,
,TFI PZU S.A.,inPZU Puls Życia 2040,2040,,,Aktywny rynek,-,rynek,,,,,,,,,,,,,,
,TFI PZU S.A.,inPZU Puls Życia 2040,2040,BENEFIT (PL,BNFTS00018),regulowany,,,Główny Rynek,GPW,8,812,Polska,10,730,25,511,"1,95",,,,8.0
,TFI PZU S.A.,inPZU Puls Życia 2040,2040,,,Aktywny rynek,-,rynek,,,,,,,,,,,,,,
,TFI PZU S.A.,inPZU Puls Życia 2040,2040,BGZBNPP (P,LBGZ0000010),regulowany,,,Główny Rynek,GPW,45,000,Polska,4,507,3,834,"0,29",,,,45.0
,TFI PZU S.A.,inPZU Puls Życia 2040,2040,Bioceltix SA (,PLBCLTX00019),Aktywny rynek,-,rynek,Główny Rynek,GPW,37,405,Polska,2,143,3,277,"0,25",,,,37.0
,TFI PZU S.A.,inPZU Puls Życia 2040,2040,,,regulowany,,,,,,,,,,,,,,,,
,TFI PZU S.A.,inPZU Puls Życia 2040,2040,,,Aktywny rynek,-,rynek,,,,,,,,,,,,,,
,TFI PZU S.A.,inPZU Puls Życia 2040,2040,BUDIMEX (P,LBUDMX00013),regulowany,,,Główny Rynek,GPW,18,103,Polska,6,463,8,447,"0,64",,,,18.0
,TFI PZU S.A.,inPZU Puls Życia 2040,2040,,,Aktywny rynek,-,rynek,,,,,,,,,,,,,,
,TFI PZU S.A.,inPZU Puls Życia 2040,2040,CCC (PLCCC0,000016),regulowany,,,Główny Rynek,GPW,42,880,Polska,1,871,7,881,"0,60",,,,42.0
,TFI PZU S.A.,inPZU Puls Życia 2040,2040,,,Aktywny rynek,-,rynek,,,,,,,,,,,,,,
,TFI PZU S.A.,inPZU Puls Życia 2040,2040,CDPROJEKT,(PLOPTTC00011),regulowany,,,Główny Rynek,GPW,112,690,Polska,16,297,21,576,"1,65",,,,112.0
,TFI PZU S.A.,inPZU Puls Życia 2040,2040,,,Aktywny rynek,-,rynek,,,,,,,,,,,,,,
,TFI PZU S.A.,inPZU Puls Życia 2040,2040,Cie Financier,e Richemont SA (CH0210483332),regulowany,,,Six Swiss Exch,ange,5,470,Francja,3,439,3,422,"0,26",,,,5.0
,TFI PZU S.A.,inPZU Puls Życia 2040,2040,CREOTECH (,PLCRTCH00017),Aktywny rynek,-,rynek,Główny Rynek,GPW,19,825,Polska,3,120,3,430,"0,26",,,,19.0
,TFI PZU S.A.,inPZU Puls Życia 2040,2040,,,regulowany,,,,,,,,,,,,,,,,
,TFI PZU S.A.,inPZU Puls Życia 2040,2040,,,Aktywny rynek,-,rynek,,,,,,,,,,,,,,
,TFI PZU S.A.,inPZU Puls Życia 2040,2040,cyber_Folks,S.A. (PLR220000018),regulowany,,,Główny Rynek,GPW,23,916,Polska,1,885,3,599,"0,27",,,,23.0
,TFI PZU S.A.,inPZU Puls Życia 2040,2040,,,Aktywny rynek,-,rynek,,,,,,,,,,,,,,
,TFI PZU S.A.,inPZU Puls Życia 2040,2040,Daimler AG (,DE0007100000),regulowany,,,Xetra,,11,090,Niemcy,3,528,2,549,"0,19",,,,11.0
,TFI PZU S.A.,inPZU Puls Życia 2040,2040,,,Aktywny rynek,-,rynek,,,,,,,,,,,,,,
,TFI PZU S.A.,inPZU Puls Życia 2040,2040,Datawalk SA,(PLPILAB00012),regulowany,,,Główny Rynek,GPW,11,445,Polska,1,869,,648,"0,05",,,,11.0
,TFI PZU S.A.,inPZU Puls Życia 2040,2040,,,Aktywny rynek,-,rynek,,,,,,,,,,,,,,
,TFI PZU S.A.,inPZU Puls Życia 2040,2040,DexCom Inc,(US2521311074),regulowany,,,NASDAQ Stock,Market,16,226,Stany Zjednoczone,7,359,5,175,"0,39",,,,16.0
,TFI PZU S.A.,inPZU Puls Życia 2040,2040,,,Aktywny rynek,-,rynek,,,,,,,,,,,,,,
,TFI PZU S.A.,inPZU Puls Życia 2040,2040,DINOPL (PLD,INPL00011),regulowany,,,Główny Rynek,GPW,68,202,Polska,23,815,26,585,"2,03",,,,68.0
,TFI PZU S.A.,inPZU Puls Życia 2040,2040,,,Aktywny rynek,-,rynek,,,,,,,,,,,,,,
,TFI PZU S.A.,inPZU Puls Życia 2040,2040,DOMDEV (PL,DMDVL00012),regulowany,,,Główny Rynek,GPW,22,955,Polska,3,253,4,182,"0,32",,,,22.0
,TFI PZU S.A.,inPZU Puls Życia 2040,2040,,,Aktywny rynek,-,rynek,,,,,,,,,,,,,,
,TFI PZU S.A.,inPZU Puls Życia 2040,2040,ERSTE GROU,P BANK (AT0000652011),regulowany,,,Vienna Stock E,xchange,16,590,Austria,2,572,4,229,"0,32",,,,16.0
,TFI PZU S.A.,inPZU Puls Życia 2040,2040,GRENEVIA (,PLFAMUR00012),Aktywny rynek,-,rynek,Główny Rynek,GPW 1,557,966,Polska,5,633,3,420,"0,26",,,,557.0
,TFI PZU S.A.,inPZU Puls Życia 2040,2040,,,regulowany,,,,,,,,,,,,,,,,
,TFI PZU S.A.,inPZU Puls Życia 2040,2040,,,Aktywny rynek,-,rynek,,,,,,,,,,,,,,
,TFI PZU S.A.,inPZU Puls Życia 2040,2040,Indra Sistem,as SA (ES0118594417),regulowany,,,Spanish Stock,Exchange,54,428,Hiszpania,3,060,3,972,"0,30",,,,54.0
,TFI PZU S.A.,inPZU Puls Życia 2040,2040,,,Aktywny rynek,-,rynek,,,,,,,,,,,,,,
,TFI PZU S.A.,inPZU Puls Życia 2040,2040,InPost SA (L,U2290522684),regulowany,,,Euronext Amst,erdam,110,220,Luksemburg,4,438,7,776,"0,59",,,,110.0
,TFI PZU S.A.,inPZU Puls Życia 2045,2045,Subfunduszu PPK inPZU 20,45 wydzi,elonego w ramach,PPK inPZU Specjali,,,,,,,,,,,,,,,
,TFI PZU S.A.,inPZU Puls Życia 2045,2045,Funduszu Inwestycyjnego O,twarteg,o,,,,,,,,,,,,,,,,
,TFI PZU S.A.,inPZU Puls Życia 2045,2045,za okres od 1 stycznia 2024 r.,do 31 gru,dnia 2024 r.,,,,,,,,,,,,,,,,
,TFI PZU S.A.,inPZU Puls Życia 2045,2045,Zarząd TFI PZU SA:,,,,,,,,,,,,,,,,,,
,TFI PZU S.A.,inPZU Puls Życia 2045,2045,Tomasz Stadnik,Prezes Zarz,ądu,,,,,,,,,,,,,,,,
,TFI PZU S.A.,inPZU Puls Życia 2045,2045,,,,………………………………………,,,,,,,,,,,,,,,
,TFI PZU S.A.,inPZU Puls Życia 2045,2045,Tomasz Bilecki,Wiceprezes,Zarządu,,,,,,,,,,,,,,,,
,TFI PZU S.A.,inPZU Puls Życia 2045,2045,,,,………………………………………,,,,,,,,,,,,,,,
,TFI PZU S.A.,inPZU Puls Życia 2045,2045,Marcin Dobrzański,Wiceprezes,Zarządu,,,,,,,,,,,,,,,,
,TFI PZU S.A.,inPZU Puls Życia 2045,2045,,,,………………………………………,,,,,,,,,,,,,,,
,TFI PZU S.A.,inPZU Puls Życia 2045,2045,Marcin Jakubiak,Wiceprezes,Zarządu,,,,,,,,,,,,,,,,
,TFI PZU S.A.,inPZU Puls Życia 2045,2045,,,,………………………………………,,,,,,,,,,,,,,,
,TFI PZU S.A.,inPZU Puls Życia 2045,2045,Jarosław Leśniczak,Wiceprezes,Zarządu,,,,,,,,,,,,,,,,
,TFI PZU S.A.,inPZU Puls Życia 2045,2045,,,,………………………………………,,,,,,,,,,,,,,,
,TFI PZU S.A.,inPZU Puls Życia 2045,2045,Biuro Księgowości Fundu,szy TFI PZ,U SA:,,,,,,,,,,,,,,,,
,TFI PZU S.A.,inPZU Puls Życia 2045,2045,Marcin Bielecki,D,yrektor Biura,,,,,,,,,,,,,,,,
,TFI PZU S.A.,inPZU Puls Życia 2045,2045,,,,…………………………,,,,,,,,,,,,,,,
,TFI PZU S.A.,inPZU Puls Życia 2045,2045,"Warszawa, 24 marca 2025 r.",,,,,,,,,,,,,,,,,,
,TFI PZU S.A.,inPZU Puls Życia 2045,2045,Zarząd Towarzystwa Fu,nduszy Inwest,ycyjnych,PZU,S.A. zgodnie z Ust,awą z dnia 29 września 1994 r. o rachunkow,ości oraz,,,,,,,,,,,,
,TFI PZU S.A.,inPZU Puls Życia 2045,2045,Rozporządzeniem Minist,ra Finansów,z dnia,24 g,rudnia 2007 r. w,sprawie szczególnych zasad rachunkowości,funduszy,,,,,,,,,,,,
,TFI PZU S.A.,inPZU Puls Życia 2045,2045,inPZU Specjalistycznego,Funduszu Inw,estycyjn,ego O,"twartego, zwanego","dalej „Subfunduszem”, obejmujące:",,,,,,,,,,,,,
,TFI PZU S.A.,inPZU Puls Życia 2045,2045,I. Zestawienie lokat,według stanu,na 31 g,rudnia,"2024 r., z tabelam","i uzupełniającymi oraz dodatkowymi,",,,,,,,,,,,,,
,TFI PZU S.A.,inPZU Puls Życia 2045,2045,II. Bilans sporządzon,y na dzień 31,grudnia,2024,"r.,",,,,,,,,,,,,,,
,TFI PZU S.A.,inPZU Puls Życia 2045,2045,III. Rachunek wyniku,z operacji za,okres od,1 sty,cznia do 31 grudnia,"2024 r.,",,,,,,,,,,,,,
,TFI PZU S.A.,inPZU Puls Życia 2045,2045,IV. Zestawienie zmian,w aktywach,"netto,",,,,,,,,,,,,,,,,
,TFI PZU S.A.,inPZU Puls Życia 2045,2045,V. Noty objaśniające,",",,,,,,,,,,,,,,,,,
,TFI PZU S.A.,inPZU Puls Życia 2045,2045,VI. Informację dodat,kową.,,,,,,,,,,,,,,,,,
,TFI PZU S.A.,inPZU Puls Życia 2045,2045,ZEST,AWIENI,E LOKAT,,,,,,,,,,,,,,,,
,TFI PZU S.A.,inPZU Puls Życia 2045,2045,Zestawi,enie lokat,należy anali,zować łącznie,z notami objaśniającymi,i informacją,"dodatkową, k",tóre,stanowią integralną c,zęść prezentowanego s,pra,wozdan,ia jednostko,we,go.,,,,
,TFI PZU S.A.,inPZU Puls Życia 2045,2045,Tabela,Główn,a,,,,,,,,,,,,,,,,
,TFI PZU S.A.,inPZU Puls Życia 2045,2045,,,,,,,31.12.202,4,,,,,31.12.202,3,,,,,4.0
,TFI PZU S.A.,inPZU Puls Życia 2045,2045,,,SKŁADNIKI,LOKAT,Wartość we,dług ceny,Wartość we,dłu,g Procentowy udz,iał w Wartość według,ce,ny,Wartość we,dłu,g Procentowy,udz,iał w,,
,TFI PZU S.A.,inPZU Puls Życia 2045,2045,,,,,nabycia,w tys. zł,wyceny na d bilansowy w,zie tys.,ń aktywach ogół zł,em nabycia w tys,. zł,b,wyceny na d ilansowy w,zie tys.,ń aktywach zł,ogół,em,,
,TFI PZU S.A.,inPZU Puls Życia 2045,2045,Akcje,,,,,554 239,,643,378,"63,69",414,582,,488,938,,"68,84",,643.0
,TFI PZU S.A.,inPZU Puls Życia 2045,2045,Warrant,y subskrypc,yjne,,,0,,,0,"0,00",,0,,,0,,"0,00",,
,TFI PZU S.A.,inPZU Puls Życia 2045,2045,Prawa d,o akcji,,,,0,,,0,"0,00",,804,,,916,,"0,13",,
,TFI PZU S.A.,inPZU Puls Życia 2045,2045,Prawa p,oboru,,,,0,,,0,"0,00",,0,,,0,,"0,00",,
,TFI PZU S.A.,inPZU Puls Życia 2045,2045,Kwity de,pozytowe,,,,0,,,0,"0,00",,0,,,0,,"0,00",,
,TFI PZU S.A.,inPZU Puls Życia 2045,2045,Listy zas,tawne,,,,2 500,,2,499,"0,25",1,500,,1,501,,"0,21",,2.0
,TFI PZU S.A.,inPZU Puls Życia 2045,2045,Dłużne p,apiery wart,ościowe,,,320 323,,329,260,"32,60",191,306,,199,273,,"28,06",,329.0
,TFI PZU S.A.,inPZU Puls Życia 2045,2045,Instrum,enty pochod,ne,,,0,,,430,"0,04",,0,,1,019,,"0,14",,
,TFI PZU S.A.,inPZU Puls Życia 2045,2045,Udziały,w spółkach,z ograniczoną,odpowiedzialno,ścią,0,,,0,"0,00",,0,,,0,,"0,00",,
,TFI PZU S.A.,inPZU Puls Życia 2045,2045,Jednostk,i uczestnict,wa,,,0,,,0,"0,00",,0,,,0,,"0,00",,
,TFI PZU S.A.,inPZU Puls Życia 2045,2045,Certyfika,ty inwestyc,yjne,,,0,,,0,"0,00",,0,,,0,,"0,00",,
,TFI PZU S.A.,inPZU Puls Życia 2045,2045,Tytuły u,czestnictwa,emitowane p,rzez instytucje w,spólnego,,,,,,,,,,,,,,
,TFI PZU S.A.,inPZU Puls Życia 2045,2045,inwesto,wania mając,e siedzibę za,granicą,,6 945,,6,919,"0,68",,0,,,0,,"0,00",,6.0
,TFI PZU S.A.,inPZU Puls Życia 2045,2045,Wierzyte,lności,,,,0,,,0,"0,00",,0,,,0,,"0,00",,
,TFI PZU S.A.,inPZU Puls Życia 2045,2045,Udzielon,e pożyczki,pieniężne,,,0,,,0,"0,00",,0,,,0,,"0,00",,
,TFI PZU S.A.,inPZU Puls Życia 2045,2045,Weksle,,,,,0,,,0,"0,00",,0,,,0,,"0,00",,
,TFI PZU S.A.,inPZU Puls Życia 2045,2045,Depozyt,y,,,,0,,,0,"0,00",,0,,,0,,"0,00",,
,TFI PZU S.A.,inPZU Puls Życia 2045,2045,Waluty,,,,,0,,,0,"0,00",,0,,,0,,"0,00",,
,TFI PZU S.A.,inPZU Puls Życia 2045,2045,Nierucho,mości,,,,0,,,0,"0,00",,0,,,0,,"0,00",,
,TFI PZU S.A.,inPZU Puls Życia 2045,2045,Statki m,orskie,,,,0,,,0,"0,00",,0,,,0,,"0,00",,
,TFI PZU S.A.,inPZU Puls Życia 2045,2045,Inne,,,,,0,,,0,"0,00",,0,,,0,,"0,00",,
,TFI PZU S.A.,inPZU Puls Życia 2045,2045,Razem,,,,,884 007,9,82,486,"97,26 6",08,192,6,91,647,,"97,38",,82.0
,TFI PZU S.A.,inPZU Puls Życia 2045,2045,W tabeli,prezentow,ane są instru,menty pochodne,posiadane przez Subfundu,"sz, których wy",cena na dzień,bila,nsowy jest dodatnia. Ko,mpletna informacja dotyczą,ca i,nstrume,ntów pochod,nych,posiadanych przez,Subf,undusz,,
,TFI PZU S.A.,inPZU Puls Życia 2045,2045,znajduje,się w tabeli,uzupełniając,ej „Instrumenty,pochodne” oraz w „Nocie 6,Instrumenty po,"chodne”, w któ",ryc,h zaprezentowano także (,o ile takowe występowały),niew,ystanda,ryzowane ins,trum,"enty pochodne, któr",ych,wycena,,
,TFI PZU S.A.,inPZU Puls Życia 2045,2045,na dzień,bilansowy,była ujemna i,która tym sam,ym została odniesiona w z,obowiązania Su,bfunduszu oraz,wy,standaryzowane instrume,"nty pochodne, których wa",rtoś,ć bilanso,wa wynosiła,zero,z uwagi na dzienn,e roz,liczenia,,
,TFI PZU S.A.,inPZU Puls Życia 2045,2045,,AKCJE,,R,o,dzaj r,ynku,Nazwa r,ynku Lic,zba,,emitenta na,ceny bycia,wyceny na d w bilansowy w,zie tys,ń aktywach ogółe . zł,m,,
,TFI PZU S.A.,inPZU Puls Życia 2045,2045,,,,,,,,,,,,t,ys. zł,,,,,,
,TFI PZU S.A.,inPZU Puls Życia 2045,2045,adidas AG (DE0,00A1EWWW0),Aktywny,rynek,-,rynek,regulowany,Xetra,,6,575,Niemcy,5,140,6,653,"0,66",,
,TFI PZU S.A.,inPZU Puls Życia 2045,2045,Adobe Systems,Inc (US00724F1012),Aktywny,rynek,-,rynek,regulowany,NASDAQ Stock,Market,3,141,Stany Zjednoczone,6,836,5,728,"0,57",,
,TFI PZU S.A.,inPZU Puls Życia 2045,2045,Advanced Micro,Devices Inc (US0079031078),Aktywny,rynek,-,rynek,regulowany,NASDAQ Stock,Market,11,810,Stany Zjednoczone,5,804,5,850,"0,58",,
,TFI PZU S.A.,inPZU Puls Życia 2045,2045,AGORA (PLAGO,RA00067),Aktywny,rynek,-,rynek,regulowany,Główny Rynek,GPW,294,260,Polska,3,385,2,898,"0,29",,
,TFI PZU S.A.,inPZU Puls Życia 2045,2045,ALIOR (PLALIOR,00045),Aktywny,rynek,-,rynek,regulowany,Główny Rynek,GPW,4,566,Polska,,298,,393,"0,04",,
,TFI PZU S.A.,inPZU Puls Życia 2045,2045,Allegro.eu SA (L,U2237380790),Aktywny,rynek,-,rynek,regulowany,Główny Rynek,GPW,829,506,Luksemburg,23,614,22,463,"2,22",,
,TFI PZU S.A.,inPZU Puls Życia 2045,2045,Alphabet Inc (U,S02079K3059),Aktywny,rynek,-,rynek,regulowany,NASDAQ Stock,Market,10,320,Stany Zjednoczone,5,547,8,012,"0,79",,
,TFI PZU S.A.,inPZU Puls Życia 2045,2045,Amazon.com In,c (US0231351067),Aktywny,rynek,-,rynek,regulowany,NASDAQ Stock,Market,12,045,Stany Zjednoczone,8,961,10,838,"1,07",,
,TFI PZU S.A.,inPZU Puls Życia 2045,2045,Anglo American,PLC (GB00B1XZS820),Aktywny,rynek,-,rynek,regulowany,London Stock,Exchange,71,710,Wielka Brytania,9,741,8,728,"0,86",,
,TFI PZU S.A.,inPZU Puls Życia 2045,2045,Apple Inc (US03,78331005),Aktywny,rynek,-,rynek,regulowany,NASDAQ Stock,Market,7,882,Stany Zjednoczone,6,328,8,095,"0,80",,
,TFI PZU S.A.,inPZU Puls Życia 2045,2045,Archicom SA (PL,ARHCM00016),Aktywny,rynek,-,rynek,regulowany,Główny Rynek,GPW,217,010,Polska,5,081,8,897,"0,88",,
,TFI PZU S.A.,inPZU Puls Życia 2045,2045,ASML Holding N,V (NL0010273215),Aktywny,rynek,-,rynek,regulowany,Euronext Amst,erdam,1,778,Holandia,4,940,5,156,"0,51",,
,TFI PZU S.A.,inPZU Puls Życia 2045,2045,ASSECOSEE (PL,ASSEE00014),Aktywny,rynek,-,rynek,regulowany,Główny Rynek,GPW,50,865,Polska,2,221,2,492,"0,25",,
,TFI PZU S.A.,inPZU Puls Życia 2045,2045,ASTRAZENECA,PLC (GB0009895292),Aktywny,rynek,-,rynek,regulowany,London Stock,Exchange,9,790,Wielka Brytania,5,204,5,277,"0,52",,
,TFI PZU S.A.,inPZU Puls Życia 2045,2045,AUTOPARTN (P,LATPRT00018),Aktywny,rynek,-,rynek,regulowany,Główny Rynek,GPW,204,718,Polska,3,829,4,053,"0,40",,
,TFI PZU S.A.,inPZU Puls Życia 2045,2045,BAE Systems PL,C (GB0002634946),Aktywny,rynek,-,rynek,regulowany,London Stock,Exchange,96,640,Wielka Brytania,4,580,5,715,"0,57",,
,TFI PZU S.A.,inPZU Puls Życia 2045,2045,BARRICK GOLD,(CA0679011084),Aktywny,rynek,-,rynek,regulowany,Toronto Stock,Exchange,18,810,Kanada,1,822,1,197,"0,12",,
,TFI PZU S.A.,inPZU Puls Życia 2045,2045,BENEFIT (PLBN,FTS00018),Aktywny,rynek,-,rynek,regulowany,Główny Rynek,GPW,8,470,Polska,9,368,24,521,"2,43",,
,TFI PZU S.A.,inPZU Puls Życia 2045,2045,BGZBNPP (PLBG,Z0000010),Aktywny,rynek,-,rynek,regulowany,Główny Rynek,GPW,43,200,Polska,4,326,3,681,"0,36",,
,TFI PZU S.A.,inPZU Puls Życia 2045,2045,Bioceltix SA (PL,BCLTX00019),Aktywny,rynek,-,rynek,regulowany,Główny Rynek,GPW,39,039,Polska,2,237,3,420,"0,34",,
,TFI PZU S.A.,inPZU Puls Życia 2045,2045,BUDIMEX (PLBU,DMX00013),Aktywny,rynek,-,rynek,regulowany,Główny Rynek,GPW,18,874,Polska,6,685,8,807,"0,87",,
,TFI PZU S.A.,inPZU Puls Życia 2045,2045,CCC (PLCCC000,0016),Aktywny,rynek,-,rynek,regulowany,Główny Rynek,GPW,22,866,Polska,,941,4,203,"0,42",,
,TFI PZU S.A.,inPZU Puls Życia 2045,2045,CDPROJEKT (PL,OPTTC00011),Aktywny,rynek,-,rynek,regulowany,Główny Rynek,GPW,98,565,Polska,13,463,18,870,"1,87",,
,TFI PZU S.A.,inPZU Puls Życia 2045,2045,Cie Financiere R,ichemont SA (CH0210483332),Aktywny,rynek,-,rynek,regulowany,Six Swiss Exch,ange,5,760,Francja,3,613,3,604,"0,36",,
,TFI PZU S.A.,inPZU Puls Życia 2045,2045,CREOTECH (PLC,RTCH00017),Aktywny,rynek,-,rynek,regulowany,Główny Rynek,GPW,19,575,Polska,3,042,3,386,"0,34",,
,TFI PZU S.A.,inPZU Puls Życia 2045,2045,cyber_Folks,S.A. (PLR220000018),Aktywny,rynek,-,rynek,regulowany,Główny R,ynek,GPW,36,985,Polska,3,191,5,566,"0,55",
,TFI PZU S.A.,inPZU Puls Życia 2045,2045,Datawalk SA,(PLPILAB00012),Aktywny,rynek,-,rynek,regulowany,Główny R,ynek,GPW,12,611,Polska,2,042,,714,"0,07",
,TFI PZU S.A.,inPZU Puls Życia 2045,2045,DexCom Inc,(US2521311074),Aktywny,rynek,-,rynek,regulowany,NASDAQ,Stock,Market,18,133,Stany Zjednoczone,8,074,5,784,"0,57",
,TFI PZU S.A.,inPZU Puls Życia 2045,2045,DINOPL (PLD,INPL00011),Aktywny,rynek,-,rynek,regulowany,Główny R,ynek,GPW,69,520,Polska,24,172,27,099,"2,68",
,TFI PZU S.A.,inPZU Puls Życia 2045,2045,DOMDEV (PL,DMDVL00012),Aktywny,rynek,-,rynek,regulowany,Główny R,ynek,GPW,23,148,Polska,3,256,4,218,"0,42",
,TFI PZU S.A.,inPZU Puls Życia 2045,2045,GRENEVIA (P,LFAMUR00012),Aktywny,rynek,-,rynek,regulowany,Główny R,ynek,GPW 1,569,856,Polska,5,710,3,446,"0,34",
,TFI PZU S.A.,inPZU Puls Życia 2045,2045,Indra Sistem,as SA (ES0118594417),Aktywny,rynek,-,rynek,regulowany,Spanish S,tock,Exchange,57,199,Hiszpania,3,216,4,175,"0,41",
,TFI PZU S.A.,inPZU Puls Życia 2045,2045,InPost SA (L,U2290522684),Aktywny,rynek,-,rynek,regulowany,Euronext,Amst,erdam,115,251,Luksemburg,4,624,8,131,"0,80",
,TFI PZU S.A.,inPZU Puls Życia 2045,2045,INTERCARS (,PLINTCS00010),Aktywny,rynek,-,rynek,regulowany,Główny R,ynek,GPW,5,260,Polska,1,641,2,740,"0,27",
,TFI PZU S.A.,inPZU Puls Życia 2045,2045,Intuitive Surg,ical Inc (US46120E6023),Aktywny,rynek,-,rynek,regulowany,NASDAQ,Stock,Market,4,754,Stany Zjednoczone,7,403,10,177,"1,01",
,TFI PZU S.A.,inPZU Puls Życia 2045,2045,Jeronimo Ma,rtins SGPS SA (PTJMT0AE0001),Aktywny,rynek,-,rynek,regulowany,Euronext,Lisbo,n,98,460,Portugalia,8,236,7,762,"0,77",
,TFI PZU S.A.,inPZU Puls Życia 2045,2045,KETY (PLKET,Y000011),Aktywny,rynek,-,rynek,regulowany,Główny R,ynek,GPW,6,287,Polska,3,358,4,291,"0,42",
,TFI PZU S.A.,inPZU Puls Życia 2045,2045,KGHM (PLKG,HM000017),Aktywny,rynek,-,rynek,regulowany,Główny R,ynek,GPW,99,668,Polska,12,081,11,462,"1,13",
,TFI PZU S.A.,inPZU Puls Życia 2045,2045,KRUK (PLKR,K0000010),Aktywny,rynek,-,rynek,regulowany,Główny R,ynek,GPW,40,646,Polska,15,813,16,901,"1,67",
,TFI PZU S.A.,inPZU Puls Życia 2045,2045,L3Harris Tec,hnologies Inc (US5024311095),Aktywny,rynek,-,rynek,regulowany,New York,Stoc,k Exchange,8,420,Stany Zjednoczone,8,856,7,261,"0,72",
,TFI PZU S.A.,inPZU Puls Życia 2045,2045,LPP (PLLPP0,000011),Aktywny,rynek,-,rynek,regulowany,Główny R,ynek,GPW,2,596,Polska,35,125,40,368,"4,00",
,TFI PZU S.A.,inPZU Puls Życia 2045,2045,LVMH Moet H,ennessy Louis Vuitt (FR0000121014),Aktywny,rynek,-,rynek,regulowany,Euronext,Paris,,1,560,Francja,5,609,4,236,"0,42",
,TFI PZU S.A.,inPZU Puls Życia 2045,2045,MBANK (PLB,RE0000012),Aktywny,rynek,-,rynek,regulowany,Główny R,ynek,GPW,14,538,Polska,6,696,7,955,"0,79",
,TFI PZU S.A.,inPZU Puls Życia 2045,2045,Microsoft Cor,p (US5949181045),Aktywny,rynek,-,rynek,regulowany,NASDAQ,Stock,Market,7,045,Stany Zjednoczone,10,624,12,178,"1,21",
,TFI PZU S.A.,inPZU Puls Życia 2045,2045,MIRBUD (PL,MRBUD00015),Aktywny,rynek,-,rynek,regulowany,Główny R,ynek,GPW,728,913,Polska,8,100,8,659,"0,86",
,TFI PZU S.A.,inPZU Puls Życia 2045,2045,ML System S,A (PLMLSTM00015),Aktywny,rynek,-,rynek,regulowany,Główny R,ynek,GPW,30,540,Polska,2,280,,569,"0,06",
,TFI PZU S.A.,inPZU Puls Życia 2045,2045,Mo-BRUK SA,(PLMOBRK00013),Aktywny,rynek,-,rynek,regulowany,Główny R,ynek,GPW,11,035,Polska,3,248,3,614,"0,36",
,TFI PZU S.A.,inPZU Puls Życia 2045,2045,NEUCA (PLT,RFRM00018),Aktywny,rynek,-,rynek,regulowany,Główny R,ynek,GPW,11,054,Polska,7,271,9,650,"0,96",
,TFI PZU S.A.,inPZU Puls Życia 2045,2045,Newmont Mi,ning Corp (US6516391066),Aktywny,rynek,-,rynek,regulowany,New York,Stoc,k Exchange,5,566,Stany Zjednoczone,1,579,,850,"0,08",
,TFI PZU S.A.,inPZU Puls Życia 2045,2045,NIKE Inc (US,6541061031),Aktywny,rynek,-,rynek,regulowany,New York,Stoc,k Exchange,17,426,Stany Zjednoczone,7,905,5,408,"0,54",
,TFI PZU S.A.,inPZU Puls Życia 2045,2045,NVIDIA Corp,(US67066G1040),Aktywny,rynek,-,rynek,regulowany,NASDAQ,Stock,Market,17,515,Stany Zjednoczone,1,774,9,646,"0,95",
,TFI PZU S.A.,inPZU Puls Życia 2045,2045,Palo Alto Net,works Inc (US6974351057),Aktywny,rynek,-,rynek,regulowany,NASDAQ,Stock,Market,9,020,Stany Zjednoczone,3,647,6,731,"0,67",
,TFI PZU S.A.,inPZU Puls Życia 2045,2045,PEKAO (PLPE,KAO00016),Aktywny,rynek,-,rynek,regulowany,Główny R,ynek,GPW,269,053,Polska,30,307,37,102,"3,67",
,TFI PZU S.A.,inPZU Puls Życia 2045,2045,PKNORLEN (,PLPKN0000018),Aktywny,rynek,-,rynek,regulowany,Główny R,ynek,GPW,434,784,Polska,28,540,20,522,"2,03",
,TFI PZU S.A.,inPZU Puls Życia 2045,2045,PKOBP (PLPK,O0000016),Aktywny,rynek,-,rynek,regulowany,Główny R,ynek,GPW,919,411,Polska,38,608,54,944,"5,44",
,TFI PZU S.A.,inPZU Puls Życia 2045,2045,PKPCARGO (,PLPKPCR00011),Aktywny,rynek,-,rynek,regulowany,Główny R,ynek,GPW,66,394,Polska,1,159,,936,"0,09",
,TFI PZU S.A.,inPZU Puls Życia 2045,2045,PZU (PLPZU0,000011),Aktywny,rynek,-,rynek,regulowany,Główny R,ynek,GPW,384,383,Polska,14,162,17,620,"1,73",
,TFI PZU S.A.,inPZU Puls Życia 2050,2050,Subfunduszu PPK inPZU 20,50 wydzi,elonego w ramach,PPK inPZU Specjali,,,,,,,,,,,,,,,
,TFI PZU S.A.,inPZU Puls Życia 2050,2050,Funduszu Inwestycyjnego O,twarteg,o,,,,,,,,,,,,,,,,
,TFI PZU S.A.,inPZU Puls Życia 2050,2050,za okres od 1 stycznia 2024 r.,do 31 gru,dnia 2024 r.,,,,,,,,,,,,,,,,
,TFI PZU S.A.,inPZU Puls Życia 2050,2050,Zarząd TFI PZU SA:,,,,,,,,,,,,,,,,,,
,TFI PZU S.A.,inPZU Puls Życia 2050,2050,Tomasz Stadnik,Prezes Zarz,ądu,,,,,,,,,,,,,,,,
,TFI PZU S.A.,inPZU Puls Życia 2050,2050,,,,………………………………………,,,,,,,,,,,,,,,
,TFI PZU S.A.,inPZU Puls Życia 2050,2050,Tomasz Bilecki,Wiceprezes,Zarządu,,,,,,,,,,,,,,,,
,TFI PZU S.A.,inPZU Puls Życia 2050,2050,,,,………………………………………,,,,,,,,,,,,,,,
,TFI PZU S.A.,inPZU Puls Życia 2050,2050,Marcin Dobrzański,Wiceprezes,Zarządu,,,,,,,,,,,,,,,,
,TFI PZU S.A.,inPZU Puls Życia 2050,2050,,,,………………………………………,,,,,,,,,,,,,,,
,TFI PZU S.A.,inPZU Puls Życia 2050,2050,Marcin Jakubiak,Wiceprezes,Zarządu,,,,,,,,,,,,,,,,
,TFI PZU S.A.,inPZU Puls Życia 2050,2050,,,,………………………………………,,,,,,,,,,,,,,,
,TFI PZU S.A.,inPZU Puls Życia 2050,2050,Jarosław Leśniczak,Wiceprezes,Zarządu,,,,,,,,,,,,,,,,
,TFI PZU S.A.,inPZU Puls Życia 2050,2050,,,,………………………………………,,,,,,,,,,,,,,,
,TFI PZU S.A.,inPZU Puls Życia 2050,2050,Biuro Księgowości Fundu,szy TFI PZ,U SA:,,,,,,,,,,,,,,,,
,TFI PZU S.A.,inPZU Puls Życia 2050,2050,Marcin Bielecki,D,yrektor Biura,,,,,,,,,,,,,,,,
,TFI PZU S.A.,inPZU Puls Życia 2050,2050,,,,…………………………,,,,,,,,,,,,,,,
,TFI PZU S.A.,inPZU Puls Życia 2050,2050,"Warszawa, 24 marca 2025 r.",,,,,,,,,,,,,,,,,,
,TFI PZU S.A.,inPZU Puls Życia 2050,2050,Zarząd Towarzystwa Fu,nduszy Inwest,ycyjnych,PZU,S.A. zgodnie z Ust,awą z dnia 29 września 1994 r. o rachunkow,ości oraz,,,,,,,,,,,,
,TFI PZU S.A.,inPZU Puls Życia 2050,2050,Rozporządzeniem Minist,ra Finansów,z dnia,24 g,rudnia 2007 r. w,sprawie szczególnych zasad rachunkowości,funduszy,,,,,,,,,,,,
,TFI PZU S.A.,inPZU Puls Życia 2050,2050,inPZU Specjalistycznego,Funduszu Inw,estycyjn,ego O,"twartego, zwanego","dalej „Subfunduszem”, obejmujące:",,,,,,,,,,,,,
,TFI PZU S.A.,inPZU Puls Życia 2050,2050,I. Zestawienie lokat,według stanu,na 31 g,rudnia,"2024 r., z tabelam","i uzupełniającymi oraz dodatkowymi,",,,,,,,,,,,,,
,TFI PZU S.A.,inPZU Puls Życia 2050,2050,II. Bilans sporządzon,y na dzień 31,grudnia,2024,"r.,",,,,,,,,,,,,,,
,TFI PZU S.A.,inPZU Puls Życia 2050,2050,III. Rachunek wyniku,z operacji za,okres od,1 sty,cznia do 31 grudnia,"2024 r.,",,,,,,,,,,,,,
,TFI PZU S.A.,inPZU Puls Życia 2050,2050,IV. Zestawienie zmian,w aktywach,"netto,",,,,,,,,,,,,,,,,
,TFI PZU S.A.,inPZU Puls Życia 2050,2050,V. Noty objaśniające,",",,,,,,,,,,,,,,,,,
,TFI PZU S.A.,inPZU Puls Życia 2050,2050,VI. Informację dodat,kową.,,,,,,,,,,,,,,,,,
,TFI PZU S.A.,inPZU Puls Życia 2050,2050,ZEST,AWIENI,E LOKAT,,,,,,,,,,,,,,,,
,TFI PZU S.A.,inPZU Puls Życia 2050,2050,Zestawi,enie lokat,należy anali,zować łącznie,z notami objaśniającymi,i informacją,"dodatkową, k",tóre,stanowią integralną c,zęść prezentowanego s,pra,wozdan,ia jednostko,we,go.,,,,
,TFI PZU S.A.,inPZU Puls Życia 2050,2050,Tabela,Główn,a,,,,,,,,,,,,,,,,
,TFI PZU S.A.,inPZU Puls Życia 2050,2050,,,,,,,31.12.202,4,,,,,31.12.202,3,,,,,4.0
,TFI PZU S.A.,inPZU Puls Życia 2050,2050,,,SKŁADNIKI,LOKAT,Wartość we,dług ceny,Wartość we,dłu,g Procentowy udz,iał w Wartość według,ce,ny,Wartość we,dłu,g Procentowy,udz,iał w,,
,TFI PZU S.A.,inPZU Puls Życia 2050,2050,,,,,nabycia,w tys. zł,wyceny na d bilansowy w,zie tys.,ń aktywach ogół zł,em nabycia w tys,. zł,b,wyceny na d ilansowy w,zie tys.,ń aktywach zł,ogół,em,,
,TFI PZU S.A.,inPZU Puls Życia 2050,2050,Akcje,,,,,381 711,,439,181,"65,86",264,903,,312,572,,"68,64",,439.0
,TFI PZU S.A.,inPZU Puls Życia 2050,2050,Warrant,y subskrypc,yjne,,,0,,,0,"0,00",,0,,,0,,"0,00",,
,TFI PZU S.A.,inPZU Puls Życia 2050,2050,Prawa d,o akcji,,,,0,,,0,"0,00",,516,,,588,,"0,13",,
,TFI PZU S.A.,inPZU Puls Życia 2050,2050,Prawa p,oboru,,,,0,,,0,"0,00",,0,,,0,,"0,00",,
,TFI PZU S.A.,inPZU Puls Życia 2050,2050,Kwity de,pozytowe,,,,0,,,0,"0,00",,0,,,0,,"0,00",,
,TFI PZU S.A.,inPZU Puls Życia 2050,2050,Listy zas,tawne,,,,2 000,,1,999,"0,30",1,000,,1,001,,"0,22",,1.0
,TFI PZU S.A.,inPZU Puls Życia 2050,2050,Dłużne p,apiery wart,ościowe,,,203 885,,209,554,"31,43",121,045,,125,964,,"27,66",,209.0
,TFI PZU S.A.,inPZU Puls Życia 2050,2050,Instrum,enty pochod,ne,,,0,,,271,"0,03",,0,,,688,,"0,14",,
,TFI PZU S.A.,inPZU Puls Życia 2050,2050,Udziały,w spółkach,z ograniczoną,odpowiedzialno,ścią,0,,,0,"0,00",,0,,,0,,"0,00",,
,TFI PZU S.A.,inPZU Puls Życia 2050,2050,Jednostk,i uczestnict,wa,,,0,,,0,"0,00",,0,,,0,,"0,00",,
,TFI PZU S.A.,inPZU Puls Życia 2050,2050,Certyfika,ty inwestyc,yjne,,,0,,,0,"0,00",,0,,,0,,"0,00",,
,TFI PZU S.A.,inPZU Puls Życia 2050,2050,Tytuły u,czestnictwa,emitowane p,rzez instytucje w,spólnego,,,,,,,,,,,,,,
,TFI PZU S.A.,inPZU Puls Życia 2050,2050,inwesto,wania mając,e siedzibę za,granicą,,4 656,,4,604,"0,69",,0,,,0,,"0,00",,4.0
,TFI PZU S.A.,inPZU Puls Życia 2050,2050,Wierzyte,lności,,,,0,,,0,"0,00",,0,,,0,,"0,00",,
,TFI PZU S.A.,inPZU Puls Życia 2050,2050,Udzielon,e pożyczki,pieniężne,,,0,,,0,"0,00",,0,,,0,,"0,00",,
,TFI PZU S.A.,inPZU Puls Życia 2050,2050,Weksle,,,,,0,,,0,"0,00",,0,,,0,,"0,00",,
,TFI PZU S.A.,inPZU Puls Życia 2050,2050,Depozyt,y,,,,0,,,0,"0,00",,0,,,0,,"0,00",,
,TFI PZU S.A.,inPZU Puls Życia 2050,2050,Waluty,,,,,0,,,0,"0,00",,0,,,0,,"0,00",,
,TFI PZU S.A.,inPZU Puls Życia 2050,2050,Nierucho,mości,,,,0,,,0,"0,00",,0,,,0,,"0,00",,
,TFI PZU S.A.,inPZU Puls Życia 2050,2050,Statki m,orskie,,,,0,,,0,"0,00",,0,,,0,,"0,00",,
,TFI PZU S.A.,inPZU Puls Życia 2050,2050,Inne,,,,,0,,,0,"0,00",,0,,,0,,"0,00",,
,TFI PZU S.A.,inPZU Puls Życia 2050,2050,Razem,,,,,592 252,6,55,609,"98,31 3",87,464,4,40,813,,"96,79",,55.0
,TFI PZU S.A.,inPZU Puls Życia 2050,2050,W tabeli,prezentow,ane są instru,menty pochodne,posiadane przez Subfundu,"sz, których wy",cena na dzień,bila,nsowy jest dodatnia. Ko,mpletna informacja dotyczą,ca i,nstrume,ntów pochod,nych,posiadanych przez,Subf,undusz,,
,TFI PZU S.A.,inPZU Puls Życia 2050,2050,znajduje,się w tabeli,uzupełniając,ej „Instrumenty,pochodne” oraz w „Nocie 6,Instrumenty po,"chodne”, w któ",ryc,h zaprezentowano także (,o ile takowe występowały),niew,ystanda,ryzowane ins,trum,"enty pochodne, któr",ych,wycena,,
,TFI PZU S.A.,inPZU Puls Życia 2050,2050,na dzień,bilansowy,była ujemna i,która tym sam,ym została odniesiona w z,obowiązania Su,bfunduszu oraz,wy,standaryzowane instrume,"nty pochodne, których wa",rtoś,ć bilanso,wa wynosiła,zero,z uwagi na dzienn,e roz,liczenia,,
,TFI PZU S.A.,inPZU Puls Życia 2050,2050,Zostały zaprezen,"towane tylko te tabele, które d",otyczą rodz,ajów lokat,posiadanyc,h przez Subfundusz na,dzi,eń b,ilansowy.,,,,,,,,,,
,TFI PZU S.A.,inPZU Puls Życia 2050,2050,,,,,,,,,Kraj siedziby Wartość według,ce,Wartość we ny,dłu,g Procentowy udzi,ał w,,,,,
,TFI PZU S.A.,inPZU Puls Życia 2050,2050,,AKCJE,Rodzaj,rynku,Nazwa r,ynku Liczb,a,,emitenta nabycia w tys,. zł,wyceny na d bilansowy w,zie tys,ń aktywach ogółe . zł,m,,,,,
,TFI PZU S.A.,inPZU Puls Życia 2050,2050,,,Aktywny ryn,ek - rynek,,,,,,,,,,,,,,,
,TFI PZU S.A.,inPZU Puls Życia 2050,2050,adidas AG (DE000,A1EWWW0),regulowany,,Xetra,,4,235,Niemcy,3,311,4,285,"0,64",,,,,235.0
,TFI PZU S.A.,inPZU Puls Życia 2050,2050,,,Aktywny ryn,ek - rynek,,,,,,,,,,,,,,,
,TFI PZU S.A.,inPZU Puls Życia 2050,2050,Adobe Systems In,c (US00724F1012),regulowany,,NASDAQ Stock,Market,1,905,Stany Zjednoczone,4,151,3,474,"0,52",,,,,905.0
,TFI PZU S.A.,inPZU Puls Życia 2050,2050,,,Aktywny ryn,ek - rynek,,,,,,,,,,,,,,,
,TFI PZU S.A.,inPZU Puls Życia 2050,2050,Advanced Micro D,evices Inc (US0079031078),regulowany,,NASDAQ Stock,Market,7,545,Stany Zjednoczone,3,702,3,738,"0,56",,,,,545.0
,TFI PZU S.A.,inPZU Puls Życia 2050,2050,,,Aktywny ryn,ek - rynek,,,,,,,,,,,,,,,
,TFI PZU S.A.,inPZU Puls Życia 2050,2050,AGORA (PLAGORA,00067),regulowany,,Główny Rynek,GPW,187,826,Polska,2,165,1,850,"0,28",,,,,826.0
,TFI PZU S.A.,inPZU Puls Życia 2050,2050,,,Aktywny ryn,ek - rynek,,,,,,,,,,,,,,,
,TFI PZU S.A.,inPZU Puls Życia 2050,2050,ALIOR (PLALIOR0,0045),regulowany,,Główny Rynek,GPW,3,110,Polska,,203,,267,"0,04",,,,,110.0
,TFI PZU S.A.,inPZU Puls Życia 2050,2050,,,Aktywny ryn,ek - rynek,,,,,,,,,,,,,,,
,TFI PZU S.A.,inPZU Puls Życia 2050,2050,Allegro.eu SA (LU,2237380790),regulowany,,Główny Rynek,GPW,532,596,Luksemburg,15,165,14,423,"2,16",,,,,596.0
,TFI PZU S.A.,inPZU Puls Życia 2050,2050,,,Aktywny ryn,ek - rynek,,,,,,,,,,,,,,,
,TFI PZU S.A.,inPZU Puls Życia 2050,2050,Alphabet Inc (US0,2079K3059),regulowany,,NASDAQ Stock,Market,6,650,Stany Zjednoczone,3,507,5,163,"0,77",,,,,650.0
,TFI PZU S.A.,inPZU Puls Życia 2050,2050,,,Aktywny ryn,ek - rynek,,,,,,,,,,,,,,,
,TFI PZU S.A.,inPZU Puls Życia 2050,2050,Amazon.com Inc (,US0231351067),regulowany,,NASDAQ Stock,Market,7,685,Stany Zjednoczone,5,715,6,915,"1,04",,,,,685.0
,TFI PZU S.A.,inPZU Puls Życia 2050,2050,,,Aktywny ryn,ek - rynek,,,,,,,,,,,,,,,
,TFI PZU S.A.,inPZU Puls Życia 2050,2050,Anglo American P,LC (GB00B1XZS820),regulowany,,London Stock,Exchange,46,295,Wielka Brytania,6,326,5,635,"0,85",,,,,295.0
,TFI PZU S.A.,inPZU Puls Życia 2050,2050,,,Aktywny ryn,ek - rynek,,,,,,,,,,,,,,,
,TFI PZU S.A.,inPZU Puls Życia 2050,2050,Apple Inc (US037,8331005),regulowany,,NASDAQ Stock,Market,5,045,Stany Zjednoczone,4,050,5,181,"0,78",,,,,45.0
,TFI PZU S.A.,inPZU Puls Życia 2050,2050,,,Aktywny ryn,ek - rynek,,,,,,,,,,,,,,,
,TFI PZU S.A.,inPZU Puls Życia 2050,2050,Archicom SA (PLA,RHCM00016),regulowany,,Główny Rynek,GPW,192,189,Polska,5,424,7,880,"1,18",,,,,189.0
,TFI PZU S.A.,inPZU Puls Życia 2050,2050,,,Aktywny ryn,ek - rynek,,,,,,,,,,,,,,,
,TFI PZU S.A.,inPZU Puls Życia 2050,2050,ASML Holding NV,(NL0010273215),regulowany,,Euronext Ams,terdam,1,132,Holandia,3,151,3,283,"0,49",,,,,132.0
,TFI PZU S.A.,inPZU Puls Życia 2050,2050,,,Aktywny ryn,ek - rynek,,,,,,,,,,,,,,,
,TFI PZU S.A.,inPZU Puls Życia 2050,2050,ASSECOSEE (PLAS,SEE00014),regulowany,,Główny Rynek,GPW,33,822,Polska,1,478,1,657,"0,25",,,,,822.0
,TFI PZU S.A.,inPZU Puls Życia 2050,2050,,,Aktywny ryn,ek - rynek,,,,,,,,,,,,,,,
,TFI PZU S.A.,inPZU Puls Życia 2050,2050,ASTRAZENECA PL,C (GB0009895292),regulowany,,London Stock,Exchange,6,260,Wielka Brytania,3,330,3,374,"0,51",,,,,260.0
,TFI PZU S.A.,inPZU Puls Życia 2050,2050,AUTOPARTN (PLA,TPRT00018),Aktywny ryn,ek - rynek,Główny Rynek,GPW,129,790,Polska,2,391,2,570,"0,39",,,,,790.0
,TFI PZU S.A.,inPZU Puls Życia 2050,2050,,,regulowany,,,,,,,,,,,,,,,,
,TFI PZU S.A.,inPZU Puls Życia 2050,2050,,,Aktywny ryn,ek - rynek,,,,,,,,,,,,,,,
,TFI PZU S.A.,inPZU Puls Życia 2050,2050,BAE Systems PLC,(GB0002634946),regulowany,,London Stock,Exchange,61,950,Wielka Brytania,2,925,3,663,"0,55",,,,,950.0
,TFI PZU S.A.,inPZU Puls Życia 2050,2050,BARRICK GO,LD (CA0679011084),Aktywny rynek,-,rynek,Toronto Stock,Exchange,11,259,Kanada,1,074,,716,"0,11",,,,11.0
,TFI PZU S.A.,inPZU Puls Życia 2050,2050,,,regulowany,,,,,,,,,,,,,,,,
,TFI PZU S.A.,inPZU Puls Życia 2050,2050,,,Aktywny rynek,-,rynek,,,,,,,,,,,,,,
,TFI PZU S.A.,inPZU Puls Życia 2050,2050,BENEFIT (PL,BNFTS00018),regulowany,,,Główny Rynek,GPW,5,864,Polska,7,035,16,976,"2,54",,,,5.0
,TFI PZU S.A.,inPZU Puls Życia 2050,2050,,,Aktywny rynek,-,rynek,,,,,,,,,,,,,,
,TFI PZU S.A.,inPZU Puls Życia 2050,2050,BGZBNPP (P,LBGZ0000010),regulowany,,,Główny Rynek,GPW,30,500,Polska,3,055,2,599,"0,39",,,,30.0
,TFI PZU S.A.,inPZU Puls Życia 2050,2050,Bioceltix SA (,PLBCLTX00019),Aktywny rynek,-,rynek,Główny Rynek,GPW,25,168,Polska,1,442,2,205,"0,33",,,,25.0
,TFI PZU S.A.,inPZU Puls Życia 2050,2050,,,regulowany,,,,,,,,,,,,,,,,
,TFI PZU S.A.,inPZU Puls Życia 2050,2050,,,Aktywny rynek,-,rynek,,,,,,,,,,,,,,
,TFI PZU S.A.,inPZU Puls Życia 2050,2050,BUDIMEX (P,LBUDMX00013),regulowany,,,Główny Rynek,GPW,12,060,Polska,4,146,5,627,"0,84",,,,12.0
,TFI PZU S.A.,inPZU Puls Życia 2050,2050,,,Aktywny rynek,-,rynek,,,,,,,,,,,,,,
,TFI PZU S.A.,inPZU Puls Życia 2050,2050,CCC (PLCCC0,000016),regulowany,,,Główny Rynek,GPW,24,471,Polska,1,044,4,498,"0,67",,,,24.0
,TFI PZU S.A.,inPZU Puls Życia 2050,2050,,,Aktywny rynek,-,rynek,,,,,,,,,,,,,,
,TFI PZU S.A.,inPZU Puls Życia 2050,2050,CDPROJEKT,(PLOPTTC00011),regulowany,,,Główny Rynek,GPW,79,557,Polska,11,783,15,231,"2,28",,,,79.0
,TFI PZU S.A.,inPZU Puls Życia 2050,2050,,,Aktywny rynek,-,rynek,,,,,,,,,,,,,,
,TFI PZU S.A.,inPZU Puls Życia 2050,2050,Cie Financier,e Richemont SA (CH0210483332),regulowany,,,Six Swiss Exch,ange,3,700,Francja,2,312,2,315,"0,35",,,,3.0
,TFI PZU S.A.,inPZU Puls Życia 2050,2050,CREOTECH (,PLCRTCH00017),Aktywny rynek,-,rynek,Główny Rynek,GPW,12,526,Polska,1,937,2,167,"0,32",,,,12.0
,TFI PZU S.A.,inPZU Puls Życia 2050,2050,,,regulowany,,,,,,,,,,,,,,,,
,TFI PZU S.A.,inPZU Puls Życia 2050,2050,,,Aktywny rynek,-,rynek,,,,,,,,,,,,,,
,TFI PZU S.A.,inPZU Puls Życia 2050,2050,cyber_Folks,S.A. (PLR220000018),regulowany,,,Główny Rynek,GPW,23,750,Polska,2,042,3,574,"0,54",,,,23.0
,TFI PZU S.A.,inPZU Puls Życia 2050,2050,,,Aktywny rynek,-,rynek,,,,,,,,,,,,,,
,TFI PZU S.A.,inPZU Puls Życia 2050,2050,Daimler AG (,DE0007100000),regulowany,,,Xetra,,7,930,Niemcy,2,520,1,823,"0,27",,,,7.0
,TFI PZU S.A.,inPZU Puls Życia 2050,2050,,,Aktywny rynek,-,rynek,,,,,,,,,,,,,,
,TFI PZU S.A.,inPZU Puls Życia 2050,2050,Datawalk SA,(PLPILAB00012),regulowany,,,Główny Rynek,GPW,8,260,Polska,1,354,,468,"0,07",,,,8.0
,TFI PZU S.A.,inPZU Puls Życia 2050,2050,,,Aktywny rynek,-,rynek,,,,,,,,,,,,,,
,TFI PZU S.A.,inPZU Puls Życia 2050,2050,DexCom Inc,(US2521311074),regulowany,,,NASDAQ Stock,Market,11,567,Stany Zjednoczone,5,164,3,689,"0,55",,,,11.0
,TFI PZU S.A.,inPZU Puls Życia 2050,2050,,,Aktywny rynek,-,rynek,,,,,,,,,,,,,,
,TFI PZU S.A.,inPZU Puls Życia 2050,2050,DINOPL (PLD,INPL00011),regulowany,,,Główny Rynek,GPW,45,398,Polska,15,868,17,696,"2,65",,,,45.0
,TFI PZU S.A.,inPZU Puls Życia 2050,2050,,,Aktywny rynek,-,rynek,,,,,,,,,,,,,,
,TFI PZU S.A.,inPZU Puls Życia 2050,2050,DOMDEV (PL,DMDVL00012),regulowany,,,Główny Rynek,GPW,14,889,Polska,2,090,2,713,"0,41",,,,14.0
,TFI PZU S.A.,inPZU Puls Życia 2050,2050,,,Aktywny rynek,-,rynek,,,,,,,,,,,,,,
,TFI PZU S.A.,inPZU Puls Życia 2050,2050,ERSTE GROU,P BANK (AT0000652011),regulowany,,,Vienna Stock E,xchange,11,795,Austria,1,841,3,007,"0,45",,,,11.0
,TFI PZU S.A.,inPZU Puls Życia 2050,2050,GRENEVIA (,PLFAMUR00012),Aktywny rynek,-,rynek,Główny Rynek,GPW,986,717,Polska,3,573,2,166,"0,32",,,,986.0
,TFI PZU S.A.,inPZU Puls Życia 2050,2050,,,regulowany,,,,,,,,,,,,,,,,
,TFI PZU S.A.,inPZU Puls Życia 2050,2050,,,Aktywny rynek,-,rynek,,,,,,,,,,,,,,
,TFI PZU S.A.,inPZU Puls Życia 2050,2050,Indra Sistem,as SA (ES0118594417),regulowany,,,Spanish Stock,Exchange,37,688,Hiszpania,2,119,2,751,"0,41",,,,37.0
,TFI PZU S.A.,inPZU Puls Życia 2050,2050,,,Aktywny rynek,-,rynek,,,,,,,,,,,,,,
,TFI PZU S.A.,inPZU Puls Życia 2050,2050,InPost SA (L,U2290522684),regulowany,,,Euronext Amst,erdam,73,716,Luksemburg,2,940,5,200,"0,78",,,,73.0
,TFI PZU S.A.,inPZU Puls Życia 2055,2055,Subfunduszu PPK inPZU 20,55 wydzi,elonego w ramach,PPK inPZU Specjali,,,,,,,,,,,,,,,
,TFI PZU S.A.,inPZU Puls Życia 2055,2055,Funduszu Inwestycyjnego O,twarteg,o,,,,,,,,,,,,,,,,
,TFI PZU S.A.,inPZU Puls Życia 2055,2055,za okres od 1 stycznia 2024 r.,do 31 gru,dnia 2024 r.,,,,,,,,,,,,,,,,
,TFI PZU S.A.,inPZU Puls Życia 2055,2055,Zarząd TFI PZU SA:,,,,,,,,,,,,,,,,,,
,TFI PZU S.A.,inPZU Puls Życia 2055,2055,Tomasz Stadnik,Prezes Zarz,ądu,,,,,,,,,,,,,,,,
,TFI PZU S.A.,inPZU Puls Życia 2055,2055,,,,………………………………………,,,,,,,,,,,,,,,
,TFI PZU S.A.,inPZU Puls Życia 2055,2055,Tomasz Bilecki,Wiceprezes,Zarządu,,,,,,,,,,,,,,,,
,TFI PZU S.A.,inPZU Puls Życia 2055,2055,,,,………………………………………,,,,,,,,,,,,,,,
,TFI PZU S.A.,inPZU Puls Życia 2055,2055,Marcin Dobrzański,Wiceprezes,Zarządu,,,,,,,,,,,,,,,,
,TFI PZU S.A.,inPZU Puls Życia 2055,2055,,,,………………………………………,,,,,,,,,,,,,,,
,TFI PZU S.A.,inPZU Puls Życia 2055,2055,Marcin Jakubiak,Wiceprezes,Zarządu,,,,,,,,,,,,,,,,
,TFI PZU S.A.,inPZU Puls Życia 2055,2055,,,,………………………………………,,,,,,,,,,,,,,,
,TFI PZU S.A.,inPZU Puls Życia 2055,2055,Jarosław Leśniczak,Wiceprezes,Zarządu,,,,,,,,,,,,,,,,
,TFI PZU S.A.,inPZU Puls Życia 2055,2055,,,,………………………………………,,,,,,,,,,,,,,,
,TFI PZU S.A.,inPZU Puls Życia 2055,2055,Biuro Księgowości Fundu,szy TFI PZ,U SA:,,,,,,,,,,,,,,,,
,TFI PZU S.A.,inPZU Puls Życia 2055,2055,Marcin Bielecki,D,yrektor Biura,,,,,,,,,,,,,,,,
,TFI PZU S.A.,inPZU Puls Życia 2055,2055,,,,…………………………,,,,,,,,,,,,,,,
,TFI PZU S.A.,inPZU Puls Życia 2055,2055,"Warszawa, 24 marca 2025 r.",,,,,,,,,,,,,,,,,,
,TFI PZU S.A.,inPZU Puls Życia 2055,2055,Zarząd Towarzystwa Fu,nduszy Inwest,ycyjnych,PZU,S.A. zgodnie z Ust,awą z dnia 29 września 1994 r. o rachunkow,ości oraz,,,,,,,,,,,,
,TFI PZU S.A.,inPZU Puls Życia 2055,2055,Rozporządzeniem Minist,ra Finansów,z dnia,24 g,rudnia 2007 r. w,sprawie szczególnych zasad rachunkowości,funduszy,,,,,,,,,,,,
,TFI PZU S.A.,inPZU Puls Życia 2055,2055,inPZU Specjalistycznego,Funduszu Inw,estycyjn,ego O,"twartego, zwanego","dalej „Subfunduszem”, obejmujące:",,,,,,,,,,,,,
,TFI PZU S.A.,inPZU Puls Życia 2055,2055,I. Zestawienie lokat,według stanu,na 31 g,rudnia,"2024 r., z tabelam","i uzupełniającymi oraz dodatkowymi,",,,,,,,,,,,,,
,TFI PZU S.A.,inPZU Puls Życia 2055,2055,II. Bilans sporządzon,y na dzień 31,grudnia,2024,"r.,",,,,,,,,,,,,,,
,TFI PZU S.A.,inPZU Puls Życia 2055,2055,III. Rachunek wyniku,z operacji za,okres od,1 sty,cznia do 31 grudnia,"2024 r.,",,,,,,,,,,,,,
,TFI PZU S.A.,inPZU Puls Życia 2055,2055,IV. Zestawienie zmian,w aktywach,"netto,",,,,,,,,,,,,,,,,
,TFI PZU S.A.,inPZU Puls Życia 2055,2055,V. Noty objaśniające,",",,,,,,,,,,,,,,,,,
,TFI PZU S.A.,inPZU Puls Życia 2055,2055,VI. Informację dodat,kową.,,,,,,,,,,,,,,,,,
,TFI PZU S.A.,inPZU Puls Życia 2055,2055,ZEST,AWIENI,E LOKAT,,,,,,,,,,,,,,,,
,TFI PZU S.A.,inPZU Puls Życia 2055,2055,Zestawi,enie lokat,należy anali,zować łącznie,z notami objaśniającymi,i informacją,"dodatkową, k",tóre,stanowią integralną c,zęść prezentowanego s,pra,wozdan,ia jednostkowe,go.,,,,,
,TFI PZU S.A.,inPZU Puls Życia 2055,2055,Tabela,Główn,a,,,,,,,,,,,,,,,,
,TFI PZU S.A.,inPZU Puls Życia 2055,2055,,,,,,,31.12.202,4,,,,,31.12.2023,,,,,,4.0
,TFI PZU S.A.,inPZU Puls Życia 2055,2055,,,SKŁADNIKI,LOKAT,Wartość we,dług ceny,Wartość we,dłu,g Procentowy udz,iał w Wartość według,ce,ny,Wartość wedłu,g Procentowy,udz,iał w,,,
,TFI PZU S.A.,inPZU Puls Życia 2055,2055,,,,,nabycia,w tys. zł,wyceny na d bilansowy w,zie tys.,ń aktywach ogół zł,em nabycia w tys,. zł,b,wyceny na dzie ilansowy w tys.,ń aktywach zł,ogół,em,,,
,TFI PZU S.A.,inPZU Puls Życia 2055,2055,Akcje,,,,,232 278,,265,537,"66,01",157,133,184,775,,"68,98",,,265.0
,TFI PZU S.A.,inPZU Puls Życia 2055,2055,Warrant,y subskrypc,yjne,,,0,,,0,"0,00",,0,,0,,"0,00",,,
,TFI PZU S.A.,inPZU Puls Życia 2055,2055,Prawa d,o akcji,,,,0,,,0,"0,00",,303,,345,,"0,13",,,
,TFI PZU S.A.,inPZU Puls Życia 2055,2055,Prawa p,oboru,,,,0,,,0,"0,00",,0,,0,,"0,00",,,
,TFI PZU S.A.,inPZU Puls Życia 2055,2055,Kwity de,pozytowe,,,,0,,,0,"0,00",,0,,0,,"0,00",,,
,TFI PZU S.A.,inPZU Puls Życia 2055,2055,Listy zas,tawne,,,,1 000,,1,000,"0,25",,500,,500,,"0,19",,,1.0
,TFI PZU S.A.,inPZU Puls Życia 2055,2055,Dłużne p,apiery wart,ościowe,,,122 255,,125,770,"31,26",71,560,74,685,,"27,88",,,125.0
,TFI PZU S.A.,inPZU Puls Życia 2055,2055,Instrum,enty pochod,ne,,,0,,,165,"0,03",,0,,400,,"0,14",,,
,TFI PZU S.A.,inPZU Puls Życia 2055,2055,Udziały,w spółkach,z ograniczoną,odpowiedzialno,ścią,0,,,0,"0,00",,0,,0,,"0,00",,,
,TFI PZU S.A.,inPZU Puls Życia 2055,2055,Jednostk,i uczestnict,wa,,,0,,,0,"0,00",,0,,0,,"0,00",,,
,TFI PZU S.A.,inPZU Puls Życia 2055,2055,Certyfika,ty inwestyc,yjne,,,0,,,0,"0,00",,0,,0,,"0,00",,,
,TFI PZU S.A.,inPZU Puls Życia 2055,2055,Tytuły u,czestnictwa,emitowane p,rzez instytucje w,spólnego,,,,,,,,,,,,,,
,TFI PZU S.A.,inPZU Puls Życia 2055,2055,inwesto,wania mając,e siedzibę za,granicą,,2 846,,2,814,"0,70",,0,,0,,"0,00",,,2.0
,TFI PZU S.A.,inPZU Puls Życia 2055,2055,Wierzyte,lności,,,,0,,,0,"0,00",,0,,0,,"0,00",,,
,TFI PZU S.A.,inPZU Puls Życia 2055,2055,Udzielon,e pożyczki,pieniężne,,,0,,,0,"0,00",,0,,0,,"0,00",,,
,TFI PZU S.A.,inPZU Puls Życia 2055,2055,Weksle,,,,,0,,,0,"0,00",,0,,0,,"0,00",,,
,TFI PZU S.A.,inPZU Puls Życia 2055,2055,Depozyt,y,,,,0,,,0,"0,00",,0,,0,,"0,00",,,
,TFI PZU S.A.,inPZU Puls Życia 2055,2055,Waluty,,,,,0,,,0,"0,00",,0,,0,,"0,00",,,
,TFI PZU S.A.,inPZU Puls Życia 2055,2055,Nierucho,mości,,,,0,,,0,"0,00",,0,,0,,"0,00",,,
,TFI PZU S.A.,inPZU Puls Życia 2055,2055,Statki m,orskie,,,,0,,,0,"0,00",,0,,0,,"0,00",,,
,TFI PZU S.A.,inPZU Puls Życia 2055,2055,Inne,,,,,0,,,0,"0,00",,0,,0,,"0,00",,,
,TFI PZU S.A.,inPZU Puls Życia 2055,2055,Razem,,,,,358 379,3,95,286,"98,25 2",29,496,260,705,,"97,32",,,95.0
,TFI PZU S.A.,inPZU Puls Życia 2055,2055,W tabeli,prezentow,ane są instru,menty pochodne,posiadane przez Subfundu,"sz, których wy",cena na dzień,bila,nsowy jest dodatnia. Ko,mpletna informacja dotyczą,ca i,nstrume,ntów pochodnych,posiadanych przez,Subf,undusz,,,
,TFI PZU S.A.,inPZU Puls Życia 2055,2055,znajduje,się w tabeli,uzupełniając,ej „Instrumenty,pochodne” oraz w „Nocie 6,Instrumenty po,"chodne”, w któ",ryc,h zaprezentowano także (,o ile takowe występowały),niew,ystanda,ryzowane instrum,"enty pochodne, któr",ych,wycena,,,
,TFI PZU S.A.,inPZU Puls Życia 2055,2055,na dzień,bilansowy,była ujemna i,która tym sam,ym została odniesiona w z,obowiązania Su,bfunduszu oraz,wy,standaryzowane instrume,"nty pochodne, których wa",rtoś,ć bilanso,wa wynosiła zero,z uwagi na dzienn,e roz,liczenia,,,
,TFI PZU S.A.,inPZU Puls Życia 2055,2055,Zostały zaprezen,"towane tylko te tabele, które d",otyczą rodz,ajów lokat,posiadanyc,h przez Subfundusz na,dzi,eń b,ilansowy.,,,,,,,,,,
,TFI PZU S.A.,inPZU Puls Życia 2055,2055,,,,,,,,,Kraj siedziby Wartość według,ce,Wartość wed ny,łu,g Procentowy udzi,ał w,,,,,
,TFI PZU S.A.,inPZU Puls Życia 2055,2055,,AKCJE,Rodzaj,rynku,Nazwa r,ynku Liczb,a,,emitenta nabycia w tys.,zł,wyceny na dz bilansowy w t,ie ys,ń aktywach ogółe . zł,m,,,,,
,TFI PZU S.A.,inPZU Puls Życia 2055,2055,,,Aktywny ryn,ek - rynek,,,,,,,,,,,,,,,
,TFI PZU S.A.,inPZU Puls Życia 2055,2055,adidas AG (DE000,A1EWWW0),regulowany,,Xetra,,2,485,Niemcy,1,943,2,514,"0,62",,,,,485.0
,TFI PZU S.A.,inPZU Puls Życia 2055,2055,,,Aktywny ryn,ek - rynek,,,,,,,,,,,,,,,
,TFI PZU S.A.,inPZU Puls Życia 2055,2055,Adobe Systems In,c (US00724F1012),regulowany,,NASDAQ Stock,Market,1,193,Stany Zjednoczone,2,596,2,176,"0,54",,,,,193.0
,TFI PZU S.A.,inPZU Puls Życia 2055,2055,,,Aktywny ryn,ek - rynek,,,,,,,,,,,,,,,
,TFI PZU S.A.,inPZU Puls Życia 2055,2055,Advanced Micro D,evices Inc (US0079031078),regulowany,,NASDAQ Stock,Market,5,155,Stany Zjednoczone,2,618,2,554,"0,63",,,,,155.0
,TFI PZU S.A.,inPZU Puls Życia 2055,2055,,,Aktywny ryn,ek - rynek,,,,,,,,,,,,,,,
,TFI PZU S.A.,inPZU Puls Życia 2055,2055,AGORA (PLAGORA,00067),regulowany,,Główny Rynek,GPW,113,168,Polska,1,299,1,115,"0,28",,,,,168.0
,TFI PZU S.A.,inPZU Puls Życia 2055,2055,,,Aktywny ryn,ek - rynek,,,,,,,,,,,,,,,
,TFI PZU S.A.,inPZU Puls Życia 2055,2055,ALIOR (PLALIOR0,0045),regulowany,,Główny Rynek,GPW,1,659,Polska,,108,,143,"0,04",,,,,659.0
,TFI PZU S.A.,inPZU Puls Życia 2055,2055,,,Aktywny ryn,ek - rynek,,,,,,,,,,,,,,,
,TFI PZU S.A.,inPZU Puls Życia 2055,2055,Allegro.eu SA (LU,2237380790),regulowany,,Główny Rynek,GPW,317,271,Luksemburg,8,961,8,592,"2,14",,,,,271.0
,TFI PZU S.A.,inPZU Puls Życia 2055,2055,,,Aktywny ryn,ek - rynek,,,,,,,,,,,,,,,
,TFI PZU S.A.,inPZU Puls Życia 2055,2055,Alphabet Inc (US0,2079K3059),regulowany,,NASDAQ Stock,Market,3,890,Stany Zjednoczone,2,051,3,020,"0,75",,,,,890.0
,TFI PZU S.A.,inPZU Puls Życia 2055,2055,,,Aktywny ryn,ek - rynek,,,,,,,,,,,,,,,
,TFI PZU S.A.,inPZU Puls Życia 2055,2055,Amazon.com Inc (,US0231351067),regulowany,,NASDAQ Stock,Market,4,670,Stany Zjednoczone,3,482,4,202,"1,04",,,,,670.0
,TFI PZU S.A.,inPZU Puls Życia 2055,2055,,,Aktywny ryn,ek - rynek,,,,,,,,,,,,,,,
,TFI PZU S.A.,inPZU Puls Życia 2055,2055,Anglo American P,LC (GB00B1XZS820),regulowany,,London Stock,Exchange,27,320,Wielka Brytania,3,699,3,325,"0,83",,,,,320.0
,TFI PZU S.A.,inPZU Puls Życia 2055,2055,,,Aktywny ryn,ek - rynek,,,,,,,,,,,,,,,
,TFI PZU S.A.,inPZU Puls Życia 2055,2055,Apple Inc (US037,8331005),regulowany,,NASDAQ Stock,Market,2,997,Stany Zjednoczone,2,410,3,078,"0,77",,,,,997.0
,TFI PZU S.A.,inPZU Puls Życia 2055,2055,,,Aktywny ryn,ek - rynek,,,,,,,,,,,,,,,
,TFI PZU S.A.,inPZU Puls Życia 2055,2055,Archicom SA (PLA,RHCM00016),regulowany,,Główny Rynek,GPW,117,668,Polska,3,374,4,824,"1,20",,,,,668.0
,TFI PZU S.A.,inPZU Puls Życia 2055,2055,,,Aktywny ryn,ek - rynek,,,,,,,,,,,,,,,
,TFI PZU S.A.,inPZU Puls Życia 2055,2055,ASML Holding NV,(NL0010273215),regulowany,,Euronext Ams,terdam,,671,Holandia,1,867,1,946,"0,48",,,,,671.0
,TFI PZU S.A.,inPZU Puls Życia 2055,2055,,,Aktywny ryn,ek - rynek,,,,,,,,,,,,,,,
,TFI PZU S.A.,inPZU Puls Życia 2055,2055,ASSECOSEE (PLAS,SEE00014),regulowany,,Główny Rynek,GPW,19,126,Polska,,837,,937,"0,23",,,,,126.0
,TFI PZU S.A.,inPZU Puls Życia 2055,2055,,,Aktywny ryn,ek - rynek,,,,,,,,,,,,,,,
,TFI PZU S.A.,inPZU Puls Życia 2055,2055,ASTRAZENECA PL,C (GB0009895292),regulowany,,London Stock,Exchange,3,700,Wielka Brytania,1,966,1,994,"0,50",,,,,700.0
,TFI PZU S.A.,inPZU Puls Życia 2055,2055,AUTOPARTN (PLA,TPRT00018),Aktywny ryn,ek - rynek,Główny Rynek,GPW,77,368,Polska,1,455,1,532,"0,38",,,,,368.0
,TFI PZU S.A.,inPZU Puls Życia 2055,2055,,,regulowany,,,,,,,,,,,,,,,,
,TFI PZU S.A.,inPZU Puls Życia 2055,2055,,,Aktywny ryn,ek - rynek,,,,,,,,,,,,,,,
,TFI PZU S.A.,inPZU Puls Życia 2055,2055,BAE Systems PLC,(GB0002634946),regulowany,,London Stock,Exchange,36,500,Wielka Brytania,1,731,2,158,"0,54",,,,,500.0
,TFI PZU S.A.,inPZU Puls Życia 2055,2055,BARRICK GO,LD (CA0679011084),Aktywny rynek,-,rynek,Toronto Stock,Exchange,6,371,Kanada,,608,,405,"0,10",,,,6.0
,TFI PZU S.A.,inPZU Puls Życia 2055,2055,,,regulowany,,,,,,,,,,,,,,,,
,TFI PZU S.A.,inPZU Puls Życia 2055,2055,,,Aktywny rynek,-,rynek,,,,,,,,,,,,,,
,TFI PZU S.A.,inPZU Puls Życia 2055,2055,BENEFIT (PL,BNFTS00018),regulowany,,,Główny Rynek,GPW,3,638,Polska,4,748,10,532,"2,62",,,,3.0
,TFI PZU S.A.,inPZU Puls Życia 2055,2055,,,Aktywny rynek,-,rynek,,,,,,,,,,,,,,
,TFI PZU S.A.,inPZU Puls Życia 2055,2055,BGZBNPP (P,LBGZ0000010),regulowany,,,Główny Rynek,GPW,18,200,Polska,1,823,1,551,"0,39",,,,18.0
,TFI PZU S.A.,inPZU Puls Życia 2055,2055,Bioceltix SA (,PLBCLTX00019),Aktywny rynek,-,rynek,Główny Rynek,GPW,14,871,Polska,,852,1,303,"0,32",,,,14.0
,TFI PZU S.A.,inPZU Puls Życia 2055,2055,,,regulowany,,,,,,,,,,,,,,,,
,TFI PZU S.A.,inPZU Puls Życia 2055,2055,,,Aktywny rynek,-,rynek,,,,,,,,,,,,,,
,TFI PZU S.A.,inPZU Puls Życia 2055,2055,BUDIMEX (P,LBUDMX00013),regulowany,,,Główny Rynek,GPW,7,200,Polska,2,574,3,360,"0,84",,,,7.0
,TFI PZU S.A.,inPZU Puls Życia 2055,2055,,,Aktywny rynek,-,rynek,,,,,,,,,,,,,,
,TFI PZU S.A.,inPZU Puls Życia 2055,2055,CCC (PLCCC0,000016),regulowany,,,Główny Rynek,GPW,14,911,Polska,,640,2,741,"0,68",,,,14.0
,TFI PZU S.A.,inPZU Puls Życia 2055,2055,,,Aktywny rynek,-,rynek,,,,,,,,,,,,,,
,TFI PZU S.A.,inPZU Puls Życia 2055,2055,CDPROJEKT,(PLOPTTC00011),regulowany,,,Główny Rynek,GPW,48,816,Polska,7,268,9,346,"2,32",,,,48.0
,TFI PZU S.A.,inPZU Puls Życia 2055,2055,,,Aktywny rynek,-,rynek,,,,,,,,,,,,,,
,TFI PZU S.A.,inPZU Puls Życia 2055,2055,Cie Financier,e Richemont SA (CH0210483332),regulowany,,,Six Swiss Exch,ange,2,130,Francja,1,335,1,333,"0,33",,,,2.0
,TFI PZU S.A.,inPZU Puls Życia 2055,2055,CREOTECH (,PLCRTCH00017),Aktywny rynek,-,rynek,Główny Rynek,GPW,7,401,Polska,1,152,1,280,"0,32",,,,7.0
,TFI PZU S.A.,inPZU Puls Życia 2055,2055,,,regulowany,,,,,,,,,,,,,,,,
,TFI PZU S.A.,inPZU Puls Życia 2055,2055,,,Aktywny rynek,-,rynek,,,,,,,,,,,,,,
,TFI PZU S.A.,inPZU Puls Życia 2055,2055,cyber_Folks,S.A. (PLR220000018),regulowany,,,Główny Rynek,GPW,14,068,Polska,1,218,2,117,"0,53",,,,14.0
,TFI PZU S.A.,inPZU Puls Życia 2055,2055,,,Aktywny rynek,-,rynek,,,,,,,,,,,,,,
,TFI PZU S.A.,inPZU Puls Życia 2055,2055,Daimler AG (,DE0007100000),regulowany,,,Xetra,,4,460,Niemcy,1,417,1,025,"0,25",,,,4.0
,TFI PZU S.A.,inPZU Puls Życia 2055,2055,,,Aktywny rynek,-,rynek,,,,,,,,,,,,,,
,TFI PZU S.A.,inPZU Puls Życia 2055,2055,Datawalk SA,(PLPILAB00012),regulowany,,,Główny Rynek,GPW,4,634,Polska,,760,,262,"0,07",,,,4.0
,TFI PZU S.A.,inPZU Puls Życia 2055,2055,,,Aktywny rynek,-,rynek,,,,,,,,,,,,,,
,TFI PZU S.A.,inPZU Puls Życia 2055,2055,DexCom Inc,(US2521311074),regulowany,,,NASDAQ Stock,Market,7,032,Stany Zjednoczone,3,111,2,243,"0,56",,,,7.0
,TFI PZU S.A.,inPZU Puls Życia 2055,2055,,,Aktywny rynek,-,rynek,,,,,,,,,,,,,,
,TFI PZU S.A.,inPZU Puls Życia 2055,2055,DINOPL (PLD,INPL00011),regulowany,,,Główny Rynek,GPW,27,083,Polska,9,495,10,557,"2,62",,,,27.0
,TFI PZU S.A.,inPZU Puls Życia 2055,2055,,,Aktywny rynek,-,rynek,,,,,,,,,,,,,,
,TFI PZU S.A.,inPZU Puls Życia 2055,2055,DOMDEV (PL,DMDVL00012),regulowany,,,Główny Rynek,GPW,8,761,Polska,1,237,1,596,"0,40",,,,8.0
,TFI PZU S.A.,inPZU Puls Życia 2055,2055,,,Aktywny rynek,-,rynek,,,,,,,,,,,,,,
,TFI PZU S.A.,inPZU Puls Życia 2055,2055,ERSTE GROU,P BANK (AT0000652011),regulowany,,,Vienna Stock E,xchange,6,962,Austria,1,086,1,775,"0,44",,,,6.0
,TFI PZU S.A.,inPZU Puls Życia 2055,2055,GRENEVIA (,PLFAMUR00012),Aktywny rynek,-,rynek,Główny Rynek,GPW,605,304,Polska,2,179,1,329,"0,33",,,,605.0
,TFI PZU S.A.,inPZU Puls Życia 2055,2055,,,regulowany,,,,,,,,,,,,,,,,
,TFI PZU S.A.,inPZU Puls Życia 2055,2055,,,Aktywny rynek,-,rynek,,,,,,,,,,,,,,
,TFI PZU S.A.,inPZU Puls Życia 2055,2055,Indra Sistem,as SA (ES0118594417),regulowany,,,Spanish Stock,Exchange,21,256,Hiszpania,1,195,1,551,"0,39",,,,21.0
,TFI PZU S.A.,inPZU Puls Życia 2055,2055,,,Aktywny rynek,-,rynek,,,,,,,,,,,,,,
,TFI PZU S.A.,inPZU Puls Życia 2055,2055,InPost SA (L,U2290522684),regulowany,,,Euronext Amst,erdam,43,990,Luksemburg,1,782,3,103,"0,77",,,,43.0
,TFI PZU S.A.,inPZU Puls Życia 2060,2060,Subfunduszu PPK inPZU 20,60 wydzi,elonego w ramach,PPK inPZU Specjali,,,,,,,,,,,,,,,
,TFI PZU S.A.,inPZU Puls Życia 2060,2060,Funduszu Inwestycyjnego O,twarteg,o,,,,,,,,,,,,,,,,
,TFI PZU S.A.,inPZU Puls Życia 2060,2060,za okres od 1 stycznia 2024 r.,do 31 gru,dnia 2024 r.,,,,,,,,,,,,,,,,
,TFI PZU S.A.,inPZU Puls Życia 2060,2060,Zarząd TFI PZU SA:,,,,,,,,,,,,,,,,,,
,TFI PZU S.A.,inPZU Puls Życia 2060,2060,Tomasz Stadnik,Prezes Zarz,ądu,,,,,,,,,,,,,,,,
,TFI PZU S.A.,inPZU Puls Życia 2060,2060,,,,………………………………………,,,,,,,,,,,,,,,
,TFI PZU S.A.,inPZU Puls Życia 2060,2060,Tomasz Bilecki,Wiceprezes,Zarządu,,,,,,,,,,,,,,,,
,TFI PZU S.A.,inPZU Puls Życia 2060,2060,,,,………………………………………,,,,,,,,,,,,,,,
,TFI PZU S.A.,inPZU Puls Życia 2060,2060,Marcin Dobrzański,Wiceprezes,Zarządu,,,,,,,,,,,,,,,,
,TFI PZU S.A.,inPZU Puls Życia 2060,2060,,,,………………………………………,,,,,,,,,,,,,,,
,TFI PZU S.A.,inPZU Puls Życia 2060,2060,Marcin Jakubiak,Wiceprezes,Zarządu,,,,,,,,,,,,,,,,
,TFI PZU S.A.,inPZU Puls Życia 2060,2060,,,,………………………………………,,,,,,,,,,,,,,,
,TFI PZU S.A.,inPZU Puls Życia 2060,2060,Jarosław Leśniczak,Wiceprezes,Zarządu,,,,,,,,,,,,,,,,
,TFI PZU S.A.,inPZU Puls Życia 2060,2060,,,,………………………………………,,,,,,,,,,,,,,,
,TFI PZU S.A.,inPZU Puls Życia 2060,2060,Biuro Księgowości Fundu,szy TFI PZ,U SA:,,,,,,,,,,,,,,,,
,TFI PZU S.A.,inPZU Puls Życia 2060,2060,Marcin Bielecki,D,yrektor Biura,,,,,,,,,,,,,,,,
,TFI PZU S.A.,inPZU Puls Życia 2060,2060,,,,…………………………,,,,,,,,,,,,,,,
,TFI PZU S.A.,inPZU Puls Życia 2060,2060,"Warszawa, 24 marca 2025 r.",,,,,,,,,,,,,,,,,,
,TFI PZU S.A.,inPZU Puls Życia 2060,2060,Zarząd Towarzystwa Fu,nduszy Inwest,ycyjnych,PZU,S.A. zgodnie z Ust,awą z dnia 29 września 1994 r. o rachunkow,ości oraz,,,,,,,,,,,,
,TFI PZU S.A.,inPZU Puls Życia 2060,2060,Rozporządzeniem Minist,ra Finansów,z dnia,24 g,rudnia 2007 r. w,sprawie szczególnych zasad rachunkowości,funduszy,,,,,,,,,,,,
,TFI PZU S.A.,inPZU Puls Życia 2060,2060,inPZU Specjalistycznego,Funduszu Inw,estycyjn,ego O,"twartego, zwanego","dalej „Subfunduszem”, obejmujące:",,,,,,,,,,,,,
,TFI PZU S.A.,inPZU Puls Życia 2060,2060,I. Zestawienie lokat,według stanu,na 31 g,rudnia,"2024 r., z tabelam","i uzupełniającymi oraz dodatkowymi,",,,,,,,,,,,,,
,TFI PZU S.A.,inPZU Puls Życia 2060,2060,II. Bilans sporządzon,y na dzień 31,grudnia,2024,"r.,",,,,,,,,,,,,,,
,TFI PZU S.A.,inPZU Puls Życia 2060,2060,III. Rachunek wyniku,z operacji za,okres od,1 sty,cznia do 31 grudnia,"2024 r.,",,,,,,,,,,,,,
,TFI PZU S.A.,inPZU Puls Życia 2060,2060,IV. Zestawienie zmian,w aktywach,"netto,",,,,,,,,,,,,,,,,
,TFI PZU S.A.,inPZU Puls Życia 2060,2060,V. Noty objaśniające,",",,,,,,,,,,,,,,,,,
,TFI PZU S.A.,inPZU Puls Życia 2060,2060,VI. Informację dodat,kową.,,,,,,,,,,,,,,,,,
,TFI PZU S.A.,inPZU Puls Życia 2060,2060,ZEST,AWIENI,E LOKAT,,,,,,,,,,,,,,,,
,TFI PZU S.A.,inPZU Puls Życia 2060,2060,Zestawi,enie lokat,należy anali,zować łącznie,z notami objaśniającymi,i informacją,"dodatkową, kt",óre,stanowią integralną c,zęść prezentowanego sp,ra,wozdan,ia jednostkowe,go.,,,,,
,TFI PZU S.A.,inPZU Puls Życia 2060,2060,Tabela,Główn,a,,,,,,,,,,,,,,,,
,TFI PZU S.A.,inPZU Puls Życia 2060,2060,,,,,,,31.12.2024,,,,,,31.12.2023,,,,,,
,TFI PZU S.A.,inPZU Puls Życia 2060,2060,,,SKŁADNIKI,LOKAT,Wartość we,dług ceny,Wartość wed,łu,g Procentowy udz,iał w Wartość według,ce,ny,Wartość wedłu,g Procentowy,udz,iał w,,,
,TFI PZU S.A.,inPZU Puls Życia 2060,2060,,,,,nabycia,w tys. zł,wyceny na d bilansowy w t,zie ys.,ń aktywach ogół zł,em nabycia w tys.,zł,b,wyceny na dzie ilansowy w tys.,ń aktywach zł,ogół,em,,,
,TFI PZU S.A.,inPZU Puls Życia 2060,2060,Akcje,,,,,85 810,,96,572,"66,10",51,819,60,994,,"68,47",,,96.0
,TFI PZU S.A.,inPZU Puls Życia 2060,2060,Warrant,y subskrypc,yjne,,,0,,,0,"0,00",,0,,0,,"0,00",,,
,TFI PZU S.A.,inPZU Puls Życia 2060,2060,Prawa d,o akcji,,,,0,,,0,"0,00",,101,,115,,"0,13",,,
,TFI PZU S.A.,inPZU Puls Życia 2060,2060,Prawa p,oboru,,,,0,,,0,"0,00",,0,,0,,"0,00",,,
,TFI PZU S.A.,inPZU Puls Życia 2060,2060,Kwity de,pozytowe,,,,0,,,0,"0,00",,0,,0,,"0,00",,,
,TFI PZU S.A.,inPZU Puls Życia 2060,2060,Listy zas,tawne,,,,0,,,0,"0,00",,0,,0,,"0,00",,,
,TFI PZU S.A.,inPZU Puls Życia 2060,2060,Dłużne p,apiery wart,ościowe,,,43 843,,45,095,"30,87",24,527,25,706,,"28,86",,,45.0
,TFI PZU S.A.,inPZU Puls Życia 2060,2060,Instrum,enty pochod,ne,,,0,,,63,"0,04",,0,,121,,"0,13",,,
,TFI PZU S.A.,inPZU Puls Życia 2060,2060,Udziały,w spółkach,z ograniczoną,odpowiedzialno,ścią,0,,,0,"0,00",,0,,0,,"0,00",,,
,TFI PZU S.A.,inPZU Puls Życia 2060,2060,Jednostk,i uczestnict,wa,,,0,,,0,"0,00",,0,,0,,"0,00",,,
,TFI PZU S.A.,inPZU Puls Życia 2060,2060,Certyfika,ty inwestyc,yjne,,,0,,,0,"0,00",,0,,0,,"0,00",,,
,TFI PZU S.A.,inPZU Puls Życia 2060,2060,Tytuły u,czestnictwa,emitowane p,rzez instytucje w,spólnego,,,,,,,,,,,,,,
,TFI PZU S.A.,inPZU Puls Życia 2060,2060,inwesto,wania mając,e siedzibę za,granicą,,1 035,,1,023,"0,70",,0,,0,,"0,00",,,1.0
,TFI PZU S.A.,inPZU Puls Życia 2060,2060,Wierzyte,lności,,,,0,,,0,"0,00",,0,,0,,"0,00",,,
,TFI PZU S.A.,inPZU Puls Życia 2060,2060,Udzielon,e pożyczki,pieniężne,,,0,,,0,"0,00",,0,,0,,"0,00",,,
,TFI PZU S.A.,inPZU Puls Życia 2060,2060,Weksle,,,,,0,,,0,"0,00",,0,,0,,"0,00",,,
,TFI PZU S.A.,inPZU Puls Życia 2060,2060,Depozyt,y,,,,0,,,0,"0,00",,0,,0,,"0,00",,,
,TFI PZU S.A.,inPZU Puls Życia 2060,2060,Waluty,,,,,0,,,0,"0,00",,0,,0,,"0,00",,,
,TFI PZU S.A.,inPZU Puls Życia 2060,2060,Nierucho,mości,,,,0,,,0,"0,00",,0,,0,,"0,00",,,
,TFI PZU S.A.,inPZU Puls Życia 2060,2060,Statki m,orskie,,,,0,,,0,"0,00",,0,,0,,"0,00",,,
,TFI PZU S.A.,inPZU Puls Życia 2060,2060,Inne,,,,,0,,,0,"0,00",,0,,0,,"0,00",,,
,TFI PZU S.A.,inPZU Puls Życia 2060,2060,Razem,,,,,130 688,14,2,753,"97,71 7",6,447,86,936,,"97,59",,,2.0
,TFI PZU S.A.,inPZU Puls Życia 2060,2060,W tabeli,prezentow,ane są instru,menty pochodne,posiadane przez Subfundu,"sz, których wy",cena na dzień b,ila,nsowy jest dodatnia. Ko,mpletna informacja dotycząc,a i,nstrume,ntów pochodnych,posiadanych przez,Subf,undusz,,,
,TFI PZU S.A.,inPZU Puls Życia 2060,2060,znajduje,się w tabeli,uzupełniając,ej „Instrumenty,pochodne” oraz w „Nocie 6,Instrumenty po,"chodne”, w któr",yc,h zaprezentowano także (,o ile takowe występowały) n,iew,ystanda,ryzowane instrum,"enty pochodne, któr",ych,wycena,,,
,TFI PZU S.A.,inPZU Puls Życia 2060,2060,na dzień,bilansowy,była ujemna i,która tym sam,ym została odniesiona w z,obowiązania Su,bfunduszu oraz,wy,standaryzowane instrume,"nty pochodne, których wart",oś,ć bilanso,wa wynosiła zero,z uwagi na dzienn,e roz,liczenia,,,
,TFI PZU S.A.,inPZU Puls Życia 2060,2060,Zostały zaprezen,"towane tylko te tabele, które d",otyczą rodz,ajów lokat,posiadanych,przez Subfundusz na,dzi,eń b,ilansowy.,,,,,,,,,,
,TFI PZU S.A.,inPZU Puls Życia 2060,2060,,,,,,,,,Kraj siedziby Wartość według,ce,Wartość wed ny,łu,g Procentowy udzi,ał w,,,,,
,TFI PZU S.A.,inPZU Puls Życia 2060,2060,,AKCJE,Rodzaj,rynku,Nazwa r,ynku Liczb,a,,emitenta nabycia w tys.,zł,wyceny na dz bilansowy w t,ie ys,ń aktywach ogółe . zł,m,,,,,
,TFI PZU S.A.,inPZU Puls Życia 2060,2060,,,Aktywny ryn,ek - rynek,,,,,,,,,,,,,,,
,TFI PZU S.A.,inPZU Puls Życia 2060,2060,adidas AG (DE000,A1EWWW0),regulowany,,Xetra,,,890,Niemcy,,696,,901,"0,62",,,,,890.0
,TFI PZU S.A.,inPZU Puls Życia 2060,2060,,,Aktywny ryn,ek - rynek,,,,,,,,,,,,,,,
,TFI PZU S.A.,inPZU Puls Życia 2060,2060,Adobe Systems In,c (US00724F1012),regulowany,,NASDAQ Stock,Market,,428,Stany Zjednoczone,,929,,781,"0,53",,,,,428.0
,TFI PZU S.A.,inPZU Puls Życia 2060,2060,,,Aktywny ryn,ek - rynek,,,,,,,,,,,,,,,
,TFI PZU S.A.,inPZU Puls Życia 2060,2060,Advanced Micro D,evices Inc (US0079031078),regulowany,,NASDAQ Stock,Market,1,985,Stany Zjednoczone,1,039,,983,"0,67",,,,,985.0
,TFI PZU S.A.,inPZU Puls Życia 2060,2060,,,Aktywny ryn,ek - rynek,,,,,,,,,,,,,,,
,TFI PZU S.A.,inPZU Puls Życia 2060,2060,AGORA (PLAGORA,00067),regulowany,,Główny Rynek,GPW,40,615,Polska,,459,,400,"0,27",,,,,615.0
,TFI PZU S.A.,inPZU Puls Życia 2060,2060,,,Aktywny ryn,ek - rynek,,,,,,,,,,,,,,,
,TFI PZU S.A.,inPZU Puls Życia 2060,2060,ALIOR (PLALIOR0,0045),regulowany,,Główny Rynek,GPW,,414,Polska,,27,,36,"0,02",,,,,414.0
,TFI PZU S.A.,inPZU Puls Życia 2060,2060,,,Aktywny ryn,ek - rynek,,,,,,,,,,,,,,,
,TFI PZU S.A.,inPZU Puls Życia 2060,2060,Allegro.eu SA (LU,2237380790),regulowany,,Główny Rynek,GPW,114,142,Luksemburg,3,269,3,091,"2,12",,,,,142.0
,TFI PZU S.A.,inPZU Puls Życia 2060,2060,,,Aktywny ryn,ek - rynek,,,,,,,,,,,,,,,
,TFI PZU S.A.,inPZU Puls Życia 2060,2060,Alphabet Inc (US0,2079K3059),regulowany,,NASDAQ Stock,Market,1,270,Stany Zjednoczone,,682,,986,"0,67",,,,,270.0
,TFI PZU S.A.,inPZU Puls Życia 2060,2060,,,Aktywny ryn,ek - rynek,,,,,,,,,,,,,,,
,TFI PZU S.A.,inPZU Puls Życia 2060,2060,Amazon.com Inc (,US0231351067),regulowany,,NASDAQ Stock,Market,1,685,Stany Zjednoczone,1,258,1,516,"1,04",,,,,685.0
,TFI PZU S.A.,inPZU Puls Życia 2060,2060,,,Aktywny ryn,ek - rynek,,,,,,,,,,,,,,,
,TFI PZU S.A.,inPZU Puls Życia 2060,2060,Anglo American P,LC (GB00B1XZS820),regulowany,,London Stock,Exchange,9,265,Wielka Brytania,1,232,1,128,"0,77",,,,,265.0
,TFI PZU S.A.,inPZU Puls Życia 2060,2060,,,Aktywny ryn,ek - rynek,,,,,,,,,,,,,,,
,TFI PZU S.A.,inPZU Puls Życia 2060,2060,Apple Inc (US037,8331005),regulowany,,NASDAQ Stock,Market,1,065,Stany Zjednoczone,,861,1,094,"0,75",,,,,65.0
,TFI PZU S.A.,inPZU Puls Życia 2060,2060,,,Aktywny ryn,ek - rynek,,,,,,,,,,,,,,,
,TFI PZU S.A.,inPZU Puls Życia 2060,2060,Archicom SA (PLA,RHCM00016),regulowany,,Główny Rynek,GPW,42,563,Polska,1,262,1,745,"1,19",,,,,563.0
,TFI PZU S.A.,inPZU Puls Życia 2060,2060,,,Aktywny ryn,ek - rynek,,,,,,,,,,,,,,,
,TFI PZU S.A.,inPZU Puls Życia 2060,2060,ASML Holding NV,(NL0010273215),regulowany,,Euronext Ams,terdam,,220,Holandia,,606,,638,"0,44",,,,,220.0
,TFI PZU S.A.,inPZU Puls Życia 2060,2060,,,Aktywny ryn,ek - rynek,,,,,,,,,,,,,,,
,TFI PZU S.A.,inPZU Puls Życia 2060,2060,ASSECOSEE (PLAS,SEE00014),regulowany,,Główny Rynek,GPW,5,874,Polska,,256,,288,"0,20",,,,,874.0
,TFI PZU S.A.,inPZU Puls Życia 2060,2060,,,Aktywny ryn,ek - rynek,,,,,,,,,,,,,,,
,TFI PZU S.A.,inPZU Puls Życia 2060,2060,ASTRAZENECA PL,C (GB0009895292),regulowany,,London Stock,Exchange,1,220,Wielka Brytania,,648,,658,"0,45",,,,,220.0
,TFI PZU S.A.,inPZU Puls Życia 2060,2060,AUTOPARTN (PLA,TPRT00018),Aktywny ryn,ek - rynek,Główny Rynek,GPW,25,654,Polska,,408,,508,"0,35",,,,,654.0
,TFI PZU S.A.,inPZU Puls Życia 2060,2060,,,regulowany,,,,,,,,,,,,,,,,
,TFI PZU S.A.,inPZU Puls Życia 2060,2060,,,Aktywny ryn,ek - rynek,,,,,,,,,,,,,,,
,TFI PZU S.A.,inPZU Puls Życia 2060,2060,BAE Systems PLC,(GB0002634946),regulowany,,London Stock,Exchange,12,050,Wielka Brytania,,575,,713,"0,49",,,,,50.0
,TFI PZU S.A.,inPZU Puls Życia 2060,2060,BARRICK GO,LD (CA0679011084),Aktywny rynek,-,rynek,Toronto Stock,Exchange,2,001,Kanada,,194,,127,"0,09",,,,2.0
,TFI PZU S.A.,inPZU Puls Życia 2060,2060,,,regulowany,,,,,,,,,,,,,,,,
,TFI PZU S.A.,inPZU Puls Życia 2060,2060,,,Aktywny rynek,-,rynek,,,,,,,,,,,,,,
,TFI PZU S.A.,inPZU Puls Życia 2060,2060,BENEFIT (PL,BNFTS00018),regulowany,,,Główny Rynek,GPW,1,386,Polska,2,056,4,011,"2,75",,,,1.0
,TFI PZU S.A.,inPZU Puls Życia 2060,2060,,,Aktywny rynek,-,rynek,,,,,,,,,,,,,,
,TFI PZU S.A.,inPZU Puls Życia 2060,2060,BGZBNPP (P,LBGZ0000010),regulowany,,,Główny Rynek,GPW,6,300,Polska,,631,,537,"0,37",,,,6.0
,TFI PZU S.A.,inPZU Puls Życia 2060,2060,Bioceltix SA (,PLBCLTX00019),Aktywny rynek,-,rynek,Główny Rynek,GPW,5,167,Polska,,296,,453,"0,31",,,,5.0
,TFI PZU S.A.,inPZU Puls Życia 2060,2060,,,regulowany,,,,,,,,,,,,,,,,
,TFI PZU S.A.,inPZU Puls Życia 2060,2060,,,Aktywny rynek,-,rynek,,,,,,,,,,,,,,
,TFI PZU S.A.,inPZU Puls Życia 2060,2060,BUDIMEX (P,LBUDMX00013),regulowany,,,Główny Rynek,GPW,3,165,Polska,1,307,1,477,"1,01",,,,3.0
,TFI PZU S.A.,inPZU Puls Życia 2060,2060,,,Aktywny rynek,-,rynek,,,,,,,,,,,,,,
,TFI PZU S.A.,inPZU Puls Życia 2060,2060,CCC (PLCCC0,000016),regulowany,,,Główny Rynek,GPW,6,244,Polska,,280,1,148,"0,79",,,,6.0
,TFI PZU S.A.,inPZU Puls Życia 2060,2060,,,Aktywny rynek,-,rynek,,,,,,,,,,,,,,
,TFI PZU S.A.,inPZU Puls Życia 2060,2060,CDPROJEKT,(PLOPTTC00011),regulowany,,,Główny Rynek,GPW,16,844,Polska,2,473,3,225,"2,21",,,,16.0
,TFI PZU S.A.,inPZU Puls Życia 2060,2060,,,Aktywny rynek,-,rynek,,,,,,,,,,,,,,
,TFI PZU S.A.,inPZU Puls Życia 2060,2060,Cie Financier,e Richemont SA (CH0210483332),regulowany,,,Six Swiss Exch,ange,,695,Francja,,440,,435,"0,30",,,,
,TFI PZU S.A.,inPZU Puls Życia 2060,2060,CREOTECH (,PLCRTCH00017),Aktywny rynek,-,rynek,Główny Rynek,GPW,2,454,Polska,,385,,425,"0,29",,,,2.0
,TFI PZU S.A.,inPZU Puls Życia 2060,2060,,,regulowany,,,,,,,,,,,,,,,,
,TFI PZU S.A.,inPZU Puls Życia 2060,2060,,,Aktywny rynek,-,rynek,,,,,,,,,,,,,,
,TFI PZU S.A.,inPZU Puls Życia 2060,2060,cyber_Folks,S.A. (PLR220000018),regulowany,,,Główny Rynek,GPW,4,724,Polska,,408,,711,"0,49",,,,4.0
,TFI PZU S.A.,inPZU Puls Życia 2060,2060,,,Aktywny rynek,-,rynek,,,,,,,,,,,,,,
,TFI PZU S.A.,inPZU Puls Życia 2060,2060,Daimler AG (,DE0007100000),regulowany,,,Xetra,,1,435,Niemcy,,456,,330,"0,23",,,,1.0
,TFI PZU S.A.,inPZU Puls Życia 2060,2060,,,Aktywny rynek,-,rynek,,,,,,,,,,,,,,
,TFI PZU S.A.,inPZU Puls Życia 2060,2060,Datawalk SA,(PLPILAB00012),regulowany,,,Główny Rynek,GPW,1,318,Polska,,214,,75,"0,05",,,,1.0
,TFI PZU S.A.,inPZU Puls Życia 2060,2060,,,Aktywny rynek,-,rynek,,,,,,,,,,,,,,
,TFI PZU S.A.,inPZU Puls Życia 2060,2060,DexCom Inc,(US2521311074),regulowany,,,NASDAQ Stock,Market,2,541,Stany Zjednoczone,1,111,,810,"0,55",,,,2.0
,TFI PZU S.A.,inPZU Puls Życia 2060,2060,,,Aktywny rynek,-,rynek,,,,,,,,,,,,,,
,TFI PZU S.A.,inPZU Puls Życia 2060,2060,DINOPL (PLD,INPL00011),regulowany,,,Główny Rynek,GPW,9,749,Polska,3,485,3,800,"2,60",,,,9.0
,TFI PZU S.A.,inPZU Puls Życia 2060,2060,,,Aktywny rynek,-,rynek,,,,,,,,,,,,,,
,TFI PZU S.A.,inPZU Puls Życia 2060,2060,DOMDEV (PL,DMDVL00012),regulowany,,,Główny Rynek,GPW,3,141,Polska,,431,,572,"0,39",,,,3.0
,TFI PZU S.A.,inPZU Puls Życia 2060,2060,,,Aktywny rynek,-,rynek,,,,,,,,,,,,,,
,TFI PZU S.A.,inPZU Puls Życia 2060,2060,ERSTE GROU,P BANK (AT0000652011),regulowany,,,Vienna Stock E,xchange,2,332,Austria,,364,,594,"0,41",,,,2.0
,TFI PZU S.A.,inPZU Puls Życia 2060,2060,GRENEVIA (,PLFAMUR00012),Aktywny rynek,-,rynek,Główny Rynek,GPW,197,928,Polska,,714,,434,"0,30",,,,197.0
,TFI PZU S.A.,inPZU Puls Życia 2060,2060,,,regulowany,,,,,,,,,,,,,,,,
,TFI PZU S.A.,inPZU Puls Życia 2060,2060,,,Aktywny rynek,-,rynek,,,,,,,,,,,,,,
,TFI PZU S.A.,inPZU Puls Życia 2060,2060,Indra Sistem,as SA (ES0118594417),regulowany,,,Spanish Stock,Exchange,7,540,Hiszpania,,428,,550,"0,38",,,,7.0
,TFI PZU S.A.,inPZU Puls Życia 2060,2060,,,Aktywny rynek,-,rynek,,,,,,,,,,,,,,
,TFI PZU S.A.,inPZU Puls Życia 2060,2060,InPost SA (L,U2290522684),regulowany,,,Euronext Amst,erdam,15,560,Luksemburg,,652,1,098,"0,75",,,,15.0
