quarter;instytucja;fundusz;emitent;shares_no;source
4Q23;Nationale-Nederlanden;NN DFE Nasze Jutro 2030;ASML Holding N.V.;428,6371484;nationale_nederlanden_fixed_structure.csv
4Q23;Nationale-Nederlanden;NN DFE Nasze Jutro 2030;Advanced Micro Devices Inc.;1067,253144;nationale_nederlanden_fixed_structure.csv
4Q23;Nationale-Nederlanden;NN DFE Nasze Jutro 2030;Agnico Eagle Mines Ltd;2351,688308;nationale_nederlanden_fixed_structure.csv
4Q23;Nationale-Nederlanden;NN DFE Nasze Jutro 2030;Alior Bank S.A.;47674,07781;nationale_nederlanden_fixed_structure.csv
4Q23;Nationale-Nederlanden;NN DFE Nasze Jutro 2030;Allegro.eu S.A.;95449,11478;nationale_nederlanden_fixed_structure.csv
4Q23;Nationale-Nederlanden;NN DFE Nasze Jutro 2030;Allianz SE;602,8981256;nationale_nederlanden_fixed_structure.csv
4Q23;Nationale-Nederlanden;NN DFE Nasze Jutro 2030;Alphabet Inc.;4575,722706;nationale_nederlanden_fixed_structure.csv
4Q23;Nationale-Nederlanden;NN DFE Nasze Jutro 2030;Amazon.com Inc.;1680,24317;nationale_nederlanden_fixed_structure.csv
4Q23;Nationale-Nederlanden;NN DFE Nasze Jutro 2030;Apple Inc.;110,075161;nationale_nederlanden_fixed_structure.csv
4Q23;Nationale-Nederlanden;NN DFE Nasze Jutro 2030;Applied Materials Inc.;42,17305886;nationale_nederlanden_fixed_structure.csv
4Q23;Nationale-Nederlanden;NN DFE Nasze Jutro 2030;Asseco Poland S.A.;40298,14364;nationale_nederlanden_fixed_structure.csv
4Q23;Nationale-Nederlanden;NN DFE Nasze Jutro 2030;BNP Paribas Bank Polska S.A.;#VALUE!;nationale_nederlanden_fixed_structure.csv
4Q23;Nationale-Nederlanden;NN DFE Nasze Jutro 2030;BNP Paribas SA;109,2418787;nationale_nederlanden_fixed_structure.csv
4Q23;Nationale-Nederlanden;NN DFE Nasze Jutro 2030;Banco Bilbao Vizcaya Argentaria S.A.;14054,57783;nationale_nederlanden_fixed_structure.csv
4Q23;Nationale-Nederlanden;NN DFE Nasze Jutro 2030;Banco Comercial Portugues S.A.;507162,5685;nationale_nederlanden_fixed_structure.csv
4Q23;Nationale-Nederlanden;NN DFE Nasze Jutro 2030;Banco Santander S.A.;56970,18687;nationale_nederlanden_fixed_structure.csv
4Q23;Nationale-Nederlanden;NN DFE Nasze Jutro 2030;Bank Millennium S.A.;249252,8953;nationale_nederlanden_fixed_structure.csv
4Q23;Nationale-Nederlanden;NN DFE Nasze Jutro 2030;Bank Pekao S.A.;34517,42177;nationale_nederlanden_fixed_structure.csv
4Q23;Nationale-Nederlanden;NN DFE Nasze Jutro 2030;Bank of America Corp.;2537,794746;nationale_nederlanden_fixed_structure.csv
4Q23;Nationale-Nederlanden;NN DFE Nasze Jutro 2030;Benefit Systems S.A.;2130,958523;nationale_nederlanden_fixed_structure.csv
4Q23;Nationale-Nederlanden;NN DFE Nasze Jutro 2030;Berkshire Hathaway Inc.;0,208989516;nationale_nederlanden_fixed_structure.csv
4Q23;Nationale-Nederlanden;NN DFE Nasze Jutro 2030;Broadcom Inc.;3526,024529;nationale_nederlanden_fixed_structure.csv
4Q23;Nationale-Nederlanden;NN DFE Nasze Jutro 2030;Budimex S.A.;2306,825176;nationale_nederlanden_fixed_structure.csv
4Q23;Nationale-Nederlanden;NN DFE Nasze Jutro 2030;CCC S.A.;7730,856442;nationale_nederlanden_fixed_structure.csv
4Q23;Nationale-Nederlanden;NN DFE Nasze Jutro 2030;CD Projekt S.A.;29312,43617;nationale_nederlanden_fixed_structure.csv
4Q23;Nationale-Nederlanden;NN DFE Nasze Jutro 2030;CaixaBank SA;74873,58135;nationale_nederlanden_fixed_structure.csv
4Q23;Nationale-Nederlanden;NN DFE Nasze Jutro 2030;Caterpillar Inc.;479,7733274;nationale_nederlanden_fixed_structure.csv
4Q23;Nationale-Nederlanden;NN DFE Nasze Jutro 2030;Coca-Cola Company;229,5666798;nationale_nederlanden_fixed_structure.csv
4Q23;Nationale-Nederlanden;NN DFE Nasze Jutro 2030;CrowdStrike Holdings Inc.;905,8817376;nationale_nederlanden_fixed_structure.csv
4Q23;Nationale-Nederlanden;NN DFE Nasze Jutro 2030;Cyber_Folks S.A.;19387,78364;nationale_nederlanden_fixed_structure.csv
4Q23;Nationale-Nederlanden;NN DFE Nasze Jutro 2030;DataWalk S.A.;39461,50083;nationale_nederlanden_fixed_structure.csv
4Q23;Nationale-Nederlanden;NN DFE Nasze Jutro 2030;Deutsche Post AG;37,49765807;nationale_nederlanden_fixed_structure.csv
4Q23;Nationale-Nederlanden;NN DFE Nasze Jutro 2030;Diagnostyka S.A.;#VALUE!;nationale_nederlanden_fixed_structure.csv
4Q23;Nationale-Nederlanden;NN DFE Nasze Jutro 2030;Dino Polska S.A.;78078,85175;nationale_nederlanden_fixed_structure.csv
4Q23;Nationale-Nederlanden;NN DFE Nasze Jutro 2030;Erste Group Bank AG;2128,44667;nationale_nederlanden_fixed_structure.csv
4Q23;Nationale-Nederlanden;NN DFE Nasze Jutro 2030;GE Vernova Inc.;#VALUE!;nationale_nederlanden_fixed_structure.csv
4Q23;Nationale-Nederlanden;NN DFE Nasze Jutro 2030;General Electric Co.;1526,436994;nationale_nederlanden_fixed_structure.csv
4Q23;Nationale-Nederlanden;NN DFE Nasze Jutro 2030;Grenergy Renovables S.A.;7303,969442;nationale_nederlanden_fixed_structure.csv
4Q23;Nationale-Nederlanden;NN DFE Nasze Jutro 2030;Grupa Kęty S.A.;3033,839691;nationale_nederlanden_fixed_structure.csv
4Q23;Nationale-Nederlanden;NN DFE Nasze Jutro 2030;Grupa Pracuj S.A.;#VALUE!;nationale_nederlanden_fixed_structure.csv
4Q23;Nationale-Nederlanden;NN DFE Nasze Jutro 2030;ING Bank Śląski S.A.;12314,3048;nationale_nederlanden_fixed_structure.csv
4Q23;Nationale-Nederlanden;NN DFE Nasze Jutro 2030;ING Groep N.V.;4230,640772;nationale_nederlanden_fixed_structure.csv
4Q23;Nationale-Nederlanden;NN DFE Nasze Jutro 2030;InPost S.A.;8678,671591;nationale_nederlanden_fixed_structure.csv
4Q23;Nationale-Nederlanden;NN DFE Nasze Jutro 2030;Intel Corp.;119,2029717;nationale_nederlanden_fixed_structure.csv
4Q23;Nationale-Nederlanden;NN DFE Nasze Jutro 2030;JP Morgan Chase & Co.;1240,423278;nationale_nederlanden_fixed_structure.csv
4Q23;Nationale-Nederlanden;NN DFE Nasze Jutro 2030;KGHM Polska Miedź S.A.;32215,85069;nationale_nederlanden_fixed_structure.csv
4Q23;Nationale-Nederlanden;NN DFE Nasze Jutro 2030;Kruk S.A.;3396,974403;nationale_nederlanden_fixed_structure.csv
4Q23;Nationale-Nederlanden;NN DFE Nasze Jutro 2030;LPP S.A.;434,3162903;nationale_nederlanden_fixed_structure.csv
4Q23;Nationale-Nederlanden;NN DFE Nasze Jutro 2030;LVMH S.A.;121,4523799;nationale_nederlanden_fixed_structure.csv
4Q23;Nationale-Nederlanden;NN DFE Nasze Jutro 2030;Linde Plc;43,79787541;nationale_nederlanden_fixed_structure.csv
4Q23;Nationale-Nederlanden;NN DFE Nasze Jutro 2030;Lundin Mining Corp.;50224,20271;nationale_nederlanden_fixed_structure.csv
4Q23;Nationale-Nederlanden;NN DFE Nasze Jutro 2030;Mercadolibre Inc.;23,50951193;nationale_nederlanden_fixed_structure.csv
4Q23;Nationale-Nederlanden;NN DFE Nasze Jutro 2030;Meta Platforms Inc.;95,776843;nationale_nederlanden_fixed_structure.csv
4Q23;Nationale-Nederlanden;NN DFE Nasze Jutro 2030;Micron Technology Inc.;4094,692832;nationale_nederlanden_fixed_structure.csv
4Q23;Nationale-Nederlanden;NN DFE Nasze Jutro 2030;Microsoft Corp.;882,2574339;nationale_nederlanden_fixed_structure.csv
4Q23;Nationale-Nederlanden;NN DFE Nasze Jutro 2030;Mirbud S.A.;43322,81441;nationale_nederlanden_fixed_structure.csv
4Q23;Nationale-Nederlanden;NN DFE Nasze Jutro 2030;Münchener Rück AG;32,07626445;nationale_nederlanden_fixed_structure.csv
4Q23;Nationale-Nederlanden;NN DFE Nasze Jutro 2030;Nektar Therapeutics;34493,29637;nationale_nederlanden_fixed_structure.csv
4Q23;Nationale-Nederlanden;NN DFE Nasze Jutro 2030;Nvidia Corp.;10586,06746;nationale_nederlanden_fixed_structure.csv
4Q23;Nationale-Nederlanden;NN DFE Nasze Jutro 2030;Oracle Corp.;1676,83266;nationale_nederlanden_fixed_structure.csv
4Q23;Nationale-Nederlanden;NN DFE Nasze Jutro 2030;Orange Polska S.A.;156959,8157;nationale_nederlanden_fixed_structure.csv
4Q23;Nationale-Nederlanden;NN DFE Nasze Jutro 2030;Orlen S.A.;57294,46885;nationale_nederlanden_fixed_structure.csv
4Q23;Nationale-Nederlanden;NN DFE Nasze Jutro 2030;PGE Polska Grupa Energetyczna S.A.;92558,29799;nationale_nederlanden_fixed_structure.csv
4Q23;Nationale-Nederlanden;NN DFE Nasze Jutro 2030;PKO Bank Polski S.A.;131414,3472;nationale_nederlanden_fixed_structure.csv
4Q23;Nationale-Nederlanden;NN DFE Nasze Jutro 2030;PKP Cargo S.A.;28585,85871;nationale_nederlanden_fixed_structure.csv
4Q23;Nationale-Nederlanden;NN DFE Nasze Jutro 2030;Pepco Group N.V.;12403,16232;nationale_nederlanden_fixed_structure.csv
4Q23;Nationale-Nederlanden;NN DFE Nasze Jutro 2030;PepsiCo Inc.;10,84985231;nationale_nederlanden_fixed_structure.csv
4Q23;Nationale-Nederlanden;NN DFE Nasze Jutro 2030;Powszechny Zakład Ubezpieczeń S.A.;113744,6387;nationale_nederlanden_fixed_structure.csv
4Q23;Nationale-Nederlanden;NN DFE Nasze Jutro 2030;Procter & Gamble Co;156,9574167;nationale_nederlanden_fixed_structure.csv
4Q23;Nationale-Nederlanden;NN DFE Nasze Jutro 2030;RTX Corp.;1753,153474;nationale_nederlanden_fixed_structure.csv
4Q23;Nationale-Nederlanden;NN DFE Nasze Jutro 2030;Rainbow Tours S.A.;14290,22262;nationale_nederlanden_fixed_structure.csv
4Q23;Nationale-Nederlanden;NN DFE Nasze Jutro 2030;Render Cube S.A.;1181,763205;nationale_nederlanden_fixed_structure.csv
4Q23;Nationale-Nederlanden;NN DFE Nasze Jutro 2030;Rheinmetall AG;423,2805227;nationale_nederlanden_fixed_structure.csv
4Q23;Nationale-Nederlanden;NN DFE Nasze Jutro 2030;SAP SE;356,0122516;nationale_nederlanden_fixed_structure.csv
4Q23;Nationale-Nederlanden;NN DFE Nasze Jutro 2030;Santander Bank Polska S.A.;7449,147223;nationale_nederlanden_fixed_structure.csv
4Q23;Nationale-Nederlanden;NN DFE Nasze Jutro 2030;Schneider Electric SE;695,1513073;nationale_nederlanden_fixed_structure.csv
4Q23;Nationale-Nederlanden;NN DFE Nasze Jutro 2030;Shoper S.A.;34944,81667;nationale_nederlanden_fixed_structure.csv
4Q23;Nationale-Nederlanden;NN DFE Nasze Jutro 2030;Siemens Energy AG;10004,29306;nationale_nederlanden_fixed_structure.csv
4Q23;Nationale-Nederlanden;NN DFE Nasze Jutro 2030;Snowflake Inc.;1320,295232;nationale_nederlanden_fixed_structure.csv
4Q23;Nationale-Nederlanden;NN DFE Nasze Jutro 2030;Synektik S.A.;16644,70616;nationale_nederlanden_fixed_structure.csv
4Q23;Nationale-Nederlanden;NN DFE Nasze Jutro 2030;Torpol S.A.;46534,7713;nationale_nederlanden_fixed_structure.csv
4Q23;Nationale-Nederlanden;NN DFE Nasze Jutro 2030;UniCredit S.p.A.;7728,163462;nationale_nederlanden_fixed_structure.csv
4Q23;Nationale-Nederlanden;NN DFE Nasze Jutro 2030;Vercom S.A.;3195,252302;nationale_nederlanden_fixed_structure.csv
4Q23;Nationale-Nederlanden;NN DFE Nasze Jutro 2030;Vertiv Holdings Co.;3786,46698;nationale_nederlanden_fixed_structure.csv
4Q23;Nationale-Nederlanden;NN DFE Nasze Jutro 2030;Visa Inc.;298,9712691;nationale_nederlanden_fixed_structure.csv
4Q23;Nationale-Nederlanden;NN DFE Nasze Jutro 2030;Walmart Inc.;558,0291197;nationale_nederlanden_fixed_structure.csv
4Q23;Nationale-Nederlanden;NN DFE Nasze Jutro 2030;Waste Management Inc.;308,2679176;nationale_nederlanden_fixed_structure.csv
4Q23;Nationale-Nederlanden;NN DFE Nasze Jutro 2030;Wells Fargo & Co;3810,083013;nationale_nederlanden_fixed_structure.csv
4Q23;Nationale-Nederlanden;NN DFE Nasze Jutro 2030;Western Digital Corp.;5749,198994;nationale_nederlanden_fixed_structure.csv
4Q23;Nationale-Nederlanden;NN DFE Nasze Jutro 2030;Wheaton Precious Metals Corp.;2630,783274;nationale_nederlanden_fixed_structure.csv
4Q23;Nationale-Nederlanden;NN DFE Nasze Jutro 2030;XTB S.A.;61378,58117;nationale_nederlanden_fixed_structure.csv
4Q23;Nationale-Nederlanden;NN DFE Nasze Jutro 2030;Zabka Group SA;#VALUE!;nationale_nederlanden_fixed_structure.csv
4Q23;Nationale-Nederlanden;NN DFE Nasze Jutro 2030;mBank S.A.;5243,48185;nationale_nederlanden_fixed_structure.csv
4Q23;Nationale-Nederlanden;NN DFE Nasze Jutro 2035;ASML Holding N.V.;1147,853475;nationale_nederlanden_fixed_structure.csv
4Q23;Nationale-Nederlanden;NN DFE Nasze Jutro 2035;Advanced Micro Devices Inc.;2875,321222;nationale_nederlanden_fixed_structure.csv
4Q23;Nationale-Nederlanden;NN DFE Nasze Jutro 2035;Agnico Eagle Mines Ltd;6194,483267;nationale_nederlanden_fixed_structure.csv
4Q23;Nationale-Nederlanden;NN DFE Nasze Jutro 2035;Alior Bank S.A.;126753,9417;nationale_nederlanden_fixed_structure.csv
4Q23;Nationale-Nederlanden;NN DFE Nasze Jutro 2035;Allegro.eu S.A.;257230,4816;nationale_nederlanden_fixed_structure.csv
4Q23;Nationale-Nederlanden;NN DFE Nasze Jutro 2035;Allianz SE;1603,018196;nationale_nederlanden_fixed_structure.csv
4Q23;Nationale-Nederlanden;NN DFE Nasze Jutro 2035;Alphabet Inc.;12153,16895;nationale_nederlanden_fixed_structure.csv
4Q23;Nationale-Nederlanden;NN DFE Nasze Jutro 2035;Amazon.com Inc.;4465,322855;nationale_nederlanden_fixed_structure.csv
4Q23;Nationale-Nederlanden;NN DFE Nasze Jutro 2035;Apple Inc.;273,2454147;nationale_nederlanden_fixed_structure.csv
4Q23;Nationale-Nederlanden;NN DFE Nasze Jutro 2035;Applied Materials Inc.;113,4309805;nationale_nederlanden_fixed_structure.csv
4Q23;Nationale-Nederlanden;NN DFE Nasze Jutro 2035;Asseco Poland S.A.;107060,7401;nationale_nederlanden_fixed_structure.csv
4Q23;Nationale-Nederlanden;NN DFE Nasze Jutro 2035;BNP Paribas Bank Polska S.A.;#VALUE!;nationale_nederlanden_fixed_structure.csv
4Q23;Nationale-Nederlanden;NN DFE Nasze Jutro 2035;BNP Paribas SA;271,221244;nationale_nederlanden_fixed_structure.csv
4Q23;Nationale-Nederlanden;NN DFE Nasze Jutro 2035;Banco Bilbao Vizcaya Argentaria S.A.;37876,26122;nationale_nederlanden_fixed_structure.csv
4Q23;Nationale-Nederlanden;NN DFE Nasze Jutro 2035;Banco Comercial Portugues S.A.;1366773,077;nationale_nederlanden_fixed_structure.csv
4Q23;Nationale-Nederlanden;NN DFE Nasze Jutro 2035;Banco Santander S.A.;149398,0415;nationale_nederlanden_fixed_structure.csv
4Q23;Nationale-Nederlanden;NN DFE Nasze Jutro 2035;Bank Millennium S.A.;673494,1436;nationale_nederlanden_fixed_structure.csv
4Q23;Nationale-Nederlanden;NN DFE Nasze Jutro 2035;Bank Pekao S.A.;93265,24209;nationale_nederlanden_fixed_structure.csv
4Q23;Nationale-Nederlanden;NN DFE Nasze Jutro 2035;Bank of America Corp.;6840,360627;nationale_nederlanden_fixed_structure.csv
4Q23;Nationale-Nederlanden;NN DFE Nasze Jutro 2035;Benefit Systems S.A.;5669,968123;nationale_nederlanden_fixed_structure.csv
4Q23;Nationale-Nederlanden;NN DFE Nasze Jutro 2035;Berkshire Hathaway Inc.;0,549659437;nationale_nederlanden_fixed_structure.csv
4Q23;Nationale-Nederlanden;NN DFE Nasze Jutro 2035;Broadcom Inc.;9503,204822;nationale_nederlanden_fixed_structure.csv
4Q23;Nationale-Nederlanden;NN DFE Nasze Jutro 2035;Budimex S.A.;6216,093754;nationale_nederlanden_fixed_structure.csv
4Q23;Nationale-Nederlanden;NN DFE Nasze Jutro 2035;CCC S.A.;20835,67332;nationale_nederlanden_fixed_structure.csv
4Q23;Nationale-Nederlanden;NN DFE Nasze Jutro 2035;CD Projekt S.A.;78980,96426;nationale_nederlanden_fixed_structure.csv
4Q23;Nationale-Nederlanden;NN DFE Nasze Jutro 2035;CaixaBank SA;201779,3383;nationale_nederlanden_fixed_structure.csv
4Q23;Nationale-Nederlanden;NN DFE Nasze Jutro 2035;Caterpillar Inc.;1293,611041;nationale_nederlanden_fixed_structure.csv
4Q23;Nationale-Nederlanden;NN DFE Nasze Jutro 2035;Coca-Cola Company;603,8365001;nationale_nederlanden_fixed_structure.csv
4Q23;Nationale-Nederlanden;NN DFE Nasze Jutro 2035;Compremum S.A.;189110,8738;nationale_nederlanden_fixed_structure.csv
4Q23;Nationale-Nederlanden;NN DFE Nasze Jutro 2035;CrowdStrike Holdings Inc.;2404,459323;nationale_nederlanden_fixed_structure.csv
4Q23;Nationale-Nederlanden;NN DFE Nasze Jutro 2035;Cyber_Folks S.A.;51049,40835;nationale_nederlanden_fixed_structure.csv
4Q23;Nationale-Nederlanden;NN DFE Nasze Jutro 2035;DataWalk S.A.;103886,8815;nationale_nederlanden_fixed_structure.csv
4Q23;Nationale-Nederlanden;NN DFE Nasze Jutro 2035;Deutsche Post AG;84,11634729;nationale_nederlanden_fixed_structure.csv
4Q23;Nationale-Nederlanden;NN DFE Nasze Jutro 2035;Diagnostyka S.A.;#VALUE!;nationale_nederlanden_fixed_structure.csv
4Q23;Nationale-Nederlanden;NN DFE Nasze Jutro 2035;Dino Polska S.A.;206949,6241;nationale_nederlanden_fixed_structure.csv
4Q23;Nationale-Nederlanden;NN DFE Nasze Jutro 2035;Erste Group Bank AG;5671,315746;nationale_nederlanden_fixed_structure.csv
4Q23;Nationale-Nederlanden;NN DFE Nasze Jutro 2035;GE Vernova Inc.;#VALUE!;nationale_nederlanden_fixed_structure.csv
4Q23;Nationale-Nederlanden;NN DFE Nasze Jutro 2035;General Electric Co.;4113,053849;nationale_nederlanden_fixed_structure.csv
4Q23;Nationale-Nederlanden;NN DFE Nasze Jutro 2035;Grenergy Renovables S.A.;19560,28065;nationale_nederlanden_fixed_structure.csv
4Q23;Nationale-Nederlanden;NN DFE Nasze Jutro 2035;Grupa Kęty S.A.;8059,021624;nationale_nederlanden_fixed_structure.csv
4Q23;Nationale-Nederlanden;NN DFE Nasze Jutro 2035;Grupa Pracuj S.A.;#VALUE!;nationale_nederlanden_fixed_structure.csv
4Q23;Nationale-Nederlanden;NN DFE Nasze Jutro 2035;ING Bank Śląski S.A.;32800,56504;nationale_nederlanden_fixed_structure.csv
4Q23;Nationale-Nederlanden;NN DFE Nasze Jutro 2035;ING Groep N.V.;11282,86011;nationale_nederlanden_fixed_structure.csv
4Q23;Nationale-Nederlanden;NN DFE Nasze Jutro 2035;InPost S.A.;22837,66722;nationale_nederlanden_fixed_structure.csv
4Q23;Nationale-Nederlanden;NN DFE Nasze Jutro 2035;Intel Corp.;321,2418973;nationale_nederlanden_fixed_structure.csv
4Q23;Nationale-Nederlanden;NN DFE Nasze Jutro 2035;JP Morgan Chase & Co.;3351,227608;nationale_nederlanden_fixed_structure.csv
4Q23;Nationale-Nederlanden;NN DFE Nasze Jutro 2035;KGHM Polska Miedź S.A.;85588,278;nationale_nederlanden_fixed_structure.csv
4Q23;Nationale-Nederlanden;NN DFE Nasze Jutro 2035;Kruk S.A.;9023,342704;nationale_nederlanden_fixed_structure.csv
4Q23;Nationale-Nederlanden;NN DFE Nasze Jutro 2035;LPP S.A.;1165,863786;nationale_nederlanden_fixed_structure.csv
4Q23;Nationale-Nederlanden;NN DFE Nasze Jutro 2035;LVMH S.A.;319,0263245;nationale_nederlanden_fixed_structure.csv
4Q23;Nationale-Nederlanden;NN DFE Nasze Jutro 2035;Linde Plc;117,1117173;nationale_nederlanden_fixed_structure.csv
4Q23;Nationale-Nederlanden;NN DFE Nasze Jutro 2035;Lundin Mining Corp.;129869,0132;nationale_nederlanden_fixed_structure.csv
4Q23;Nationale-Nederlanden;NN DFE Nasze Jutro 2035;Mercadolibre Inc.;61,12472971;nationale_nederlanden_fixed_structure.csv
4Q23;Nationale-Nederlanden;NN DFE Nasze Jutro 2035;Meta Platforms Inc.;253,124509;nationale_nederlanden_fixed_structure.csv
4Q23;Nationale-Nederlanden;NN DFE Nasze Jutro 2035;Micron Technology Inc.;11035,734;nationale_nederlanden_fixed_structure.csv
4Q23;Nationale-Nederlanden;NN DFE Nasze Jutro 2035;Microsoft Corp.;2344,823217;nationale_nederlanden_fixed_structure.csv
4Q23;Nationale-Nederlanden;NN DFE Nasze Jutro 2035;Mirbud S.A.;113870,4908;nationale_nederlanden_fixed_structure.csv
4Q23;Nationale-Nederlanden;NN DFE Nasze Jutro 2035;Münchener Rück AG;86,02270697;nationale_nederlanden_fixed_structure.csv
4Q23;Nationale-Nederlanden;NN DFE Nasze Jutro 2035;Nektar Therapeutics;91520,01781;nationale_nederlanden_fixed_structure.csv
4Q23;Nationale-Nederlanden;NN DFE Nasze Jutro 2035;Nvidia Corp.;28525,3935;nationale_nederlanden_fixed_structure.csv
4Q23;Nationale-Nederlanden;NN DFE Nasze Jutro 2035;Oracle Corp.;4454,033747;nationale_nederlanden_fixed_structure.csv
4Q23;Nationale-Nederlanden;NN DFE Nasze Jutro 2035;Orange Polska S.A.;423022,7948;nationale_nederlanden_fixed_structure.csv
4Q23;Nationale-Nederlanden;NN DFE Nasze Jutro 2035;Orlen S.A.;154539,907;nationale_nederlanden_fixed_structure.csv
4Q23;Nationale-Nederlanden;NN DFE Nasze Jutro 2035;PGE Polska Grupa Energetyczna S.A.;249440,8331;nationale_nederlanden_fixed_structure.csv
4Q23;Nationale-Nederlanden;NN DFE Nasze Jutro 2035;PKO Bank Polski S.A.;355074,9189;nationale_nederlanden_fixed_structure.csv
4Q23;Nationale-Nederlanden;NN DFE Nasze Jutro 2035;PKP Cargo S.A.;73592,95542;nationale_nederlanden_fixed_structure.csv
4Q23;Nationale-Nederlanden;NN DFE Nasze Jutro 2035;Pepco Group N.V.;33428,75211;nationale_nederlanden_fixed_structure.csv
4Q23;Nationale-Nederlanden;NN DFE Nasze Jutro 2035;PepsiCo Inc.;28,67462039;nationale_nederlanden_fixed_structure.csv
4Q23;Nationale-Nederlanden;NN DFE Nasze Jutro 2035;Powszechny Zakład Ubezpieczeń S.A.;302478,4119;nationale_nederlanden_fixed_structure.csv
4Q23;Nationale-Nederlanden;NN DFE Nasze Jutro 2035;Procter & Gamble Co;414,3675995;nationale_nederlanden_fixed_structure.csv
4Q23;Nationale-Nederlanden;NN DFE Nasze Jutro 2035;RTX Corp.;4725,718113;nationale_nederlanden_fixed_structure.csv
4Q23;Nationale-Nederlanden;NN DFE Nasze Jutro 2035;Rainbow Tours S.A.;38493,63787;nationale_nederlanden_fixed_structure.csv
4Q23;Nationale-Nederlanden;NN DFE Nasze Jutro 2035;Render Cube S.A.;3359,735962;nationale_nederlanden_fixed_structure.csv
4Q23;Nationale-Nederlanden;NN DFE Nasze Jutro 2035;Rheinmetall AG;1137,566417;nationale_nederlanden_fixed_structure.csv
4Q23;Nationale-Nederlanden;NN DFE Nasze Jutro 2035;SAP SE;950,3347584;nationale_nederlanden_fixed_structure.csv
4Q23;Nationale-Nederlanden;NN DFE Nasze Jutro 2035;Santander Bank Polska S.A.;19801,62934;nationale_nederlanden_fixed_structure.csv
4Q23;Nationale-Nederlanden;NN DFE Nasze Jutro 2035;Schneider Electric SE;1871,754631;nationale_nederlanden_fixed_structure.csv
4Q23;Nationale-Nederlanden;NN DFE Nasze Jutro 2035;Selvita S.A.;340,4762393;nationale_nederlanden_fixed_structure.csv
4Q23;Nationale-Nederlanden;NN DFE Nasze Jutro 2035;Shoper S.A.;92929,50121;nationale_nederlanden_fixed_structure.csv
4Q23;Nationale-Nederlanden;NN DFE Nasze Jutro 2035;Siemens Energy AG;26957,90961;nationale_nederlanden_fixed_structure.csv
4Q23;Nationale-Nederlanden;NN DFE Nasze Jutro 2035;Snowflake Inc.;3507,981979;nationale_nederlanden_fixed_structure.csv
4Q23;Nationale-Nederlanden;NN DFE Nasze Jutro 2035;Synektik S.A.;44218,92709;nationale_nederlanden_fixed_structure.csv
4Q23;Nationale-Nederlanden;NN DFE Nasze Jutro 2035;Torpol S.A.;125700,7269;nationale_nederlanden_fixed_structure.csv
4Q23;Nationale-Nederlanden;NN DFE Nasze Jutro 2035;UniCredit S.p.A.;20541,15998;nationale_nederlanden_fixed_structure.csv
4Q23;Nationale-Nederlanden;NN DFE Nasze Jutro 2035;Vercom S.A.;8622,60243;nationale_nederlanden_fixed_structure.csv
4Q23;Nationale-Nederlanden;NN DFE Nasze Jutro 2035;Vertiv Holdings Co.;10072,49703;nationale_nederlanden_fixed_structure.csv
4Q23;Nationale-Nederlanden;NN DFE Nasze Jutro 2035;Visa Inc.;784,4907176;nationale_nederlanden_fixed_structure.csv
4Q23;Nationale-Nederlanden;NN DFE Nasze Jutro 2035;Walmart Inc.;1469,930395;nationale_nederlanden_fixed_structure.csv
4Q23;Nationale-Nederlanden;NN DFE Nasze Jutro 2035;Waste Management Inc.;813,4222617;nationale_nederlanden_fixed_structure.csv
4Q23;Nationale-Nederlanden;NN DFE Nasze Jutro 2035;Wells Fargo & Co;10292,78139;nationale_nederlanden_fixed_structure.csv
4Q23;Nationale-Nederlanden;NN DFE Nasze Jutro 2035;Western Digital Corp.;15279,29501;nationale_nederlanden_fixed_structure.csv
4Q23;Nationale-Nederlanden;NN DFE Nasze Jutro 2035;Wheaton Precious Metals Corp.;6926,563601;nationale_nederlanden_fixed_structure.csv
4Q23;Nationale-Nederlanden;NN DFE Nasze Jutro 2035;XTB S.A.;165555,2935;nationale_nederlanden_fixed_structure.csv
4Q23;Nationale-Nederlanden;NN DFE Nasze Jutro 2035;Zabka Group SA;#VALUE!;nationale_nederlanden_fixed_structure.csv
4Q23;Nationale-Nederlanden;NN DFE Nasze Jutro 2035;mBank S.A.;14073,35434;nationale_nederlanden_fixed_structure.csv
4Q23;Nationale-Nederlanden;NN DFE Nasze Jutro 2040;ASML Holding N.V.;1711,918925;nationale_nederlanden_fixed_structure.csv
4Q23;Nationale-Nederlanden;NN DFE Nasze Jutro 2040;Advanced Micro Devices Inc.;4358,283457;nationale_nederlanden_fixed_structure.csv
4Q23;Nationale-Nederlanden;NN DFE Nasze Jutro 2040;Agnico Eagle Mines Ltd;9111,371956;nationale_nederlanden_fixed_structure.csv
4Q23;Nationale-Nederlanden;NN DFE Nasze Jutro 2040;Alior Bank S.A.;189202,6695;nationale_nederlanden_fixed_structure.csv
4Q23;Nationale-Nederlanden;NN DFE Nasze Jutro 2040;Allegro.eu S.A.;389536,9584;nationale_nederlanden_fixed_structure.csv
4Q23;Nationale-Nederlanden;NN DFE Nasze Jutro 2040;Allianz SE;2392,751923;nationale_nederlanden_fixed_structure.csv
4Q23;Nationale-Nederlanden;NN DFE Nasze Jutro 2040;Alphabet Inc.;18123,6527;nationale_nederlanden_fixed_structure.csv
4Q23;Nationale-Nederlanden;NN DFE Nasze Jutro 2040;Amazon.com Inc.;6665,243243;nationale_nederlanden_fixed_structure.csv
4Q23;Nationale-Nederlanden;NN DFE Nasze Jutro 2040;Apple Inc.;392,3855803;nationale_nederlanden_fixed_structure.csv
4Q23;Nationale-Nederlanden;NN DFE Nasze Jutro 2040;Applied Materials Inc.;171,6007217;nationale_nederlanden_fixed_structure.csv
4Q23;Nationale-Nederlanden;NN DFE Nasze Jutro 2040;Asseco Poland S.A.;166798,9746;nationale_nederlanden_fixed_structure.csv
4Q23;Nationale-Nederlanden;NN DFE Nasze Jutro 2040;BNP Paribas Bank Polska S.A.;#VALUE!;nationale_nederlanden_fixed_structure.csv
4Q23;Nationale-Nederlanden;NN DFE Nasze Jutro 2040;BNP Paribas SA;460,8249878;nationale_nederlanden_fixed_structure.csv
4Q23;Nationale-Nederlanden;NN DFE Nasze Jutro 2040;Banco Bilbao Vizcaya Argentaria S.A.;57355,95591;nationale_nederlanden_fixed_structure.csv
4Q23;Nationale-Nederlanden;NN DFE Nasze Jutro 2040;Banco Comercial Portugues S.A.;2069772,21;nationale_nederlanden_fixed_structure.csv
4Q23;Nationale-Nederlanden;NN DFE Nasze Jutro 2040;Banco Santander S.A.;224646,4724;nationale_nederlanden_fixed_structure.csv
4Q23;Nationale-Nederlanden;NN DFE Nasze Jutro 2040;Bank Millennium S.A.;1021614,926;nationale_nederlanden_fixed_structure.csv
4Q23;Nationale-Nederlanden;NN DFE Nasze Jutro 2040;Bank Pekao S.A.;141466,4087;nationale_nederlanden_fixed_structure.csv
4Q23;Nationale-Nederlanden;NN DFE Nasze Jutro 2040;Bank of America Corp.;10359,41604;nationale_nederlanden_fixed_structure.csv
4Q23;Nationale-Nederlanden;NN DFE Nasze Jutro 2040;Benefit Systems S.A.;8637,125538;nationale_nederlanden_fixed_structure.csv
4Q23;Nationale-Nederlanden;NN DFE Nasze Jutro 2040;Berkshire Hathaway Inc.;0,822365276;nationale_nederlanden_fixed_structure.csv
4Q23;Nationale-Nederlanden;NN DFE Nasze Jutro 2040;Broadcom Inc.;14391,29848;nationale_nederlanden_fixed_structure.csv
4Q23;Nationale-Nederlanden;NN DFE Nasze Jutro 2040;Budimex S.A.;9418,941629;nationale_nederlanden_fixed_structure.csv
4Q23;Nationale-Nederlanden;NN DFE Nasze Jutro 2040;CCC S.A.;31573,74019;nationale_nederlanden_fixed_structure.csv
4Q23;Nationale-Nederlanden;NN DFE Nasze Jutro 2040;CD Projekt S.A.;119670,0378;nationale_nederlanden_fixed_structure.csv
4Q23;Nationale-Nederlanden;NN DFE Nasze Jutro 2040;CaixaBank SA;305565,7415;nationale_nederlanden_fixed_structure.csv
4Q23;Nationale-Nederlanden;NN DFE Nasze Jutro 2040;Caterpillar Inc.;1959,962891;nationale_nederlanden_fixed_structure.csv
4Q23;Nationale-Nederlanden;NN DFE Nasze Jutro 2040;Coca-Cola Company;888,8908555;nationale_nederlanden_fixed_structure.csv
4Q23;Nationale-Nederlanden;NN DFE Nasze Jutro 2040;Compremum S.A.;228147,1402;nationale_nederlanden_fixed_structure.csv
4Q23;Nationale-Nederlanden;NN DFE Nasze Jutro 2040;CrowdStrike Holdings Inc.;3588,167241;nationale_nederlanden_fixed_structure.csv
4Q23;Nationale-Nederlanden;NN DFE Nasze Jutro 2040;Cyber_Folks S.A.;76529,4889;nationale_nederlanden_fixed_structure.csv
4Q23;Nationale-Nederlanden;NN DFE Nasze Jutro 2040;DataWalk S.A.;152257,5826;nationale_nederlanden_fixed_structure.csv
4Q23;Nationale-Nederlanden;NN DFE Nasze Jutro 2040;Deutsche Post AG;118,5736103;nationale_nederlanden_fixed_structure.csv
4Q23;Nationale-Nederlanden;NN DFE Nasze Jutro 2040;Diagnostyka S.A.;#VALUE!;nationale_nederlanden_fixed_structure.csv
4Q23;Nationale-Nederlanden;NN DFE Nasze Jutro 2040;Dino Polska S.A.;308210,0933;nationale_nederlanden_fixed_structure.csv
4Q23;Nationale-Nederlanden;NN DFE Nasze Jutro 2040;Erste Group Bank AG;8462,006358;nationale_nederlanden_fixed_structure.csv
4Q23;Nationale-Nederlanden;NN DFE Nasze Jutro 2040;GE Vernova Inc.;#VALUE!;nationale_nederlanden_fixed_structure.csv
4Q23;Nationale-Nederlanden;NN DFE Nasze Jutro 2040;General Electric Co.;6227,862893;nationale_nederlanden_fixed_structure.csv
4Q23;Nationale-Nederlanden;NN DFE Nasze Jutro 2040;Grenergy Renovables S.A.;29179,24956;nationale_nederlanden_fixed_structure.csv
4Q23;Nationale-Nederlanden;NN DFE Nasze Jutro 2040;Grupa Kęty S.A.;12023,22238;nationale_nederlanden_fixed_structure.csv
4Q23;Nationale-Nederlanden;NN DFE Nasze Jutro 2040;Grupa Pracuj S.A.;#VALUE!;nationale_nederlanden_fixed_structure.csv
4Q23;Nationale-Nederlanden;NN DFE Nasze Jutro 2040;ING Bank Śląski S.A.;48934,90418;nationale_nederlanden_fixed_structure.csv
4Q23;Nationale-Nederlanden;NN DFE Nasze Jutro 2040;ING Groep N.V.;16836,22371;nationale_nederlanden_fixed_structure.csv
4Q23;Nationale-Nederlanden;NN DFE Nasze Jutro 2040;InPost S.A.;33647,75705;nationale_nederlanden_fixed_structure.csv
4Q23;Nationale-Nederlanden;NN DFE Nasze Jutro 2040;Intel Corp.;486,2403878;nationale_nederlanden_fixed_structure.csv
4Q23;Nationale-Nederlanden;NN DFE Nasze Jutro 2040;JP Morgan Chase & Co.;5081,565964;nationale_nederlanden_fixed_structure.csv
4Q23;Nationale-Nederlanden;NN DFE Nasze Jutro 2040;KGHM Polska Miedź S.A.;127685,3845;nationale_nederlanden_fixed_structure.csv
4Q23;Nationale-Nederlanden;NN DFE Nasze Jutro 2040;Kruk S.A.;13461,39233;nationale_nederlanden_fixed_structure.csv
4Q23;Nationale-Nederlanden;NN DFE Nasze Jutro 2040;LPP S.A.;1755,201524;nationale_nederlanden_fixed_structure.csv
4Q23;Nationale-Nederlanden;NN DFE Nasze Jutro 2040;LVMH S.A.;469,5588516;nationale_nederlanden_fixed_structure.csv
4Q23;Nationale-Nederlanden;NN DFE Nasze Jutro 2040;Linde Plc;178,0478983;nationale_nederlanden_fixed_structure.csv
4Q23;Nationale-Nederlanden;NN DFE Nasze Jutro 2040;Lundin Mining Corp.;194366,65;nationale_nederlanden_fixed_structure.csv
4Q23;Nationale-Nederlanden;NN DFE Nasze Jutro 2040;Mercadolibre Inc.;88,16066729;nationale_nederlanden_fixed_structure.csv
4Q23;Nationale-Nederlanden;NN DFE Nasze Jutro 2040;Meta Platforms Inc.;371,1352603;nationale_nederlanden_fixed_structure.csv
4Q23;Nationale-Nederlanden;NN DFE Nasze Jutro 2040;Micron Technology Inc.;16713,09463;nationale_nederlanden_fixed_structure.csv
4Q23;Nationale-Nederlanden;NN DFE Nasze Jutro 2040;Microsoft Corp.;3498,363014;nationale_nederlanden_fixed_structure.csv
4Q23;Nationale-Nederlanden;NN DFE Nasze Jutro 2040;Mirbud S.A.;167365,5482;nationale_nederlanden_fixed_structure.csv
4Q23;Nationale-Nederlanden;NN DFE Nasze Jutro 2040;Münchener Rück AG;131,2210684;nationale_nederlanden_fixed_structure.csv
4Q23;Nationale-Nederlanden;NN DFE Nasze Jutro 2040;Nektar Therapeutics;136536,5377;nationale_nederlanden_fixed_structure.csv
4Q23;Nationale-Nederlanden;NN DFE Nasze Jutro 2040;Nvidia Corp.;43193,9183;nationale_nederlanden_fixed_structure.csv
4Q23;Nationale-Nederlanden;NN DFE Nasze Jutro 2040;Oracle Corp.;6641,206819;nationale_nederlanden_fixed_structure.csv
4Q23;Nationale-Nederlanden;NN DFE Nasze Jutro 2040;Orange Polska S.A.;641062,9435;nationale_nederlanden_fixed_structure.csv
4Q23;Nationale-Nederlanden;NN DFE Nasze Jutro 2040;Orlen S.A.;234306,7956;nationale_nederlanden_fixed_structure.csv
4Q23;Nationale-Nederlanden;NN DFE Nasze Jutro 2040;PGE Polska Grupa Energetyczna S.A.;377740,0726;nationale_nederlanden_fixed_structure.csv
4Q23;Nationale-Nederlanden;NN DFE Nasze Jutro 2040;PKO Bank Polski S.A.;538583,7494;nationale_nederlanden_fixed_structure.csv
4Q23;Nationale-Nederlanden;NN DFE Nasze Jutro 2040;PKP Cargo S.A.;105484,0802;nationale_nederlanden_fixed_structure.csv
4Q23;Nationale-Nederlanden;NN DFE Nasze Jutro 2040;Pepco Group N.V.;50658,63124;nationale_nederlanden_fixed_structure.csv
4Q23;Nationale-Nederlanden;NN DFE Nasze Jutro 2040;PepsiCo Inc.;41,84944962;nationale_nederlanden_fixed_structure.csv
4Q23;Nationale-Nederlanden;NN DFE Nasze Jutro 2040;Powszechny Zakład Ubezpieczeń S.A.;455568,0311;nationale_nederlanden_fixed_structure.csv
4Q23;Nationale-Nederlanden;NN DFE Nasze Jutro 2040;Procter & Gamble Co;610,7886277;nationale_nederlanden_fixed_structure.csv
4Q23;Nationale-Nederlanden;NN DFE Nasze Jutro 2040;RTX Corp.;7162,541448;nationale_nederlanden_fixed_structure.csv
4Q23;Nationale-Nederlanden;NN DFE Nasze Jutro 2040;Rainbow Tours S.A.;57427,81213;nationale_nederlanden_fixed_structure.csv
4Q23;Nationale-Nederlanden;NN DFE Nasze Jutro 2040;Render Cube S.A.;4786,87609;nationale_nederlanden_fixed_structure.csv
4Q23;Nationale-Nederlanden;NN DFE Nasze Jutro 2040;Rheinmetall AG;1719,577145;nationale_nederlanden_fixed_structure.csv
4Q23;Nationale-Nederlanden;NN DFE Nasze Jutro 2040;SAP SE;1416,783458;nationale_nederlanden_fixed_structure.csv
4Q23;Nationale-Nederlanden;NN DFE Nasze Jutro 2040;Santander Bank Polska S.A.;29555,9345;nationale_nederlanden_fixed_structure.csv
4Q23;Nationale-Nederlanden;NN DFE Nasze Jutro 2040;Schneider Electric SE;2835,91564;nationale_nederlanden_fixed_structure.csv
4Q23;Nationale-Nederlanden;NN DFE Nasze Jutro 2040;Selvita S.A.;407,0911111;nationale_nederlanden_fixed_structure.csv
4Q23;Nationale-Nederlanden;NN DFE Nasze Jutro 2040;Shoper S.A.;139276,3567;nationale_nederlanden_fixed_structure.csv
4Q23;Nationale-Nederlanden;NN DFE Nasze Jutro 2040;Siemens Energy AG;40827,2758;nationale_nederlanden_fixed_structure.csv
4Q23;Nationale-Nederlanden;NN DFE Nasze Jutro 2040;Snowflake Inc.;5233,666473;nationale_nederlanden_fixed_structure.csv
4Q23;Nationale-Nederlanden;NN DFE Nasze Jutro 2040;Synektik S.A.;65968,49581;nationale_nederlanden_fixed_structure.csv
4Q23;Nationale-Nederlanden;NN DFE Nasze Jutro 2040;Torpol S.A.;190622,0291;nationale_nederlanden_fixed_structure.csv
4Q23;Nationale-Nederlanden;NN DFE Nasze Jutro 2040;UniCredit S.p.A.;30643,55389;nationale_nederlanden_fixed_structure.csv
4Q23;Nationale-Nederlanden;NN DFE Nasze Jutro 2040;Vercom S.A.;13075,35166;nationale_nederlanden_fixed_structure.csv
4Q23;Nationale-Nederlanden;NN DFE Nasze Jutro 2040;Vertiv Holdings Co.;15034,50113;nationale_nederlanden_fixed_structure.csv
4Q23;Nationale-Nederlanden;NN DFE Nasze Jutro 2040;Visa Inc.;1156,351675;nationale_nederlanden_fixed_structure.csv
4Q23;Nationale-Nederlanden;NN DFE Nasze Jutro 2040;Walmart Inc.;2166,008521;nationale_nederlanden_fixed_structure.csv
4Q23;Nationale-Nederlanden;NN DFE Nasze Jutro 2040;Waste Management Inc.;1198,194606;nationale_nederlanden_fixed_structure.csv
4Q23;Nationale-Nederlanden;NN DFE Nasze Jutro 2040;Wells Fargo & Co;15610,22631;nationale_nederlanden_fixed_structure.csv
4Q23;Nationale-Nederlanden;NN DFE Nasze Jutro 2040;Western Digital Corp.;22809,14882;nationale_nederlanden_fixed_structure.csv
4Q23;Nationale-Nederlanden;NN DFE Nasze Jutro 2040;Wheaton Precious Metals Corp.;10516,57756;nationale_nederlanden_fixed_structure.csv
4Q23;Nationale-Nederlanden;NN DFE Nasze Jutro 2040;XTB S.A.;251007,1124;nationale_nederlanden_fixed_structure.csv
4Q23;Nationale-Nederlanden;NN DFE Nasze Jutro 2040;Zabka Group SA;#VALUE!;nationale_nederlanden_fixed_structure.csv
4Q23;Nationale-Nederlanden;NN DFE Nasze Jutro 2040;mBank S.A.;21570,0035;nationale_nederlanden_fixed_structure.csv
4Q23;Nationale-Nederlanden;NN DFE Nasze Jutro 2045;ASML Holding N.V.;1836,828535;nationale_nederlanden_fixed_structure.csv
4Q23;Nationale-Nederlanden;NN DFE Nasze Jutro 2045;Advanced Micro Devices Inc.;4698,045701;nationale_nederlanden_fixed_structure.csv
4Q23;Nationale-Nederlanden;NN DFE Nasze Jutro 2045;Agnico Eagle Mines Ltd;9750,417598;nationale_nederlanden_fixed_structure.csv
4Q23;Nationale-Nederlanden;NN DFE Nasze Jutro 2045;Alior Bank S.A.;203019,9336;nationale_nederlanden_fixed_structure.csv
4Q23;Nationale-Nederlanden;NN DFE Nasze Jutro 2045;Allegro.eu S.A.;419675,6927;nationale_nederlanden_fixed_structure.csv
4Q23;Nationale-Nederlanden;NN DFE Nasze Jutro 2045;Allianz SE;2567,027167;nationale_nederlanden_fixed_structure.csv
4Q23;Nationale-Nederlanden;NN DFE Nasze Jutro 2045;Alphabet Inc.;19423,64415;nationale_nederlanden_fixed_structure.csv
4Q23;Nationale-Nederlanden;NN DFE Nasze Jutro 2045;Amazon.com Inc.;7151,482756;nationale_nederlanden_fixed_structure.csv
4Q23;Nationale-Nederlanden;NN DFE Nasze Jutro 2045;Apple Inc.;423,4656223;nationale_nederlanden_fixed_structure.csv
4Q23;Nationale-Nederlanden;NN DFE Nasze Jutro 2045;Applied Materials Inc.;184,6889178;nationale_nederlanden_fixed_structure.csv
4Q23;Nationale-Nederlanden;NN DFE Nasze Jutro 2045;Asseco Poland S.A.;180077,9469;nationale_nederlanden_fixed_structure.csv
4Q23;Nationale-Nederlanden;NN DFE Nasze Jutro 2045;BNP Paribas Bank Polska S.A.;#VALUE!;nationale_nederlanden_fixed_structure.csv
4Q23;Nationale-Nederlanden;NN DFE Nasze Jutro 2045;BNP Paribas SA;421,8997088;nationale_nederlanden_fixed_structure.csv
4Q23;Nationale-Nederlanden;NN DFE Nasze Jutro 2045;Banco Bilbao Vizcaya Argentaria S.A.;61795,1168;nationale_nederlanden_fixed_structure.csv
4Q23;Nationale-Nederlanden;NN DFE Nasze Jutro 2045;Banco Comercial Portugues S.A.;2229910,254;nationale_nederlanden_fixed_structure.csv
4Q23;Nationale-Nederlanden;NN DFE Nasze Jutro 2045;Banco Santander S.A.;241245,3934;nationale_nederlanden_fixed_structure.csv
4Q23;Nationale-Nederlanden;NN DFE Nasze Jutro 2045;Bank Millennium S.A.;1103354,961;nationale_nederlanden_fixed_structure.csv
4Q23;Nationale-Nederlanden;NN DFE Nasze Jutro 2045;Bank Pekao S.A.;152804,0616;nationale_nederlanden_fixed_structure.csv
4Q23;Nationale-Nederlanden;NN DFE Nasze Jutro 2045;Bank of America Corp.;11160,90376;nationale_nederlanden_fixed_structure.csv
4Q23;Nationale-Nederlanden;NN DFE Nasze Jutro 2045;Benefit Systems S.A.;9327,66401;nationale_nederlanden_fixed_structure.csv
4Q23;Nationale-Nederlanden;NN DFE Nasze Jutro 2045;Berkshire Hathaway Inc.;0,880984282;nationale_nederlanden_fixed_structure.csv
4Q23;Nationale-Nederlanden;NN DFE Nasze Jutro 2045;Broadcom Inc.;15505,97724;nationale_nederlanden_fixed_structure.csv
4Q23;Nationale-Nederlanden;NN DFE Nasze Jutro 2045;Budimex S.A.;10159,00129;nationale_nederlanden_fixed_structure.csv
4Q23;Nationale-Nederlanden;NN DFE Nasze Jutro 2045;CCC S.A.;34039,02224;nationale_nederlanden_fixed_structure.csv
4Q23;Nationale-Nederlanden;NN DFE Nasze Jutro 2045;CD Projekt S.A.;129065,4802;nationale_nederlanden_fixed_structure.csv
4Q23;Nationale-Nederlanden;NN DFE Nasze Jutro 2045;CaixaBank SA;329208,31;nationale_nederlanden_fixed_structure.csv
4Q23;Nationale-Nederlanden;NN DFE Nasze Jutro 2045;Caterpillar Inc.;2111,002642;nationale_nederlanden_fixed_structure.csv
4Q23;Nationale-Nederlanden;NN DFE Nasze Jutro 2045;Coca-Cola Company;950,9065056;nationale_nederlanden_fixed_structure.csv
4Q23;Nationale-Nederlanden;NN DFE Nasze Jutro 2045;Compremum S.A.;232084,8318;nationale_nederlanden_fixed_structure.csv
4Q23;Nationale-Nederlanden;NN DFE Nasze Jutro 2045;CrowdStrike Holdings Inc.;3847,471681;nationale_nederlanden_fixed_structure.csv
4Q23;Nationale-Nederlanden;NN DFE Nasze Jutro 2045;Cyber_Folks S.A.;82095,69691;nationale_nederlanden_fixed_structure.csv
4Q23;Nationale-Nederlanden;NN DFE Nasze Jutro 2045;DataWalk S.A.;163779,8088;nationale_nederlanden_fixed_structure.csv
4Q23;Nationale-Nederlanden;NN DFE Nasze Jutro 2045;Deutsche Post AG;123,640867;nationale_nederlanden_fixed_structure.csv
4Q23;Nationale-Nederlanden;NN DFE Nasze Jutro 2045;Diagnostyka S.A.;#VALUE!;nationale_nederlanden_fixed_structure.csv
4Q23;Nationale-Nederlanden;NN DFE Nasze Jutro 2045;Dino Polska S.A.;330163,6125;nationale_nederlanden_fixed_structure.csv
4Q23;Nationale-Nederlanden;NN DFE Nasze Jutro 2045;Erste Group Bank AG;9080,645751;nationale_nederlanden_fixed_structure.csv
4Q23;Nationale-Nederlanden;NN DFE Nasze Jutro 2045;GE Vernova Inc.;#VALUE!;nationale_nederlanden_fixed_structure.csv
4Q23;Nationale-Nederlanden;NN DFE Nasze Jutro 2045;General Electric Co.;6710,772054;nationale_nederlanden_fixed_structure.csv
4Q23;Nationale-Nederlanden;NN DFE Nasze Jutro 2045;Grenergy Renovables S.A.;31301,33222;nationale_nederlanden_fixed_structure.csv
4Q23;Nationale-Nederlanden;NN DFE Nasze Jutro 2045;Grupa Kęty S.A.;12898,13145;nationale_nederlanden_fixed_structure.csv
4Q23;Nationale-Nederlanden;NN DFE Nasze Jutro 2045;Grupa Pracuj S.A.;#VALUE!;nationale_nederlanden_fixed_structure.csv
4Q23;Nationale-Nederlanden;NN DFE Nasze Jutro 2045;ING Bank Śląski S.A.;52530,77672;nationale_nederlanden_fixed_structure.csv
4Q23;Nationale-Nederlanden;NN DFE Nasze Jutro 2045;ING Groep N.V.;18086,42124;nationale_nederlanden_fixed_structure.csv
4Q23;Nationale-Nederlanden;NN DFE Nasze Jutro 2045;InPost S.A.;35997,28143;nationale_nederlanden_fixed_structure.csv
4Q23;Nationale-Nederlanden;NN DFE Nasze Jutro 2045;Intel Corp.;524,6277588;nationale_nederlanden_fixed_structure.csv
4Q23;Nationale-Nederlanden;NN DFE Nasze Jutro 2045;JP Morgan Chase & Co.;5486,353969;nationale_nederlanden_fixed_structure.csv
4Q23;Nationale-Nederlanden;NN DFE Nasze Jutro 2045;KGHM Polska Miedź S.A.;136970,8088;nationale_nederlanden_fixed_structure.csv
4Q23;Nationale-Nederlanden;NN DFE Nasze Jutro 2045;Kruk S.A.;14440,25184;nationale_nederlanden_fixed_structure.csv
4Q23;Nationale-Nederlanden;NN DFE Nasze Jutro 2045;LPP S.A.;1891,005439;nationale_nederlanden_fixed_structure.csv
4Q23;Nationale-Nederlanden;NN DFE Nasze Jutro 2045;LVMH S.A.;502,0601971;nationale_nederlanden_fixed_structure.csv
4Q23;Nationale-Nederlanden;NN DFE Nasze Jutro 2045;Linde Plc;191,3776894;nationale_nederlanden_fixed_structure.csv
4Q23;Nationale-Nederlanden;NN DFE Nasze Jutro 2045;Lundin Mining Corp.;208820,6111;nationale_nederlanden_fixed_structure.csv
4Q23;Nationale-Nederlanden;NN DFE Nasze Jutro 2045;Mercadolibre Inc.;94,03804608;nationale_nederlanden_fixed_structure.csv
4Q23;Nationale-Nederlanden;NN DFE Nasze Jutro 2045;Meta Platforms Inc.;396,7897699;nationale_nederlanden_fixed_structure.csv
4Q23;Nationale-Nederlanden;NN DFE Nasze Jutro 2045;Micron Technology Inc.;18004,37979;nationale_nederlanden_fixed_structure.csv
4Q23;Nationale-Nederlanden;NN DFE Nasze Jutro 2045;Microsoft Corp.;3753,132545;nationale_nederlanden_fixed_structure.csv
4Q23;Nationale-Nederlanden;NN DFE Nasze Jutro 2045;Mirbud S.A.;179015,6252;nationale_nederlanden_fixed_structure.csv
4Q23;Nationale-Nederlanden;NN DFE Nasze Jutro 2045;Münchener Rück AG;141,4271548;nationale_nederlanden_fixed_structure.csv
4Q23;Nationale-Nederlanden;NN DFE Nasze Jutro 2045;Nektar Therapeutics;146323,1359;nationale_nederlanden_fixed_structure.csv
4Q23;Nationale-Nederlanden;NN DFE Nasze Jutro 2045;Nvidia Corp.;46537,25047;nationale_nederlanden_fixed_structure.csv
4Q23;Nationale-Nederlanden;NN DFE Nasze Jutro 2045;Oracle Corp.;7121,028492;nationale_nederlanden_fixed_structure.csv
4Q23;Nationale-Nederlanden;NN DFE Nasze Jutro 2045;Orange Polska S.A.;691110,0025;nationale_nederlanden_fixed_structure.csv
4Q23;Nationale-Nederlanden;NN DFE Nasze Jutro 2045;Orlen S.A.;252831,9731;nationale_nederlanden_fixed_structure.csv
4Q23;Nationale-Nederlanden;NN DFE Nasze Jutro 2045;PGE Polska Grupa Energetyczna S.A.;406965,4609;nationale_nederlanden_fixed_structure.csv
4Q23;Nationale-Nederlanden;NN DFE Nasze Jutro 2045;PKO Bank Polski S.A.;581747,5087;nationale_nederlanden_fixed_structure.csv
4Q23;Nationale-Nederlanden;NN DFE Nasze Jutro 2045;PKP Cargo S.A.;113487,2154;nationale_nederlanden_fixed_structure.csv
4Q23;Nationale-Nederlanden;NN DFE Nasze Jutro 2045;Pepco Group N.V.;54613,31236;nationale_nederlanden_fixed_structure.csv
4Q23;Nationale-Nederlanden;NN DFE Nasze Jutro 2045;PepsiCo Inc.;44,94939886;nationale_nederlanden_fixed_structure.csv
4Q23;Nationale-Nederlanden;NN DFE Nasze Jutro 2045;Powszechny Zakład Ubezpieczeń S.A.;490814,959;nationale_nederlanden_fixed_structure.csv
4Q23;Nationale-Nederlanden;NN DFE Nasze Jutro 2045;Procter & Gamble Co;653,8398181;nationale_nederlanden_fixed_structure.csv
4Q23;Nationale-Nederlanden;NN DFE Nasze Jutro 2045;RTX Corp.;7722,271165;nationale_nederlanden_fixed_structure.csv
4Q23;Nationale-Nederlanden;NN DFE Nasze Jutro 2045;Rainbow Tours S.A.;61604,64984;nationale_nederlanden_fixed_structure.csv
4Q23;Nationale-Nederlanden;NN DFE Nasze Jutro 2045;Render Cube S.A.;5078,387692;nationale_nederlanden_fixed_structure.csv
4Q23;Nationale-Nederlanden;NN DFE Nasze Jutro 2045;Rheinmetall AG;1857,143319;nationale_nederlanden_fixed_structure.csv
4Q23;Nationale-Nederlanden;NN DFE Nasze Jutro 2045;SAP SE;1521,407464;nationale_nederlanden_fixed_structure.csv
4Q23;Nationale-Nederlanden;NN DFE Nasze Jutro 2045;Santander Bank Polska S.A.;31711,79755;nationale_nederlanden_fixed_structure.csv
4Q23;Nationale-Nederlanden;NN DFE Nasze Jutro 2045;Schneider Electric SE;3054,643204;nationale_nederlanden_fixed_structure.csv
4Q23;Nationale-Nederlanden;NN DFE Nasze Jutro 2045;Selvita S.A.;423,3748718;nationale_nederlanden_fixed_structure.csv
4Q23;Nationale-Nederlanden;NN DFE Nasze Jutro 2045;Shoper S.A.;149405,4561;nationale_nederlanden_fixed_structure.csv
4Q23;Nationale-Nederlanden;NN DFE Nasze Jutro 2045;Siemens Energy AG;43989,6083;nationale_nederlanden_fixed_structure.csv
4Q23;Nationale-Nederlanden;NN DFE Nasze Jutro 2045;Snowflake Inc.;5614,793058;nationale_nederlanden_fixed_structure.csv
4Q23;Nationale-Nederlanden;NN DFE Nasze Jutro 2045;Synektik S.A.;70764,87791;nationale_nederlanden_fixed_structure.csv
4Q23;Nationale-Nederlanden;NN DFE Nasze Jutro 2045;Torpol S.A.;205799,4444;nationale_nederlanden_fixed_structure.csv
4Q23;Nationale-Nederlanden;NN DFE Nasze Jutro 2045;UniCredit S.p.A.;32849,59812;nationale_nederlanden_fixed_structure.csv
4Q23;Nationale-Nederlanden;NN DFE Nasze Jutro 2045;Vercom S.A.;14115,36215;nationale_nederlanden_fixed_structure.csv
4Q23;Nationale-Nederlanden;NN DFE Nasze Jutro 2045;Vertiv Holdings Co.;16135,79377;nationale_nederlanden_fixed_structure.csv
4Q23;Nationale-Nederlanden;NN DFE Nasze Jutro 2045;Visa Inc.;1237,889292;nationale_nederlanden_fixed_structure.csv
4Q23;Nationale-Nederlanden;NN DFE Nasze Jutro 2045;Walmart Inc.;2319,612376;nationale_nederlanden_fixed_structure.csv
4Q23;Nationale-Nederlanden;NN DFE Nasze Jutro 2045;Waste Management Inc.;1283,699585;nationale_nederlanden_fixed_structure.csv
4Q23;Nationale-Nederlanden;NN DFE Nasze Jutro 2045;Wells Fargo & Co;16853,62625;nationale_nederlanden_fixed_structure.csv
4Q23;Nationale-Nederlanden;NN DFE Nasze Jutro 2045;Western Digital Corp.;24470,02852;nationale_nederlanden_fixed_structure.csv
4Q23;Nationale-Nederlanden;NN DFE Nasze Jutro 2045;Wheaton Precious Metals Corp.;11274,78505;nationale_nederlanden_fixed_structure.csv
4Q23;Nationale-Nederlanden;NN DFE Nasze Jutro 2045;XTB S.A.;270853,3733;nationale_nederlanden_fixed_structure.csv
4Q23;Nationale-Nederlanden;NN DFE Nasze Jutro 2045;Zabka Group SA;#VALUE!;nationale_nederlanden_fixed_structure.csv
4Q23;Nationale-Nederlanden;NN DFE Nasze Jutro 2045;mBank S.A.;23294,65004;nationale_nederlanden_fixed_structure.csv
4Q23;Nationale-Nederlanden;NN DFE Nasze Jutro 2050;ASML Holding N.V.;1531,786134;nationale_nederlanden_fixed_structure.csv
4Q23;Nationale-Nederlanden;NN DFE Nasze Jutro 2050;Advanced Micro Devices Inc.;3933,247561;nationale_nederlanden_fixed_structure.csv
4Q23;Nationale-Nederlanden;NN DFE Nasze Jutro 2050;Agnico Eagle Mines Ltd;8208,187254;nationale_nederlanden_fixed_structure.csv
4Q23;Nationale-Nederlanden;NN DFE Nasze Jutro 2050;Alior Bank S.A.;169275,3251;nationale_nederlanden_fixed_structure.csv
4Q23;Nationale-Nederlanden;NN DFE Nasze Jutro 2050;Allegro.eu S.A.;351250,2785;nationale_nederlanden_fixed_structure.csv
4Q23;Nationale-Nederlanden;NN DFE Nasze Jutro 2050;Allianz SE;2139,974326;nationale_nederlanden_fixed_structure.csv
4Q23;Nationale-Nederlanden;NN DFE Nasze Jutro 2050;Alphabet Inc.;16158,21396;nationale_nederlanden_fixed_structure.csv
4Q23;Nationale-Nederlanden;NN DFE Nasze Jutro 2050;Amazon.com Inc.;5963,052051;nationale_nederlanden_fixed_structure.csv
4Q23;Nationale-Nederlanden;NN DFE Nasze Jutro 2050;Apple Inc.;344,4705166;nationale_nederlanden_fixed_structure.csv
4Q23;Nationale-Nederlanden;NN DFE Nasze Jutro 2050;Applied Materials Inc.;155,6040394;nationale_nederlanden_fixed_structure.csv
4Q23;Nationale-Nederlanden;NN DFE Nasze Jutro 2050;Asseco Poland S.A.;151033,1168;nationale_nederlanden_fixed_structure.csv
4Q23;Nationale-Nederlanden;NN DFE Nasze Jutro 2050;BNP Paribas Bank Polska S.A.;#VALUE!;nationale_nederlanden_fixed_structure.csv
4Q23;Nationale-Nederlanden;NN DFE Nasze Jutro 2050;BNP Paribas SA;404,3205589;nationale_nederlanden_fixed_structure.csv
4Q23;Nationale-Nederlanden;NN DFE Nasze Jutro 2050;Banco Bilbao Vizcaya Argentaria S.A.;51719,90193;nationale_nederlanden_fixed_structure.csv
4Q23;Nationale-Nederlanden;NN DFE Nasze Jutro 2050;Banco Comercial Portugues S.A.;1866335,921;nationale_nederlanden_fixed_structure.csv
4Q23;Nationale-Nederlanden;NN DFE Nasze Jutro 2050;Banco Santander S.A.;200780,8335;nationale_nederlanden_fixed_structure.csv
4Q23;Nationale-Nederlanden;NN DFE Nasze Jutro 2050;Bank Millennium S.A.;925137,2005;nationale_nederlanden_fixed_structure.csv
4Q23;Nationale-Nederlanden;NN DFE Nasze Jutro 2050;Bank Pekao S.A.;128141,8419;nationale_nederlanden_fixed_structure.csv
4Q23;Nationale-Nederlanden;NN DFE Nasze Jutro 2050;Bank of America Corp.;9340,702676;nationale_nederlanden_fixed_structure.csv
4Q23;Nationale-Nederlanden;NN DFE Nasze Jutro 2050;Benefit Systems S.A.;7820,707677;nationale_nederlanden_fixed_structure.csv
4Q23;Nationale-Nederlanden;NN DFE Nasze Jutro 2050;Berkshire Hathaway Inc.;0,730613778;nationale_nederlanden_fixed_structure.csv
4Q23;Nationale-Nederlanden;NN DFE Nasze Jutro 2050;Broadcom Inc.;12978,04516;nationale_nederlanden_fixed_structure.csv
4Q23;Nationale-Nederlanden;NN DFE Nasze Jutro 2050;Budimex S.A.;8508,647764;nationale_nederlanden_fixed_structure.csv
4Q23;Nationale-Nederlanden;NN DFE Nasze Jutro 2050;CCC S.A.;28497,5569;nationale_nederlanden_fixed_structure.csv
4Q23;Nationale-Nederlanden;NN DFE Nasze Jutro 2050;CD Projekt S.A.;108095,9114;nationale_nederlanden_fixed_structure.csv
4Q23;Nationale-Nederlanden;NN DFE Nasze Jutro 2050;CaixaBank SA;275532,9252;nationale_nederlanden_fixed_structure.csv
4Q23;Nationale-Nederlanden;NN DFE Nasze Jutro 2050;Caterpillar Inc.;1766,276619;nationale_nederlanden_fixed_structure.csv
4Q23;Nationale-Nederlanden;NN DFE Nasze Jutro 2050;Coca-Cola Company;787,7074445;nationale_nederlanden_fixed_structure.csv
4Q23;Nationale-Nederlanden;NN DFE Nasze Jutro 2050;Compremum S.A.;215105,5234;nationale_nederlanden_fixed_structure.csv
4Q23;Nationale-Nederlanden;NN DFE Nasze Jutro 2050;CrowdStrike Holdings Inc.;3204,261962;nationale_nederlanden_fixed_structure.csv
4Q23;Nationale-Nederlanden;NN DFE Nasze Jutro 2050;Cyber_Folks S.A.;68445,56991;nationale_nederlanden_fixed_structure.csv
4Q23;Nationale-Nederlanden;NN DFE Nasze Jutro 2050;DataWalk S.A.;134974,2438;nationale_nederlanden_fixed_structure.csv
4Q23;Nationale-Nederlanden;NN DFE Nasze Jutro 2050;Deutsche Post AG;96,27772218;nationale_nederlanden_fixed_structure.csv
4Q23;Nationale-Nederlanden;NN DFE Nasze Jutro 2050;Diagnostyka S.A.;#VALUE!;nationale_nederlanden_fixed_structure.csv
4Q23;Nationale-Nederlanden;NN DFE Nasze Jutro 2050;Dino Polska S.A.;274737,8758;nationale_nederlanden_fixed_structure.csv
4Q23;Nationale-Nederlanden;NN DFE Nasze Jutro 2050;Erste Group Bank AG;7557,212099;nationale_nederlanden_fixed_structure.csv
4Q23;Nationale-Nederlanden;NN DFE Nasze Jutro 2050;GE Vernova Inc.;#VALUE!;nationale_nederlanden_fixed_structure.csv
4Q23;Nationale-Nederlanden;NN DFE Nasze Jutro 2050;General Electric Co.;5617,288115;nationale_nederlanden_fixed_structure.csv
4Q23;Nationale-Nederlanden;NN DFE Nasze Jutro 2050;Grenergy Renovables S.A.;26095,02527;nationale_nederlanden_fixed_structure.csv
4Q23;Nationale-Nederlanden;NN DFE Nasze Jutro 2050;Grupa Kęty S.A.;10752,75581;nationale_nederlanden_fixed_structure.csv
4Q23;Nationale-Nederlanden;NN DFE Nasze Jutro 2050;Grupa Pracuj S.A.;#VALUE!;nationale_nederlanden_fixed_structure.csv
4Q23;Nationale-Nederlanden;NN DFE Nasze Jutro 2050;ING Bank Śląski S.A.;43631,95363;nationale_nederlanden_fixed_structure.csv
4Q23;Nationale-Nederlanden;NN DFE Nasze Jutro 2050;ING Groep N.V.;15054,17426;nationale_nederlanden_fixed_structure.csv
4Q23;Nationale-Nederlanden;NN DFE Nasze Jutro 2050;InPost S.A.;29846,36226;nationale_nederlanden_fixed_structure.csv
4Q23;Nationale-Nederlanden;NN DFE Nasze Jutro 2050;Intel Corp.;439,097933;nationale_nederlanden_fixed_structure.csv
4Q23;Nationale-Nederlanden;NN DFE Nasze Jutro 2050;JP Morgan Chase & Co.;4602,074603;nationale_nederlanden_fixed_structure.csv
4Q23;Nationale-Nederlanden;NN DFE Nasze Jutro 2050;KGHM Polska Miedź S.A.;114190,4772;nationale_nederlanden_fixed_structure.csv
4Q23;Nationale-Nederlanden;NN DFE Nasze Jutro 2050;Kruk S.A.;12038,72782;nationale_nederlanden_fixed_structure.csv
4Q23;Nationale-Nederlanden;NN DFE Nasze Jutro 2050;LPP S.A.;1582,243715;nationale_nederlanden_fixed_structure.csv
4Q23;Nationale-Nederlanden;NN DFE Nasze Jutro 2050;LVMH S.A.;416,5303483;nationale_nederlanden_fixed_structure.csv
4Q23;Nationale-Nederlanden;NN DFE Nasze Jutro 2050;Linde Plc;160,9095927;nationale_nederlanden_fixed_structure.csv
4Q23;Nationale-Nederlanden;NN DFE Nasze Jutro 2050;Lundin Mining Corp.;173396,9738;nationale_nederlanden_fixed_structure.csv
4Q23;Nationale-Nederlanden;NN DFE Nasze Jutro 2050;Mercadolibre Inc.;77,58138871;nationale_nederlanden_fixed_structure.csv
4Q23;Nationale-Nederlanden;NN DFE Nasze Jutro 2050;Meta Platforms Inc.;335,2189469;nationale_nederlanden_fixed_structure.csv
4Q23;Nationale-Nederlanden;NN DFE Nasze Jutro 2050;Micron Technology Inc.;15069,0831;nationale_nederlanden_fixed_structure.csv
4Q23;Nationale-Nederlanden;NN DFE Nasze Jutro 2050;Microsoft Corp.;3129,183102;nationale_nederlanden_fixed_structure.csv
4Q23;Nationale-Nederlanden;NN DFE Nasze Jutro 2050;Mirbud S.A.;148552,8339;nationale_nederlanden_fixed_structure.csv
4Q23;Nationale-Nederlanden;NN DFE Nasze Jutro 2050;Münchener Rück AG;118,0989653;nationale_nederlanden_fixed_structure.csv
4Q23;Nationale-Nederlanden;NN DFE Nasze Jutro 2050;Nektar Therapeutics;121840,6276;nationale_nederlanden_fixed_structure.csv
4Q23;Nationale-Nederlanden;NN DFE Nasze Jutro 2050;Nvidia Corp.;38949,12977;nationale_nederlanden_fixed_structure.csv
4Q23;Nationale-Nederlanden;NN DFE Nasze Jutro 2050;Oracle Corp.;5934,190385;nationale_nederlanden_fixed_structure.csv
4Q23;Nationale-Nederlanden;NN DFE Nasze Jutro 2050;Orange Polska S.A.;578591,9005;nationale_nederlanden_fixed_structure.csv
4Q23;Nationale-Nederlanden;NN DFE Nasze Jutro 2050;Orlen S.A.;211803,5495;nationale_nederlanden_fixed_structure.csv
4Q23;Nationale-Nederlanden;NN DFE Nasze Jutro 2050;PGE Polska Grupa Energetyczna S.A.;340612,2885;nationale_nederlanden_fixed_structure.csv
4Q23;Nationale-Nederlanden;NN DFE Nasze Jutro 2050;PKO Bank Polski S.A.;487853,4233;nationale_nederlanden_fixed_structure.csv
4Q23;Nationale-Nederlanden;NN DFE Nasze Jutro 2050;PKP Cargo S.A.;94024,36763;nationale_nederlanden_fixed_structure.csv
4Q23;Nationale-Nederlanden;NN DFE Nasze Jutro 2050;Pepco Group N.V.;45722,47889;nationale_nederlanden_fixed_structure.csv
4Q23;Nationale-Nederlanden;NN DFE Nasze Jutro 2050;PepsiCo Inc.;37,19951078;nationale_nederlanden_fixed_structure.csv
4Q23;Nationale-Nederlanden;NN DFE Nasze Jutro 2050;Powszechny Zakład Ubezpieczeń S.A.;410790,55;nationale_nederlanden_fixed_structure.csv
4Q23;Nationale-Nederlanden;NN DFE Nasze Jutro 2050;Procter & Gamble Co;541,7273553;nationale_nederlanden_fixed_structure.csv
4Q23;Nationale-Nederlanden;NN DFE Nasze Jutro 2050;RTX Corp.;6464,878326;nationale_nederlanden_fixed_structure.csv
4Q23;Nationale-Nederlanden;NN DFE Nasze Jutro 2050;Rainbow Tours S.A.;51357,80393;nationale_nederlanden_fixed_structure.csv
4Q23;Nationale-Nederlanden;NN DFE Nasze Jutro 2050;Render Cube S.A.;4037,057179;nationale_nederlanden_fixed_structure.csv
4Q23;Nationale-Nederlanden;NN DFE Nasze Jutro 2050;Rheinmetall AG;1555,55594;nationale_nederlanden_fixed_structure.csv
4Q23;Nationale-Nederlanden;NN DFE Nasze Jutro 2050;SAP SE;1267,113006;nationale_nederlanden_fixed_structure.csv
4Q23;Nationale-Nederlanden;NN DFE Nasze Jutro 2050;Santander Bank Polska S.A.;26439,68191;nationale_nederlanden_fixed_structure.csv
4Q23;Nationale-Nederlanden;NN DFE Nasze Jutro 2050;Schneider Electric SE;2556,84948;nationale_nederlanden_fixed_structure.csv
4Q23;Nationale-Nederlanden;NN DFE Nasze Jutro 2050;Selvita S.A.;373,7835897;nationale_nederlanden_fixed_structure.csv
4Q23;Nationale-Nederlanden;NN DFE Nasze Jutro 2050;Shoper S.A.;124558,4103;nationale_nederlanden_fixed_structure.csv
4Q23;Nationale-Nederlanden;NN DFE Nasze Jutro 2050;Siemens Energy AG;36815,79819;nationale_nederlanden_fixed_structure.csv
4Q23;Nationale-Nederlanden;NN DFE Nasze Jutro 2050;Snowflake Inc.;4680,679108;nationale_nederlanden_fixed_structure.csv
4Q23;Nationale-Nederlanden;NN DFE Nasze Jutro 2050;Synektik S.A.;58322,81081;nationale_nederlanden_fixed_structure.csv
4Q23;Nationale-Nederlanden;NN DFE Nasze Jutro 2050;Torpol S.A.;172604,9857;nationale_nederlanden_fixed_structure.csv
4Q23;Nationale-Nederlanden;NN DFE Nasze Jutro 2050;UniCredit S.p.A.;27338,69204;nationale_nederlanden_fixed_structure.csv
4Q23;Nationale-Nederlanden;NN DFE Nasze Jutro 2050;Vercom S.A.;11829,30141;nationale_nederlanden_fixed_structure.csv
4Q23;Nationale-Nederlanden;NN DFE Nasze Jutro 2050;Vertiv Holdings Co.;13453,71308;nationale_nederlanden_fixed_structure.csv
4Q23;Nationale-Nederlanden;NN DFE Nasze Jutro 2050;Visa Inc.;1027,868157;nationale_nederlanden_fixed_structure.csv
4Q23;Nationale-Nederlanden;NN DFE Nasze Jutro 2050;Walmart Inc.;1926,853198;nationale_nederlanden_fixed_structure.csv
4Q23;Nationale-Nederlanden;NN DFE Nasze Jutro 2050;Waste Management Inc.;1064,311838;nationale_nederlanden_fixed_structure.csv
4Q23;Nationale-Nederlanden;NN DFE Nasze Jutro 2050;Wells Fargo & Co;14135,85969;nationale_nederlanden_fixed_structure.csv
4Q23;Nationale-Nederlanden;NN DFE Nasze Jutro 2050;Western Digital Corp.;20401,67166;nationale_nederlanden_fixed_structure.csv
4Q23;Nationale-Nederlanden;NN DFE Nasze Jutro 2050;Wheaton Precious Metals Corp.;9382,543987;nationale_nederlanden_fixed_structure.csv
4Q23;Nationale-Nederlanden;NN DFE Nasze Jutro 2050;XTB S.A.;226899,6642;nationale_nederlanden_fixed_structure.csv
4Q23;Nationale-Nederlanden;NN DFE Nasze Jutro 2050;Zabka Group SA;#VALUE!;nationale_nederlanden_fixed_structure.csv
4Q23;Nationale-Nederlanden;NN DFE Nasze Jutro 2050;mBank S.A.;19531,42361;nationale_nederlanden_fixed_structure.csv
4Q23;Nationale-Nederlanden;NN DFE Nasze Jutro 2055;ASML Holding N.V.;1059,759344;nationale_nederlanden_fixed_structure.csv
4Q23;Nationale-Nederlanden;NN DFE Nasze Jutro 2055;Advanced Micro Devices Inc.;2739,416331;nationale_nederlanden_fixed_structure.csv
4Q23;Nationale-Nederlanden;NN DFE Nasze Jutro 2055;Agnico Eagle Mines Ltd;5674,725932;nationale_nederlanden_fixed_structure.csv
4Q23;Nationale-Nederlanden;NN DFE Nasze Jutro 2055;Alior Bank S.A.;117080,9826;nationale_nederlanden_fixed_structure.csv
4Q23;Nationale-Nederlanden;NN DFE Nasze Jutro 2055;Allegro.eu S.A.;244481,3068;nationale_nederlanden_fixed_structure.csv
4Q23;Nationale-Nederlanden;NN DFE Nasze Jutro 2055;Allianz SE;1480,554519;nationale_nederlanden_fixed_structure.csv
4Q23;Nationale-Nederlanden;NN DFE Nasze Jutro 2055;Alphabet Inc.;11172,50977;nationale_nederlanden_fixed_structure.csv
4Q23;Nationale-Nederlanden;NN DFE Nasze Jutro 2055;Amazon.com Inc.;4123,97994;nationale_nederlanden_fixed_structure.csv
4Q23;Nationale-Nederlanden;NN DFE Nasze Jutro 2055;Apple Inc.;226,6253385;nationale_nederlanden_fixed_structure.csv
4Q23;Nationale-Nederlanden;NN DFE Nasze Jutro 2055;Applied Materials Inc.;107,6140079;nationale_nederlanden_fixed_structure.csv
4Q23;Nationale-Nederlanden;NN DFE Nasze Jutro 2055;Asseco Poland S.A.;105228,2982;nationale_nederlanden_fixed_structure.csv
4Q23;Nationale-Nederlanden;NN DFE Nasze Jutro 2055;BNP Paribas Bank Polska S.A.;#VALUE!;nationale_nederlanden_fixed_structure.csv
4Q23;Nationale-Nederlanden;NN DFE Nasze Jutro 2055;BNP Paribas SA;266,1986298;nationale_nederlanden_fixed_structure.csv
4Q23;Nationale-Nederlanden;NN DFE Nasze Jutro 2055;Banco Bilbao Vizcaya Argentaria S.A.;35999,15783;nationale_nederlanden_fixed_structure.csv
4Q23;Nationale-Nederlanden;NN DFE Nasze Jutro 2055;Banco Comercial Portugues S.A.;1299029,833;nationale_nederlanden_fixed_structure.csv
4Q23;Nationale-Nederlanden;NN DFE Nasze Jutro 2055;Banco Santander S.A.;138666,4094;nationale_nederlanden_fixed_structure.csv
4Q23;Nationale-Nederlanden;NN DFE Nasze Jutro 2055;Bank Millennium S.A.;644553,015;nationale_nederlanden_fixed_structure.csv
4Q23;Nationale-Nederlanden;NN DFE Nasze Jutro 2055;Bank Pekao S.A.;89251,05643;nationale_nederlanden_fixed_structure.csv
4Q23;Nationale-Nederlanden;NN DFE Nasze Jutro 2055;Bank of America Corp.;6501,78823;nationale_nederlanden_fixed_structure.csv
4Q23;Nationale-Nederlanden;NN DFE Nasze Jutro 2055;Benefit Systems S.A.;5448,78;nationale_nederlanden_fixed_structure.csv
4Q23;Nationale-Nederlanden;NN DFE Nasze Jutro 2055;Berkshire Hathaway Inc.;0,498686389;nationale_nederlanden_fixed_structure.csv
4Q23;Nationale-Nederlanden;NN DFE Nasze Jutro 2055;Broadcom Inc.;9034,016074;nationale_nederlanden_fixed_structure.csv
4Q23;Nationale-Nederlanden;NN DFE Nasze Jutro 2055;Budimex S.A.;5927,613131;nationale_nederlanden_fixed_structure.csv
4Q23;Nationale-Nederlanden;NN DFE Nasze Jutro 2055;CCC S.A.;19848,37786;nationale_nederlanden_fixed_structure.csv
4Q23;Nationale-Nederlanden;NN DFE Nasze Jutro 2055;CD Projekt S.A.;75314,80896;nationale_nederlanden_fixed_structure.csv
4Q23;Nationale-Nederlanden;NN DFE Nasze Jutro 2055;CaixaBank SA;191778,3884;nationale_nederlanden_fixed_structure.csv
4Q23;Nationale-Nederlanden;NN DFE Nasze Jutro 2055;Caterpillar Inc.;1229,641272;nationale_nederlanden_fixed_structure.csv
4Q23;Nationale-Nederlanden;NN DFE Nasze Jutro 2055;Coca-Cola Company;538,5568411;nationale_nederlanden_fixed_structure.csv
4Q23;Nationale-Nederlanden;NN DFE Nasze Jutro 2055;Compremum S.A.;146099,5748;nationale_nederlanden_fixed_structure.csv
4Q23;Nationale-Nederlanden;NN DFE Nasze Jutro 2055;CrowdStrike Holdings Inc.;2215,874272;nationale_nederlanden_fixed_structure.csv
4Q23;Nationale-Nederlanden;NN DFE Nasze Jutro 2055;Cyber_Folks S.A.;47359,7405;nationale_nederlanden_fixed_structure.csv
4Q23;Nationale-Nederlanden;NN DFE Nasze Jutro 2055;DataWalk S.A.;90660,38512;nationale_nederlanden_fixed_structure.csv
4Q23;Nationale-Nederlanden;NN DFE Nasze Jutro 2055;Deutsche Post AG;62,83388994;nationale_nederlanden_fixed_structure.csv
4Q23;Nationale-Nederlanden;NN DFE Nasze Jutro 2055;Diagnostyka S.A.;#VALUE!;nationale_nederlanden_fixed_structure.csv
4Q23;Nationale-Nederlanden;NN DFE Nasze Jutro 2055;Dino Polska S.A.;189922,8374;nationale_nederlanden_fixed_structure.csv
4Q23;Nationale-Nederlanden;NN DFE Nasze Jutro 2055;Erste Group Bank AG;5218,918585;nationale_nederlanden_fixed_structure.csv
4Q23;Nationale-Nederlanden;NN DFE Nasze Jutro 2055;GE Vernova Inc.;#VALUE!;nationale_nederlanden_fixed_structure.csv
4Q23;Nationale-Nederlanden;NN DFE Nasze Jutro 2055;General Electric Co.;3907,678672;nationale_nederlanden_fixed_structure.csv
4Q23;Nationale-Nederlanden;NN DFE Nasze Jutro 2055;Grenergy Renovables S.A.;18056,01889;nationale_nederlanden_fixed_structure.csv
4Q23;Nationale-Nederlanden;NN DFE Nasze Jutro 2055;Grupa Kęty S.A.;7440,423987;nationale_nederlanden_fixed_structure.csv
4Q23;Nationale-Nederlanden;NN DFE Nasze Jutro 2055;Grupa Pracuj S.A.;#VALUE!;nationale_nederlanden_fixed_structure.csv
4Q23;Nationale-Nederlanden;NN DFE Nasze Jutro 2055;ING Bank Śląski S.A.;30291,01461;nationale_nederlanden_fixed_structure.csv
4Q23;Nationale-Nederlanden;NN DFE Nasze Jutro 2055;ING Groep N.V.;10397,01561;nationale_nederlanden_fixed_structure.csv
4Q23;Nationale-Nederlanden;NN DFE Nasze Jutro 2055;InPost S.A.;20392,11174;nationale_nederlanden_fixed_structure.csv
4Q23;Nationale-Nederlanden;NN DFE Nasze Jutro 2055;Intel Corp.;305,752235;nationale_nederlanden_fixed_structure.csv
4Q23;Nationale-Nederlanden;NN DFE Nasze Jutro 2055;JP Morgan Chase & Co.;3205,295448;nationale_nederlanden_fixed_structure.csv
4Q23;Nationale-Nederlanden;NN DFE Nasze Jutro 2055;KGHM Polska Miedź S.A.;79009,11263;nationale_nederlanden_fixed_structure.csv
4Q23;Nationale-Nederlanden;NN DFE Nasze Jutro 2055;Kruk S.A.;8329,638218;nationale_nederlanden_fixed_structure.csv
4Q23;Nationale-Nederlanden;NN DFE Nasze Jutro 2055;LPP S.A.;1100,524167;nationale_nederlanden_fixed_structure.csv
4Q23;Nationale-Nederlanden;NN DFE Nasze Jutro 2055;LVMH S.A.;284,8143862;nationale_nederlanden_fixed_structure.csv
4Q23;Nationale-Nederlanden;NN DFE Nasze Jutro 2055;Linde Plc;111,398955;nationale_nederlanden_fixed_structure.csv
4Q23;Nationale-Nederlanden;NN DFE Nasze Jutro 2055;Lundin Mining Corp.;122806,91;nationale_nederlanden_fixed_structure.csv
4Q23;Nationale-Nederlanden;NN DFE Nasze Jutro 2055;Mercadolibre Inc.;51,72092526;nationale_nederlanden_fixed_structure.csv
4Q23;Nationale-Nederlanden;NN DFE Nasze Jutro 2055;Meta Platforms Inc.;232,6009013;nationale_nederlanden_fixed_structure.csv
4Q23;Nationale-Nederlanden;NN DFE Nasze Jutro 2055;Micron Technology Inc.;10489,77493;nationale_nederlanden_fixed_structure.csv
4Q23;Nationale-Nederlanden;NN DFE Nasze Jutro 2055;Microsoft Corp.;2164,361474;nationale_nederlanden_fixed_structure.csv
4Q23;Nationale-Nederlanden;NN DFE Nasze Jutro 2055;Mirbud S.A.;101337,6728;nationale_nederlanden_fixed_structure.csv
4Q23;Nationale-Nederlanden;NN DFE Nasze Jutro 2055;Münchener Rück AG;83,1066779;nationale_nederlanden_fixed_structure.csv
4Q23;Nationale-Nederlanden;NN DFE Nasze Jutro 2055;Nektar Therapeutics;84240,69248;nationale_nederlanden_fixed_structure.csv
4Q23;Nationale-Nederlanden;NN DFE Nasze Jutro 2055;Nvidia Corp.;27109,31282;nationale_nederlanden_fixed_structure.csv
4Q23;Nationale-Nederlanden;NN DFE Nasze Jutro 2055;Oracle Corp.;4106,459763;nationale_nederlanden_fixed_structure.csv
4Q23;Nationale-Nederlanden;NN DFE Nasze Jutro 2055;Orange Polska S.A.;402980,4828;nationale_nederlanden_fixed_structure.csv
4Q23;Nationale-Nederlanden;NN DFE Nasze Jutro 2055;Orlen S.A.;147586,3594;nationale_nederlanden_fixed_structure.csv
4Q23;Nationale-Nederlanden;NN DFE Nasze Jutro 2055;PGE Polska Grupa Energetyczna S.A.;237076,9809;nationale_nederlanden_fixed_structure.csv
4Q23;Nationale-Nederlanden;NN DFE Nasze Jutro 2055;PKO Bank Polski S.A.;339792,2858;nationale_nederlanden_fixed_structure.csv
4Q23;Nationale-Nederlanden;NN DFE Nasze Jutro 2055;PKP Cargo S.A.;64957,39781;nationale_nederlanden_fixed_structure.csv
4Q23;Nationale-Nederlanden;NN DFE Nasze Jutro 2055;Pepco Group N.V.;31844,80622;nationale_nederlanden_fixed_structure.csv
4Q23;Nationale-Nederlanden;NN DFE Nasze Jutro 2055;PepsiCo Inc.;25,57465616;nationale_nederlanden_fixed_structure.csv
4Q23;Nationale-Nederlanden;NN DFE Nasze Jutro 2055;Powszechny Zakład Ubezpieczeń S.A.;285923,6353;nationale_nederlanden_fixed_structure.csv
4Q23;Nationale-Nederlanden;NN DFE Nasze Jutro 2055;Procter & Gamble Co;369,5226282;nationale_nederlanden_fixed_structure.csv
4Q23;Nationale-Nederlanden;NN DFE Nasze Jutro 2055;RTX Corp.;4501,826238;nationale_nederlanden_fixed_structure.csv
4Q23;Nationale-Nederlanden;NN DFE Nasze Jutro 2055;Rainbow Tours S.A.;35535,25066;nationale_nederlanden_fixed_structure.csv
4Q23;Nationale-Nederlanden;NN DFE Nasze Jutro 2055;Render Cube S.A.;2636,279936;nationale_nederlanden_fixed_structure.csv
4Q23;Nationale-Nederlanden;NN DFE Nasze Jutro 2055;Rheinmetall AG;1084,656349;nationale_nederlanden_fixed_structure.csv
4Q23;Nationale-Nederlanden;NN DFE Nasze Jutro 2055;SAP SE;874,7729625;nationale_nederlanden_fixed_structure.csv
4Q23;Nationale-Nederlanden;NN DFE Nasze Jutro 2055;Santander Bank Polska S.A.;18286,39753;nationale_nederlanden_fixed_structure.csv
4Q23;Nationale-Nederlanden;NN DFE Nasze Jutro 2055;Schneider Electric SE;1779,989622;nationale_nederlanden_fixed_structure.csv
4Q23;Nationale-Nederlanden;NN DFE Nasze Jutro 2055;Selvita S.A.;244,2547009;nationale_nederlanden_fixed_structure.csv
4Q23;Nationale-Nederlanden;NN DFE Nasze Jutro 2055;Shoper S.A.;86182,26455;nationale_nederlanden_fixed_structure.csv
4Q23;Nationale-Nederlanden;NN DFE Nasze Jutro 2055;Siemens Energy AG;25630,51066;nationale_nederlanden_fixed_structure.csv
4Q23;Nationale-Nederlanden;NN DFE Nasze Jutro 2055;Snowflake Inc.;3239,0704;nationale_nederlanden_fixed_structure.csv
4Q23;Nationale-Nederlanden;NN DFE Nasze Jutro 2055;Synektik S.A.;40819,00209;nationale_nederlanden_fixed_structure.csv
4Q23;Nationale-Nederlanden;NN DFE Nasze Jutro 2055;Torpol S.A.;120259,1825;nationale_nederlanden_fixed_structure.csv
4Q23;Nationale-Nederlanden;NN DFE Nasze Jutro 2055;UniCredit S.p.A.;18901,34341;nationale_nederlanden_fixed_structure.csv
4Q23;Nationale-Nederlanden;NN DFE Nasze Jutro 2055;Vercom S.A.;8239,957033;nationale_nederlanden_fixed_structure.csv
4Q23;Nationale-Nederlanden;NN DFE Nasze Jutro 2055;Vertiv Holdings Co.;9305,304403;nationale_nederlanden_fixed_structure.csv
4Q23;Nationale-Nederlanden;NN DFE Nasze Jutro 2055;Visa Inc.;700,482258;nationale_nederlanden_fixed_structure.csv
4Q23;Nationale-Nederlanden;NN DFE Nasze Jutro 2055;Walmart Inc.;1310,493497;nationale_nederlanden_fixed_structure.csv
4Q23;Nationale-Nederlanden;NN DFE Nasze Jutro 2055;Waste Management Inc.;724,5420912;nationale_nederlanden_fixed_structure.csv
4Q23;Nationale-Nederlanden;NN DFE Nasze Jutro 2055;Wells Fargo & Co;9844,740592;nationale_nederlanden_fixed_structure.csv
4Q23;Nationale-Nederlanden;NN DFE Nasze Jutro 2055;Western Digital Corp.;14113,48519;nationale_nederlanden_fixed_structure.csv
4Q23;Nationale-Nederlanden;NN DFE Nasze Jutro 2055;Wheaton Precious Metals Corp.;6487,371484;nationale_nederlanden_fixed_structure.csv
4Q23;Nationale-Nederlanden;NN DFE Nasze Jutro 2055;XTB S.A.;158106,7702;nationale_nederlanden_fixed_structure.csv
4Q23;Nationale-Nederlanden;NN DFE Nasze Jutro 2055;Zabka Group SA;#VALUE!;nationale_nederlanden_fixed_structure.csv
4Q23;Nationale-Nederlanden;NN DFE Nasze Jutro 2055;mBank S.A.;13608,41512;nationale_nederlanden_fixed_structure.csv
4Q23;Nationale-Nederlanden;NN DFE Nasze Jutro 2060;ASML Holding N.V.;518,0461269;nationale_nederlanden_fixed_structure.csv
4Q23;Nationale-Nederlanden;NN DFE Nasze Jutro 2060;Advanced Micro Devices Inc.;1344,392538;nationale_nederlanden_fixed_structure.csv
4Q23;Nationale-Nederlanden;NN DFE Nasze Jutro 2060;Agnico Eagle Mines Ltd;2661,270413;nationale_nederlanden_fixed_structure.csv
4Q23;Nationale-Nederlanden;NN DFE Nasze Jutro 2060;Alior Bank S.A.;57269,80482;nationale_nederlanden_fixed_structure.csv
4Q23;Nationale-Nederlanden;NN DFE Nasze Jutro 2060;Allegro.eu S.A.;119792,2599;nationale_nederlanden_fixed_structure.csv
4Q23;Nationale-Nederlanden;NN DFE Nasze Jutro 2060;Allianz SE;723,7917513;nationale_nederlanden_fixed_structure.csv
4Q23;Nationale-Nederlanden;NN DFE Nasze Jutro 2060;Alphabet Inc.;5414,227522;nationale_nederlanden_fixed_structure.csv
4Q23;Nationale-Nederlanden;NN DFE Nasze Jutro 2060;Amazon.com Inc.;2017,406398;nationale_nederlanden_fixed_structure.csv
4Q23;Nationale-Nederlanden;NN DFE Nasze Jutro 2060;Apple Inc.;101,0101565;nationale_nederlanden_fixed_structure.csv
4Q23;Nationale-Nederlanden;NN DFE Nasze Jutro 2060;Applied Materials Inc.;52,35276869;nationale_nederlanden_fixed_structure.csv
4Q23;Nationale-Nederlanden;NN DFE Nasze Jutro 2060;Asseco Poland S.A.;51778,95417;nationale_nederlanden_fixed_structure.csv
4Q23;Nationale-Nederlanden;NN DFE Nasze Jutro 2060;BNP Paribas Bank Polska S.A.;#VALUE!;nationale_nederlanden_fixed_structure.csv
4Q23;Nationale-Nederlanden;NN DFE Nasze Jutro 2060;BNP Paribas SA;119,287144;nationale_nederlanden_fixed_structure.csv
4Q23;Nationale-Nederlanden;NN DFE Nasze Jutro 2060;Banco Bilbao Vizcaya Argentaria S.A.;17638,141;nationale_nederlanden_fixed_structure.csv
4Q23;Nationale-Nederlanden;NN DFE Nasze Jutro 2060;Banco Comercial Portugues S.A.;636507,6465;nationale_nederlanden_fixed_structure.csv
4Q23;Nationale-Nederlanden;NN DFE Nasze Jutro 2060;Banco Santander S.A.;66926,94246;nationale_nederlanden_fixed_structure.csv
4Q23;Nationale-Nederlanden;NN DFE Nasze Jutro 2060;Bank Millennium S.A.;317222,079;nationale_nederlanden_fixed_structure.csv
4Q23;Nationale-Nederlanden;NN DFE Nasze Jutro 2060;Bank Pekao S.A.;43917,93384;nationale_nederlanden_fixed_structure.csv
4Q23;Nationale-Nederlanden;NN DFE Nasze Jutro 2060;Bank of America Corp.;3186,475506;nationale_nederlanden_fixed_structure.csv
4Q23;Nationale-Nederlanden;NN DFE Nasze Jutro 2060;Benefit Systems S.A.;2681,231354;nationale_nederlanden_fixed_structure.csv
4Q23;Nationale-Nederlanden;NN DFE Nasze Jutro 2060;Berkshire Hathaway Inc.;0,23022829;nationale_nederlanden_fixed_structure.csv
4Q23;Nationale-Nederlanden;NN DFE Nasze Jutro 2060;Broadcom Inc.;4424,592054;nationale_nederlanden_fixed_structure.csv
4Q23;Nationale-Nederlanden;NN DFE Nasze Jutro 2060;Budimex S.A.;2916,406022;nationale_nederlanden_fixed_structure.csv
4Q23;Nationale-Nederlanden;NN DFE Nasze Jutro 2060;CCC S.A.;9738,948169;nationale_nederlanden_fixed_structure.csv
4Q23;Nationale-Nederlanden;NN DFE Nasze Jutro 2060;CD Projekt S.A.;37050,23043;nationale_nederlanden_fixed_structure.csv
4Q23;Nationale-Nederlanden;NN DFE Nasze Jutro 2060;CaixaBank SA;93970,759;nationale_nederlanden_fixed_structure.csv
4Q23;Nationale-Nederlanden;NN DFE Nasze Jutro 2060;Caterpillar Inc.;602,3820641;nationale_nederlanden_fixed_structure.csv
4Q23;Nationale-Nederlanden;NN DFE Nasze Jutro 2060;Coca-Cola Company;257,8544975;nationale_nederlanden_fixed_structure.csv
4Q23;Nationale-Nederlanden;NN DFE Nasze Jutro 2060;Compremum S.A.;63234,29439;nationale_nederlanden_fixed_structure.csv
4Q23;Nationale-Nederlanden;NN DFE Nasze Jutro 2060;CrowdStrike Holdings Inc.;1077,628829;nationale_nederlanden_fixed_structure.csv
4Q23;Nationale-Nederlanden;NN DFE Nasze Jutro 2060;Cyber_Folks S.A.;23154,95572;nationale_nederlanden_fixed_structure.csv
4Q23;Nationale-Nederlanden;NN DFE Nasze Jutro 2060;DataWalk S.A.;41876,35592;nationale_nederlanden_fixed_structure.csv
4Q23;Nationale-Nederlanden;NN DFE Nasze Jutro 2060;Deutsche Post AG;27,36314479;nationale_nederlanden_fixed_structure.csv
4Q23;Nationale-Nederlanden;NN DFE Nasze Jutro 2060;Diagnostyka S.A.;#VALUE!;nationale_nederlanden_fixed_structure.csv
4Q23;Nationale-Nederlanden;NN DFE Nasze Jutro 2060;Dino Polska S.A.;92978,1858;nationale_nederlanden_fixed_structure.csv
4Q23;Nationale-Nederlanden;NN DFE Nasze Jutro 2060;Erste Group Bank AG;2515,437008;nationale_nederlanden_fixed_structure.csv
4Q23;Nationale-Nederlanden;NN DFE Nasze Jutro 2060;GE Vernova Inc.;#VALUE!;nationale_nederlanden_fixed_structure.csv
4Q23;Nationale-Nederlanden;NN DFE Nasze Jutro 2060;General Electric Co.;1914,984594;nationale_nederlanden_fixed_structure.csv
4Q23;Nationale-Nederlanden;NN DFE Nasze Jutro 2060;Grenergy Renovables S.A.;8827,767011;nationale_nederlanden_fixed_structure.csv
4Q23;Nationale-Nederlanden;NN DFE Nasze Jutro 2060;Grupa Kęty S.A.;3637,650188;nationale_nederlanden_fixed_structure.csv
4Q23;Nationale-Nederlanden;NN DFE Nasze Jutro 2060;Grupa Pracuj S.A.;#VALUE!;nationale_nederlanden_fixed_structure.csv
4Q23;Nationale-Nederlanden;NN DFE Nasze Jutro 2060;ING Bank Śląski S.A.;14725,70141;nationale_nederlanden_fixed_structure.csv
4Q23;Nationale-Nederlanden;NN DFE Nasze Jutro 2060;ING Groep N.V.;5014,604381;nationale_nederlanden_fixed_structure.csv
4Q23;Nationale-Nederlanden;NN DFE Nasze Jutro 2060;InPost S.A.;9752,112296;nationale_nederlanden_fixed_structure.csv
4Q23;Nationale-Nederlanden;NN DFE Nasze Jutro 2060;Intel Corp.;150,1822962;nationale_nederlanden_fixed_structure.csv
4Q23;Nationale-Nederlanden;NN DFE Nasze Jutro 2060;JP Morgan Chase & Co.;1577,457047;nationale_nederlanden_fixed_structure.csv
4Q23;Nationale-Nederlanden;NN DFE Nasze Jutro 2060;KGHM Polska Miedź S.A.;39982,13146;nationale_nederlanden_fixed_structure.csv
4Q23;Nationale-Nederlanden;NN DFE Nasze Jutro 2060;Kruk S.A.;4072,01413;nationale_nederlanden_fixed_structure.csv
4Q23;Nationale-Nederlanden;NN DFE Nasze Jutro 2060;LPP S.A.;540,6533212;nationale_nederlanden_fixed_structure.csv
4Q23;Nationale-Nederlanden;NN DFE Nasze Jutro 2060;LVMH S.A.;135,992452;nationale_nederlanden_fixed_structure.csv
4Q23;Nationale-Nederlanden;NN DFE Nasze Jutro 2060;Linde Plc;54,27128848;nationale_nederlanden_fixed_structure.csv
4Q23;Nationale-Nederlanden;NN DFE Nasze Jutro 2060;Lundin Mining Corp.;59532,02205;nationale_nederlanden_fixed_structure.csv
4Q23;Nationale-Nederlanden;NN DFE Nasze Jutro 2060;Mercadolibre Inc.;23,50951193;nationale_nederlanden_fixed_structure.csv
4Q23;Nationale-Nederlanden;NN DFE Nasze Jutro 2060;Meta Platforms Inc.;116,3004507;nationale_nederlanden_fixed_structure.csv
4Q23;Nationale-Nederlanden;NN DFE Nasze Jutro 2060;Micron Technology Inc.;5140,603183;nationale_nederlanden_fixed_structure.csv
4Q23;Nationale-Nederlanden;NN DFE Nasze Jutro 2060;Microsoft Corp.;1059,180716;nationale_nederlanden_fixed_structure.csv
4Q23;Nationale-Nederlanden;NN DFE Nasze Jutro 2060;Mirbud S.A.;48721,76313;nationale_nederlanden_fixed_structure.csv
4Q23;Nationale-Nederlanden;NN DFE Nasze Jutro 2060;Münchener Rück AG;40,82433936;nationale_nederlanden_fixed_structure.csv
4Q23;Nationale-Nederlanden;NN DFE Nasze Jutro 2060;Nektar Therapeutics;40985,66824;nationale_nederlanden_fixed_structure.csv
4Q23;Nationale-Nederlanden;NN DFE Nasze Jutro 2060;Nvidia Corp.;13283,52874;nationale_nederlanden_fixed_structure.csv
4Q23;Nationale-Nederlanden;NN DFE Nasze Jutro 2060;Oracle Corp.;2007,451859;nationale_nederlanden_fixed_structure.csv
4Q23;Nationale-Nederlanden;NN DFE Nasze Jutro 2060;Orange Polska S.A.;197755,4214;nationale_nederlanden_fixed_structure.csv
4Q23;Nationale-Nederlanden;NN DFE Nasze Jutro 2060;Orlen S.A.;72582,87771;nationale_nederlanden_fixed_structure.csv
4Q23;Nationale-Nederlanden;NN DFE Nasze Jutro 2060;PGE Polska Grupa Energetyczna S.A.;116164,8525;nationale_nederlanden_fixed_structure.csv
4Q23;Nationale-Nederlanden;NN DFE Nasze Jutro 2060;PKO Bank Polski S.A.;167201,8054;nationale_nederlanden_fixed_structure.csv
4Q23;Nationale-Nederlanden;NN DFE Nasze Jutro 2060;PKP Cargo S.A.;31937,33471;nationale_nederlanden_fixed_structure.csv
4Q23;Nationale-Nederlanden;NN DFE Nasze Jutro 2060;Pepco Group N.V.;15627,50115;nationale_nederlanden_fixed_structure.csv
4Q23;Nationale-Nederlanden;NN DFE Nasze Jutro 2060;PepsiCo Inc.;12,39984192;nationale_nederlanden_fixed_structure.csv
4Q23;Nationale-Nederlanden;NN DFE Nasze Jutro 2060;Powszechny Zakład Ubezpieczeń S.A.;140098,5528;nationale_nederlanden_fixed_structure.csv
4Q23;Nationale-Nederlanden;NN DFE Nasze Jutro 2060;Procter & Gamble Co;174,8954156;nationale_nederlanden_fixed_structure.csv
4Q23;Nationale-Nederlanden;NN DFE Nasze Jutro 2060;RTX Corp.;2208,933381;nationale_nederlanden_fixed_structure.csv
4Q23;Nationale-Nederlanden;NN DFE Nasze Jutro 2060;Rainbow Tours S.A.;17372,18492;nationale_nederlanden_fixed_structure.csv
4Q23;Nationale-Nederlanden;NN DFE Nasze Jutro 2060;Render Cube S.A.;1286,200577;nationale_nederlanden_fixed_structure.csv
4Q23;Nationale-Nederlanden;NN DFE Nasze Jutro 2060;Rheinmetall AG;534,391667;nationale_nederlanden_fixed_structure.csv
4Q23;Nationale-Nederlanden;NN DFE Nasze Jutro 2060;SAP SE;422,8553762;nationale_nederlanden_fixed_structure.csv
4Q23;Nationale-Nederlanden;NN DFE Nasze Jutro 2060;Santander Bank Polska S.A.;9193,892201;nationale_nederlanden_fixed_structure.csv
4Q23;Nationale-Nederlanden;NN DFE Nasze Jutro 2060;Schneider Electric SE;872,3960507;nationale_nederlanden_fixed_structure.csv
4Q23;Nationale-Nederlanden;NN DFE Nasze Jutro 2060;Selvita S.A.;112,5052991;nationale_nederlanden_fixed_structure.csv
4Q23;Nationale-Nederlanden;NN DFE Nasze Jutro 2060;Shoper S.A.;42133,95485;nationale_nederlanden_fixed_structure.csv
4Q23;Nationale-Nederlanden;NN DFE Nasze Jutro 2060;Siemens Energy AG;12551,72764;nationale_nederlanden_fixed_structure.csv
4Q23;Nationale-Nederlanden;NN DFE Nasze Jutro 2060;Snowflake Inc.;1583,141139;nationale_nederlanden_fixed_structure.csv
4Q23;Nationale-Nederlanden;NN DFE Nasze Jutro 2060;Synektik S.A.;21013,19512;nationale_nederlanden_fixed_structure.csv
4Q23;Nationale-Nederlanden;NN DFE Nasze Jutro 2060;Torpol S.A.;59174,86592;nationale_nederlanden_fixed_structure.csv
4Q23;Nationale-Nederlanden;NN DFE Nasze Jutro 2060;UniCredit S.p.A.;9160,550191;nationale_nederlanden_fixed_structure.csv
4Q23;Nationale-Nederlanden;NN DFE Nasze Jutro 2060;Vercom S.A.;4053,751535;nationale_nederlanden_fixed_structure.csv
4Q23;Nationale-Nederlanden;NN DFE Nasze Jutro 2060;Vertiv Holdings Co.;4550,56612;nationale_nederlanden_fixed_structure.csv
4Q23;Nationale-Nederlanden;NN DFE Nasze Jutro 2060;Visa Inc.;334,7983975;nationale_nederlanden_fixed_structure.csv
4Q23;Nationale-Nederlanden;NN DFE Nasze Jutro 2060;Walmart Inc.;622,1927454;nationale_nederlanden_fixed_structure.csv
4Q23;Nationale-Nederlanden;NN DFE Nasze Jutro 2060;Waste Management Inc.;345,3950623;nationale_nederlanden_fixed_structure.csv
4Q23;Nationale-Nederlanden;NN DFE Nasze Jutro 2060;Wells Fargo & Co;4846,828471;nationale_nederlanden_fixed_structure.csv
4Q23;Nationale-Nederlanden;NN DFE Nasze Jutro 2060;Western Digital Corp.;6903,031397;nationale_nederlanden_fixed_structure.csv
4Q23;Nationale-Nederlanden;NN DFE Nasze Jutro 2060;Wheaton Precious Metals Corp.;3144,266608;nationale_nederlanden_fixed_structure.csv
4Q23;Nationale-Nederlanden;NN DFE Nasze Jutro 2060;XTB S.A.;77756,21206;nationale_nederlanden_fixed_structure.csv
4Q23;Nationale-Nederlanden;NN DFE Nasze Jutro 2060;Zabka Group SA;#VALUE!;nationale_nederlanden_fixed_structure.csv
4Q23;Nationale-Nederlanden;NN DFE Nasze Jutro 2060;mBank S.A.;6697,907308;nationale_nederlanden_fixed_structure.csv
4Q23;Nationale-Nederlanden;NN DFE Nasze Jutro 2065;ASML Holding N.V.;84,14962882;nationale_nederlanden_fixed_structure.csv
4Q23;Nationale-Nederlanden;NN DFE Nasze Jutro 2065;Advanced Micro Devices Inc.;226,5081566;nationale_nederlanden_fixed_structure.csv
4Q23;Nationale-Nederlanden;NN DFE Nasze Jutro 2065;Agnico Eagle Mines Ltd;474,3139199;nationale_nederlanden_fixed_structure.csv
4Q23;Nationale-Nederlanden;NN DFE Nasze Jutro 2065;Alior Bank S.A.;9776,421011;nationale_nederlanden_fixed_structure.csv
4Q23;Nationale-Nederlanden;NN DFE Nasze Jutro 2065;Allegro.eu S.A.;20496,20405;nationale_nederlanden_fixed_structure.csv
4Q23;Nationale-Nederlanden;NN DFE Nasze Jutro 2065;Allianz SE;116,1834928;nationale_nederlanden_fixed_structure.csv
4Q23;Nationale-Nederlanden;NN DFE Nasze Jutro 2065;Alphabet Inc.;898,250802;nationale_nederlanden_fixed_structure.csv
4Q23;Nationale-Nederlanden;NN DFE Nasze Jutro 2065;Amazon.com Inc.;334,3767764;nationale_nederlanden_fixed_structure.csv
4Q23;Nationale-Nederlanden;NN DFE Nasze Jutro 2065;Apple Inc.;18,13003554;nationale_nederlanden_fixed_structure.csv
4Q23;Nationale-Nederlanden;NN DFE Nasze Jutro 2065;Applied Materials Inc.;8,725458829;nationale_nederlanden_fixed_structure.csv
4Q23;Nationale-Nederlanden;NN DFE Nasze Jutro 2065;Asseco Poland S.A.;8713,449111;nationale_nederlanden_fixed_structure.csv
4Q23;Nationale-Nederlanden;NN DFE Nasze Jutro 2065;BNP Paribas Bank Polska S.A.;#VALUE!;nationale_nederlanden_fixed_structure.csv
4Q23;Nationale-Nederlanden;NN DFE Nasze Jutro 2065;BNP Paribas SA;46,45920037;nationale_nederlanden_fixed_structure.csv
4Q23;Nationale-Nederlanden;NN DFE Nasze Jutro 2065;Banco Bilbao Vizcaya Argentaria S.A.;2957,862037;nationale_nederlanden_fixed_structure.csv
4Q23;Nationale-Nederlanden;NN DFE Nasze Jutro 2065;Banco Comercial Portugues S.A.;106714,2255;nationale_nederlanden_fixed_structure.csv
4Q23;Nationale-Nederlanden;NN DFE Nasze Jutro 2065;Banco Santander S.A.;11617,95006;nationale_nederlanden_fixed_structure.csv
4Q23;Nationale-Nederlanden;NN DFE Nasze Jutro 2065;Bank Millennium S.A.;53285,32017;nationale_nederlanden_fixed_structure.csv
4Q23;Nationale-Nederlanden;NN DFE Nasze Jutro 2065;Bank Pekao S.A.;7378,621769;nationale_nederlanden_fixed_structure.csv
4Q23;Nationale-Nederlanden;NN DFE Nasze Jutro 2065;Bank of America Corp.;534,8245459;nationale_nederlanden_fixed_structure.csv
4Q23;Nationale-Nederlanden;NN DFE Nasze Jutro 2065;Benefit Systems S.A.;451,3675538;nationale_nederlanden_fixed_structure.csv
4Q23;Nationale-Nederlanden;NN DFE Nasze Jutro 2065;Berkshire Hathaway Inc.;0,042477544;nationale_nederlanden_fixed_structure.csv
4Q23;Nationale-Nederlanden;NN DFE Nasze Jutro 2065;Broadcom Inc.;742,1712901;nationale_nederlanden_fixed_structure.csv
4Q23;Nationale-Nederlanden;NN DFE Nasze Jutro 2065;Budimex S.A.;493,3731629;nationale_nederlanden_fixed_structure.csv
4Q23;Nationale-Nederlanden;NN DFE Nasze Jutro 2065;CCC S.A.;1643,521419;nationale_nederlanden_fixed_structure.csv
4Q23;Nationale-Nederlanden;NN DFE Nasze Jutro 2065;CD Projekt S.A.;6328,057304;nationale_nederlanden_fixed_structure.csv
4Q23;Nationale-Nederlanden;NN DFE Nasze Jutro 2065;CaixaBank SA;15753,53794;nationale_nederlanden_fixed_structure.csv
4Q23;Nationale-Nederlanden;NN DFE Nasze Jutro 2065;Caterpillar Inc.;101,2854804;nationale_nederlanden_fixed_structure.csv
4Q23;Nationale-Nederlanden;NN DFE Nasze Jutro 2065;Coca-Cola Company;39,16776083;nationale_nederlanden_fixed_structure.csv
4Q23;Nationale-Nederlanden;NN DFE Nasze Jutro 2065;CrowdStrike Holdings Inc.;176,798478;nationale_nederlanden_fixed_structure.csv
4Q23;Nationale-Nederlanden;NN DFE Nasze Jutro 2065;Cyber_Folks S.A.;4020,821968;nationale_nederlanden_fixed_structure.csv
4Q23;Nationale-Nederlanden;NN DFE Nasze Jutro 2065;DataWalk S.A.;5741,295868;nationale_nederlanden_fixed_structure.csv
4Q23;Nationale-Nederlanden;NN DFE Nasze Jutro 2065;Deutsche Post AG;2,026912917;nationale_nederlanden_fixed_structure.csv
4Q23;Nationale-Nederlanden;NN DFE Nasze Jutro 2065;Diagnostyka S.A.;#VALUE!;nationale_nederlanden_fixed_structure.csv
4Q23;Nationale-Nederlanden;NN DFE Nasze Jutro 2065;Dino Polska S.A.;15838,99349;nationale_nederlanden_fixed_structure.csv
4Q23;Nationale-Nederlanden;NN DFE Nasze Jutro 2065;Erste Group Bank AG;397,891475;nationale_nederlanden_fixed_structure.csv
4Q23;Nationale-Nederlanden;NN DFE Nasze Jutro 2065;GE Vernova Inc.;#VALUE!;nationale_nederlanden_fixed_structure.csv
4Q23;Nationale-Nederlanden;NN DFE Nasze Jutro 2065;General Electric Co.;321,939441;nationale_nederlanden_fixed_structure.csv
4Q23;Nationale-Nederlanden;NN DFE Nasze Jutro 2065;Grenergy Renovables S.A.;1423,675478;nationale_nederlanden_fixed_structure.csv
4Q23;Nationale-Nederlanden;NN DFE Nasze Jutro 2065;Grupa Kęty S.A.;628,4558523;nationale_nederlanden_fixed_structure.csv
4Q23;Nationale-Nederlanden;NN DFE Nasze Jutro 2065;Grupa Pracuj S.A.;#VALUE!;nationale_nederlanden_fixed_structure.csv
4Q23;Nationale-Nederlanden;NN DFE Nasze Jutro 2065;ING Bank Śląski S.A.;2451,188672;nationale_nederlanden_fixed_structure.csv
4Q23;Nationale-Nederlanden;NN DFE Nasze Jutro 2065;ING Groep N.V.;794,3243891;nationale_nederlanden_fixed_structure.csv
4Q23;Nationale-Nederlanden;NN DFE Nasze Jutro 2065;InPost S.A.;1599,98791;nationale_nederlanden_fixed_structure.csv
4Q23;Nationale-Nederlanden;NN DFE Nasze Jutro 2065;Intel Corp.;25,59158069;nationale_nederlanden_fixed_structure.csv
4Q23;Nationale-Nederlanden;NN DFE Nasze Jutro 2065;JP Morgan Chase & Co.;265,8049956;nationale_nederlanden_fixed_structure.csv
4Q23;Nationale-Nederlanden;NN DFE Nasze Jutro 2065;KGHM Polska Miedź S.A.;6729,260065;nationale_nederlanden_fixed_structure.csv
4Q23;Nationale-Nederlanden;NN DFE Nasze Jutro 2065;Kruk S.A.;710,2953249;nationale_nederlanden_fixed_structure.csv
4Q23;Nationale-Nederlanden;NN DFE Nasze Jutro 2065;LPP S.A.;92,24417603;nationale_nederlanden_fixed_structure.csv
4Q23;Nationale-Nederlanden;NN DFE Nasze Jutro 2065;LVMH S.A.;23,09305504;nationale_nederlanden_fixed_structure.csv
4Q23;Nationale-Nederlanden;NN DFE Nasze Jutro 2065;Linde Plc;9,521276723;nationale_nederlanden_fixed_structure.csv
4Q23;Nationale-Nederlanden;NN DFE Nasze Jutro 2065;Lundin Mining Corp.;9859,021521;nationale_nederlanden_fixed_structure.csv
4Q23;Nationale-Nederlanden;NN DFE Nasze Jutro 2065;Mercadolibre Inc.;4,701903033;nationale_nederlanden_fixed_structure.csv
4Q23;Nationale-Nederlanden;NN DFE Nasze Jutro 2065;Meta Platforms Inc.;18,81330703;nationale_nederlanden_fixed_structure.csv
4Q23;Nationale-Nederlanden;NN DFE Nasze Jutro 2065;Micron Technology Inc.;861,87918;nationale_nederlanden_fixed_structure.csv
4Q23;Nationale-Nederlanden;NN DFE Nasze Jutro 2065;Microsoft Corp.;175,7437906;nationale_nederlanden_fixed_structure.csv
4Q23;Nationale-Nederlanden;NN DFE Nasze Jutro 2065;Mirbud S.A.;8057,970696;nationale_nederlanden_fixed_structure.csv
4Q23;Nationale-Nederlanden;NN DFE Nasze Jutro 2065;Münchener Rück AG;7,290057312;nationale_nederlanden_fixed_structure.csv
4Q23;Nationale-Nederlanden;NN DFE Nasze Jutro 2065;Nektar Therapeutics;6716,562078;nationale_nederlanden_fixed_structure.csv
4Q23;Nationale-Nederlanden;NN DFE Nasze Jutro 2065;Nvidia Corp.;2227,736878;nationale_nederlanden_fixed_structure.csv
4Q23;Nationale-Nederlanden;NN DFE Nasze Jutro 2065;Oracle Corp.;342,4875677;nationale_nederlanden_fixed_structure.csv
4Q23;Nationale-Nederlanden;NN DFE Nasze Jutro 2065;Orange Polska S.A.;33373,45455;nationale_nederlanden_fixed_structure.csv
4Q23;Nationale-Nederlanden;NN DFE Nasze Jutro 2065;Orlen S.A.;12274,76504;nationale_nederlanden_fixed_structure.csv
4Q23;Nationale-Nederlanden;NN DFE Nasze Jutro 2065;PGE Polska Grupa Energetyczna S.A.;19476,21111;nationale_nederlanden_fixed_structure.csv
4Q23;Nationale-Nederlanden;NN DFE Nasze Jutro 2065;PKO Bank Polski S.A.;28093,47814;nationale_nederlanden_fixed_structure.csv
4Q23;Nationale-Nederlanden;NN DFE Nasze Jutro 2065;PKP Cargo S.A.;5393,711248;nationale_nederlanden_fixed_structure.csv
4Q23;Nationale-Nederlanden;NN DFE Nasze Jutro 2065;Pepco Group N.V.;2636,838066;nationale_nederlanden_fixed_structure.csv
4Q23;Nationale-Nederlanden;NN DFE Nasze Jutro 2065;PepsiCo Inc.;1,549974618;nationale_nederlanden_fixed_structure.csv
4Q23;Nationale-Nederlanden;NN DFE Nasze Jutro 2065;Powszechny Zakład Ubezpieczeń S.A.;23488,52761;nationale_nederlanden_fixed_structure.csv
4Q23;Nationale-Nederlanden;NN DFE Nasze Jutro 2065;Procter & Gamble Co;25,11319153;nationale_nederlanden_fixed_structure.csv
4Q23;Nationale-Nederlanden;NN DFE Nasze Jutro 2065;RTX Corp.;373,819486;nationale_nederlanden_fixed_structure.csv
4Q23;Nationale-Nederlanden;NN DFE Nasze Jutro 2065;Rainbow Tours S.A.;2876,827869;nationale_nederlanden_fixed_structure.csv
4Q23;Nationale-Nederlanden;NN DFE Nasze Jutro 2065;Render Cube S.A.;164,7675;nationale_nederlanden_fixed_structure.csv
4Q23;Nationale-Nederlanden;NN DFE Nasze Jutro 2065;Rheinmetall AG;89,94711378;nationale_nederlanden_fixed_structure.csv
4Q23;Nationale-Nederlanden;NN DFE Nasze Jutro 2065;SAP SE;66,84312458;nationale_nederlanden_fixed_structure.csv
4Q23;Nationale-Nederlanden;NN DFE Nasze Jutro 2065;Santander Bank Polska S.A.;1547,542078;nationale_nederlanden_fixed_structure.csv
4Q23;Nationale-Nederlanden;NN DFE Nasze Jutro 2065;Schneider Electric SE;145,8183424;nationale_nederlanden_fixed_structure.csv
4Q23;Nationale-Nederlanden;NN DFE Nasze Jutro 2065;Selvita S.A.;6,661538462;nationale_nederlanden_fixed_structure.csv
4Q23;Nationale-Nederlanden;NN DFE Nasze Jutro 2065;Shoper S.A.;7416,684242;nationale_nederlanden_fixed_structure.csv
4Q23;Nationale-Nederlanden;NN DFE Nasze Jutro 2065;Siemens Energy AG;2108,221728;nationale_nederlanden_fixed_structure.csv
4Q23;Nationale-Nederlanden;NN DFE Nasze Jutro 2065;Snowflake Inc.;261,8349572;nationale_nederlanden_fixed_structure.csv
4Q23;Nationale-Nederlanden;NN DFE Nasze Jutro 2065;Synektik S.A.;3535,921977;nationale_nederlanden_fixed_structure.csv
4Q23;Nationale-Nederlanden;NN DFE Nasze Jutro 2065;Torpol S.A.;9960,663229;nationale_nederlanden_fixed_structure.csv
4Q23;Nationale-Nederlanden;NN DFE Nasze Jutro 2065;UniCredit S.p.A.;1575,345828;nationale_nederlanden_fixed_structure.csv
4Q23;Nationale-Nederlanden;NN DFE Nasze Jutro 2065;Vercom S.A.;685,1641944;nationale_nederlanden_fixed_structure.csv
4Q23;Nationale-Nederlanden;NN DFE Nasze Jutro 2065;Vertiv Holdings Co.;754,8186138;nationale_nederlanden_fixed_structure.csv
4Q23;Nationale-Nederlanden;NN DFE Nasze Jutro 2065;Visa Inc.;59,30010293;nationale_nederlanden_fixed_structure.csv
4Q23;Nationale-Nederlanden;NN DFE Nasze Jutro 2065;Walmart Inc.;89,44022895;nationale_nederlanden_fixed_structure.csv
4Q23;Nationale-Nederlanden;NN DFE Nasze Jutro 2065;Waste Management Inc.;57,3783275;nationale_nederlanden_fixed_structure.csv
4Q23;Nationale-Nederlanden;NN DFE Nasze Jutro 2065;Wells Fargo & Co;816,1983043;nationale_nederlanden_fixed_structure.csv
4Q23;Nationale-Nederlanden;NN DFE Nasze Jutro 2065;Western Digital Corp.;1145,84731;nationale_nederlanden_fixed_structure.csv
4Q23;Nationale-Nederlanden;NN DFE Nasze Jutro 2065;Wheaton Precious Metals Corp.;539,7039961;nationale_nederlanden_fixed_structure.csv
4Q23;Nationale-Nederlanden;NN DFE Nasze Jutro 2065;XTB S.A.;13150,38049;nationale_nederlanden_fixed_structure.csv
4Q23;Nationale-Nederlanden;NN DFE Nasze Jutro 2065;Zabka Group SA;#VALUE!;nationale_nederlanden_fixed_structure.csv
4Q23;Nationale-Nederlanden;NN DFE Nasze Jutro 2065;mBank S.A.;1124,596766;nationale_nederlanden_fixed_structure.csv
4Q24;Nationale-Nederlanden;NN DFE Nasze Jutro 2025;AB S.A.;1668,081045;nationale_nederlanden_fixed_structure.csv
4Q24;Nationale-Nederlanden;NN DFE Nasze Jutro 2025;ASML Holding N.V.;2,996374059;nationale_nederlanden_fixed_structure.csv
4Q24;Nationale-Nederlanden;NN DFE Nasze Jutro 2025;AT&T Inc.;788,7114121;nationale_nederlanden_fixed_structure.csv
4Q24;Nationale-Nederlanden;NN DFE Nasze Jutro 2025;Adobe Inc.;182,5445236;nationale_nederlanden_fixed_structure.csv
4Q24;Nationale-Nederlanden;NN DFE Nasze Jutro 2025;Advanced Micro Devices Inc.;120,0428697;nationale_nederlanden_fixed_structure.csv
4Q24;Nationale-Nederlanden;NN DFE Nasze Jutro 2025;Alior Bank S.A.;6691,688881;nationale_nederlanden_fixed_structure.csv
4Q24;Nationale-Nederlanden;NN DFE Nasze Jutro 2025;Allegro.eu S.A.;16636,95495;nationale_nederlanden_fixed_structure.csv
4Q24;Nationale-Nederlanden;NN DFE Nasze Jutro 2025;Alphabet Inc.;137,732881;nationale_nederlanden_fixed_structure.csv
4Q24;Nationale-Nederlanden;NN DFE Nasze Jutro 2025;Amazon.com Inc.;288,6981301;nationale_nederlanden_fixed_structure.csv
4Q24;Nationale-Nederlanden;NN DFE Nasze Jutro 2025;Apple Inc.;43,65195077;nationale_nederlanden_fixed_structure.csv
4Q24;Nationale-Nederlanden;NN DFE Nasze Jutro 2025;Applied Materials Inc.;136,9083982;nationale_nederlanden_fixed_structure.csv
4Q24;Nationale-Nederlanden;NN DFE Nasze Jutro 2025;Arcelormittal SA;495,4002284;nationale_nederlanden_fixed_structure.csv
4Q24;Nationale-Nederlanden;NN DFE Nasze Jutro 2025;Asseco Poland S.A.;209,8956341;nationale_nederlanden_fixed_structure.csv
4Q24;Nationale-Nederlanden;NN DFE Nasze Jutro 2025;Atal S.A.;#VALUE!;nationale_nederlanden_fixed_structure.csv
4Q24;Nationale-Nederlanden;NN DFE Nasze Jutro 2025;Axsome Therapeutics Inc.;361,1206804;nationale_nederlanden_fixed_structure.csv
4Q24;Nationale-Nederlanden;NN DFE Nasze Jutro 2025;BNP Paribas Bank Polska S.A.;#VALUE!;nationale_nederlanden_fixed_structure.csv
4Q24;Nationale-Nederlanden;NN DFE Nasze Jutro 2025;BNP Paribas SA;20,97461395;nationale_nederlanden_fixed_structure.csv
4Q24;Nationale-Nederlanden;NN DFE Nasze Jutro 2025;Banco Bilbao Vizcaya Argentaria S.A.;716,6639604;nationale_nederlanden_fixed_structure.csv
4Q24;Nationale-Nederlanden;NN DFE Nasze Jutro 2025;Banco Santander S.A.;718,2434063;nationale_nederlanden_fixed_structure.csv
4Q24;Nationale-Nederlanden;NN DFE Nasze Jutro 2025;Bank Millennium S.A.;28249,75056;nationale_nederlanden_fixed_structure.csv
4Q24;Nationale-Nederlanden;NN DFE Nasze Jutro 2025;Bank Pekao S.A.;5201,192676;nationale_nederlanden_fixed_structure.csv
4Q24;Nationale-Nederlanden;NN DFE Nasze Jutro 2025;Bank of America Corp.;1641,908611;nationale_nederlanden_fixed_structure.csv
4Q24;Nationale-Nederlanden;NN DFE Nasze Jutro 2025;Benefit Systems S.A.;226,5311364;nationale_nederlanden_fixed_structure.csv
4Q24;Nationale-Nederlanden;NN DFE Nasze Jutro 2025;Berkshire Hathaway Inc.;0,017170969;nationale_nederlanden_fixed_structure.csv
4Q24;Nationale-Nederlanden;NN DFE Nasze Jutro 2025;Broadcom Inc.;383,9387456;nationale_nederlanden_fixed_structure.csv
4Q24;Nationale-Nederlanden;NN DFE Nasze Jutro 2025;Budimex S.A.;626,6384269;nationale_nederlanden_fixed_structure.csv
4Q24;Nationale-Nederlanden;NN DFE Nasze Jutro 2025;CCC S.A.;5919,124157;nationale_nederlanden_fixed_structure.csv
4Q24;Nationale-Nederlanden;NN DFE Nasze Jutro 2025;CD Projekt S.A.;4575,530008;nationale_nederlanden_fixed_structure.csv
4Q24;Nationale-Nederlanden;NN DFE Nasze Jutro 2025;Captor Therapeutics S.A.;490,8591017;nationale_nederlanden_fixed_structure.csv
4Q24;Nationale-Nederlanden;NN DFE Nasze Jutro 2025;Coca-Cola Company;65,4779381;nationale_nederlanden_fixed_structure.csv
4Q24;Nationale-Nederlanden;NN DFE Nasze Jutro 2025;Compremum S.A.;44217,5935;nationale_nederlanden_fixed_structure.csv
4Q24;Nationale-Nederlanden;NN DFE Nasze Jutro 2025;CrowdStrike Holdings Inc.;104,1694269;nationale_nederlanden_fixed_structure.csv
4Q24;Nationale-Nederlanden;NN DFE Nasze Jutro 2025;Cyfrowy Polsat S.A.;5213,433522;nationale_nederlanden_fixed_structure.csv
4Q24;Nationale-Nederlanden;NN DFE Nasze Jutro 2025;DataWalk S.A.;2179,89894;nationale_nederlanden_fixed_structure.csv
4Q24;Nationale-Nederlanden;NN DFE Nasze Jutro 2025;Deutsche Post AG;8,992845102;nationale_nederlanden_fixed_structure.csv
4Q24;Nationale-Nederlanden;NN DFE Nasze Jutro 2025;Dino Polska S.A.;21641,3412;nationale_nederlanden_fixed_structure.csv
4Q24;Nationale-Nederlanden;NN DFE Nasze Jutro 2025;Eaton Corporation Plc;47,62030887;nationale_nederlanden_fixed_structure.csv
4Q24;Nationale-Nederlanden;NN DFE Nasze Jutro 2025;Grenergy Renovables S.A.;774,8144874;nationale_nederlanden_fixed_structure.csv
4Q24;Nationale-Nederlanden;NN DFE Nasze Jutro 2025;Grupa Kęty S.A.;551,442652;nationale_nederlanden_fixed_structure.csv
4Q24;Nationale-Nederlanden;NN DFE Nasze Jutro 2025;Grupa Pracuj S.A.;43067,81429;nationale_nederlanden_fixed_structure.csv
4Q24;Nationale-Nederlanden;NN DFE Nasze Jutro 2025;ING Bank Śląski S.A.;1312,302899;nationale_nederlanden_fixed_structure.csv
4Q24;Nationale-Nederlanden;NN DFE Nasze Jutro 2025;InPost S.A.;5555,274457;nationale_nederlanden_fixed_structure.csv
4Q24;Nationale-Nederlanden;NN DFE Nasze Jutro 2025;Inter Cars S.A.;170,5317466;nationale_nederlanden_fixed_structure.csv
4Q24;Nationale-Nederlanden;NN DFE Nasze Jutro 2025;Intra-Celluar Therapies Inc.;#VALUE!;nationale_nederlanden_fixed_structure.csv
4Q24;Nationale-Nederlanden;NN DFE Nasze Jutro 2025;JP Morgan Chase & Co.;188,497057;nationale_nederlanden_fixed_structure.csv
4Q24;Nationale-Nederlanden;NN DFE Nasze Jutro 2025;Janux Therapeutics Inc.;566,4832742;nationale_nederlanden_fixed_structure.csv
4Q24;Nationale-Nederlanden;NN DFE Nasze Jutro 2025;KGHM Polska Miedź S.A.;5152,215739;nationale_nederlanden_fixed_structure.csv
4Q24;Nationale-Nederlanden;NN DFE Nasze Jutro 2025;Kruk S.A.;1092,027177;nationale_nederlanden_fixed_structure.csv
4Q24;Nationale-Nederlanden;NN DFE Nasze Jutro 2025;LPP S.A.;86,40427588;nationale_nederlanden_fixed_structure.csv
4Q24;Nationale-Nederlanden;NN DFE Nasze Jutro 2025;LVMH S.A.;1,997580523;nationale_nederlanden_fixed_structure.csv
4Q24;Nationale-Nederlanden;NN DFE Nasze Jutro 2025;Linde Plc;157,74228;nationale_nederlanden_fixed_structure.csv
4Q24;Nationale-Nederlanden;NN DFE Nasze Jutro 2025;Marvell Technology Inc.;518,8629548;nationale_nederlanden_fixed_structure.csv
4Q24;Nationale-Nederlanden;NN DFE Nasze Jutro 2025;Mercadolibre Inc.;16,86552693;nationale_nederlanden_fixed_structure.csv
4Q24;Nationale-Nederlanden;NN DFE Nasze Jutro 2025;Meta Platforms Inc.;134,9242156;nationale_nederlanden_fixed_structure.csv
4Q24;Nationale-Nederlanden;NN DFE Nasze Jutro 2025;Microsoft Corporation;6,944628215;nationale_nederlanden_fixed_structure.csv
4Q24;Nationale-Nederlanden;NN DFE Nasze Jutro 2025;Mirbud S.A.;17702,29545;nationale_nederlanden_fixed_structure.csv
4Q24;Nationale-Nederlanden;NN DFE Nasze Jutro 2025;MoonLake Immunotherapeutics AG;84,3276401;nationale_nederlanden_fixed_structure.csv
4Q24;Nationale-Nederlanden;NN DFE Nasze Jutro 2025;Nvidia Corporation;643,8662835;nationale_nederlanden_fixed_structure.csv
4Q24;Nationale-Nederlanden;NN DFE Nasze Jutro 2025;Orange Polska S.A.;24889,45018;nationale_nederlanden_fixed_structure.csv
4Q24;Nationale-Nederlanden;NN DFE Nasze Jutro 2025;Orlen S.A.;9461,816949;nationale_nederlanden_fixed_structure.csv
4Q24;Nationale-Nederlanden;NN DFE Nasze Jutro 2025;PGE Polska Grupa Energetyczna S.A.;34487,49588;nationale_nederlanden_fixed_structure.csv
4Q24;Nationale-Nederlanden;NN DFE Nasze Jutro 2025;PKO Bank Polski S.A.;15168,52761;nationale_nederlanden_fixed_structure.csv
4Q24;Nationale-Nederlanden;NN DFE Nasze Jutro 2025;PKP Cargo S.A.;13947,86738;nationale_nederlanden_fixed_structure.csv
4Q24;Nationale-Nederlanden;NN DFE Nasze Jutro 2025;Pepco Group N.V.;7669,553593;nationale_nederlanden_fixed_structure.csv
4Q24;Nationale-Nederlanden;NN DFE Nasze Jutro 2025;PepsiCo Inc.;4,960445216;nationale_nederlanden_fixed_structure.csv
4Q24;Nationale-Nederlanden;NN DFE Nasze Jutro 2025;Powszechny Zakład Ubezpieczeń S.A.;21301,99498;nationale_nederlanden_fixed_structure.csv
4Q24;Nationale-Nederlanden;NN DFE Nasze Jutro 2025;Procter & Gamble Co;30,75478134;nationale_nederlanden_fixed_structure.csv
4Q24;Nationale-Nederlanden;NN DFE Nasze Jutro 2025;Rainbow Tours S.A.;2267,846177;nationale_nederlanden_fixed_structure.csv
4Q24;Nationale-Nederlanden;NN DFE Nasze Jutro 2025;Render Cube S.A.;746,3393407;nationale_nederlanden_fixed_structure.csv
4Q24;Nationale-Nederlanden;NN DFE Nasze Jutro 2025;SAP SE;137,890175;nationale_nederlanden_fixed_structure.csv
4Q24;Nationale-Nederlanden;NN DFE Nasze Jutro 2025;Salesforce Inc.;145,837202;nationale_nederlanden_fixed_structure.csv
4Q24;Nationale-Nederlanden;NN DFE Nasze Jutro 2025;Santander Bank Polska S.A.;1351,763156;nationale_nederlanden_fixed_structure.csv
4Q24;Nationale-Nederlanden;NN DFE Nasze Jutro 2025;Schneider Electric SE;177,7847603;nationale_nederlanden_fixed_structure.csv
4Q24;Nationale-Nederlanden;NN DFE Nasze Jutro 2025;Scholar Rock Holding Corp.;773,8301294;nationale_nederlanden_fixed_structure.csv
4Q24;Nationale-Nederlanden;NN DFE Nasze Jutro 2025;Selvita S.A.;52,01393939;nationale_nederlanden_fixed_structure.csv
4Q24;Nationale-Nederlanden;NN DFE Nasze Jutro 2025;SentinelOne Inc.;907,7621006;nationale_nederlanden_fixed_structure.csv
4Q24;Nationale-Nederlanden;NN DFE Nasze Jutro 2025;ServiceNow Inc.;282,7455957;nationale_nederlanden_fixed_structure.csv
4Q24;Nationale-Nederlanden;NN DFE Nasze Jutro 2025;Shoper S.A.;5339,51738;nationale_nederlanden_fixed_structure.csv
4Q24;Nationale-Nederlanden;NN DFE Nasze Jutro 2025;Tarsus Pharmaceuticals Inc.;633,9453753;nationale_nederlanden_fixed_structure.csv
4Q24;Nationale-Nederlanden;NN DFE Nasze Jutro 2025;Tesla Inc.;77,38300309;nationale_nederlanden_fixed_structure.csv
4Q24;Nationale-Nederlanden;NN DFE Nasze Jutro 2025;Text S.A.;1147,519149;nationale_nederlanden_fixed_structure.csv
4Q24;Nationale-Nederlanden;NN DFE Nasze Jutro 2025;Torpol S.A.;5238,464506;nationale_nederlanden_fixed_structure.csv
4Q24;Nationale-Nederlanden;NN DFE Nasze Jutro 2025;Unimot S.A.;352,8480501;nationale_nederlanden_fixed_structure.csv
4Q24;Nationale-Nederlanden;NN DFE Nasze Jutro 2025;Varonis Systems Inc.;364,096911;nationale_nederlanden_fixed_structure.csv
4Q24;Nationale-Nederlanden;NN DFE Nasze Jutro 2025;Vercom S.A.;972,0734118;nationale_nederlanden_fixed_structure.csv
4Q24;Nationale-Nederlanden;NN DFE Nasze Jutro 2025;Vertiv Holdings Co.;572,43581;nationale_nederlanden_fixed_structure.csv
4Q24;Nationale-Nederlanden;NN DFE Nasze Jutro 2025;Vinci SA;269,6735069;nationale_nederlanden_fixed_structure.csv
4Q24;Nationale-Nederlanden;NN DFE Nasze Jutro 2025;Visa Inc.;60,51747888;nationale_nederlanden_fixed_structure.csv
4Q24;Nationale-Nederlanden;NN DFE Nasze Jutro 2025;Walmart Inc.;491,0844403;nationale_nederlanden_fixed_structure.csv
4Q24;Nationale-Nederlanden;NN DFE Nasze Jutro 2025;Wells Fargo & Co;1182,571037;nationale_nederlanden_fixed_structure.csv
4Q24;Nationale-Nederlanden;NN DFE Nasze Jutro 2025;XTB S.A.;6878,932813;nationale_nederlanden_fixed_structure.csv
4Q24;Nationale-Nederlanden;NN DFE Nasze Jutro 2025;Yara International ASA;210,828521;nationale_nederlanden_fixed_structure.csv
4Q24;Nationale-Nederlanden;NN DFE Nasze Jutro 2025;Zabka Group SA;23181,29922;nationale_nederlanden_fixed_structure.csv
4Q24;Nationale-Nederlanden;NN DFE Nasze Jutro 2025;mBank S.A.;723,0277961;nationale_nederlanden_fixed_structure.csv
4Q24;Nationale-Nederlanden;NN DFE Nasze Jutro 2030;AB S.A.;7114,139959;nationale_nederlanden_fixed_structure.csv
4Q24;Nationale-Nederlanden;NN DFE Nasze Jutro 2030;ASML Holding N.V.;10,98670029;nationale_nederlanden_fixed_structure.csv
4Q24;Nationale-Nederlanden;NN DFE Nasze Jutro 2030;AT&T Inc.;3260,999122;nationale_nederlanden_fixed_structure.csv
4Q24;Nationale-Nederlanden;NN DFE Nasze Jutro 2030;Adobe Inc.;752,0040667;nationale_nederlanden_fixed_structure.csv
4Q24;Nationale-Nederlanden;NN DFE Nasze Jutro 2030;Advanced Micro Devices Inc.;480,1714587;nationale_nederlanden_fixed_structure.csv
4Q24;Nationale-Nederlanden;NN DFE Nasze Jutro 2030;Alior Bank S.A.;27770,70784;nationale_nederlanden_fixed_structure.csv
4Q24;Nationale-Nederlanden;NN DFE Nasze Jutro 2030;Allegro.eu S.A.;68572,06388;nationale_nederlanden_fixed_structure.csv
4Q24;Nationale-Nederlanden;NN DFE Nasze Jutro 2030;Alphabet Inc.;551,929585;nationale_nederlanden_fixed_structure.csv
4Q24;Nationale-Nederlanden;NN DFE Nasze Jutro 2030;Amazon.com Inc.;1149,832073;nationale_nederlanden_fixed_structure.csv
4Q24;Nationale-Nederlanden;NN DFE Nasze Jutro 2030;Apple Inc.;84,32763942;nationale_nederlanden_fixed_structure.csv
4Q24;Nationale-Nederlanden;NN DFE Nasze Jutro 2030;Applied Materials Inc.;545,6493782;nationale_nederlanden_fixed_structure.csv
4Q24;Nationale-Nederlanden;NN DFE Nasze Jutro 2030;Arcelormittal SA;1973,610661;nationale_nederlanden_fixed_structure.csv
4Q24;Nationale-Nederlanden;NN DFE Nasze Jutro 2030;Asseco Poland S.A.;864,5702703;nationale_nederlanden_fixed_structure.csv
4Q24;Nationale-Nederlanden;NN DFE Nasze Jutro 2030;Atal S.A.;#VALUE!;nationale_nederlanden_fixed_structure.csv
4Q24;Nationale-Nederlanden;NN DFE Nasze Jutro 2030;Axsome Therapeutics Inc.;1491,110973;nationale_nederlanden_fixed_structure.csv
4Q24;Nationale-Nederlanden;NN DFE Nasze Jutro 2030;BNP Paribas Bank Polska S.A.;#VALUE!;nationale_nederlanden_fixed_structure.csv
4Q24;Nationale-Nederlanden;NN DFE Nasze Jutro 2030;BNP Paribas SA;86,8947841;nationale_nederlanden_fixed_structure.csv
4Q24;Nationale-Nederlanden;NN DFE Nasze Jutro 2030;Banco Bilbao Vizcaya Argentaria S.A.;2992,248326;nationale_nederlanden_fixed_structure.csv
4Q24;Nationale-Nederlanden;NN DFE Nasze Jutro 2030;Banco Santander S.A.;2952,449941;nationale_nederlanden_fixed_structure.csv
4Q24;Nationale-Nederlanden;NN DFE Nasze Jutro 2030;Bank Millennium S.A.;114514,9258;nationale_nederlanden_fixed_structure.csv
4Q24;Nationale-Nederlanden;NN DFE Nasze Jutro 2030;Bank Pekao S.A.;21420,14851;nationale_nederlanden_fixed_structure.csv
4Q24;Nationale-Nederlanden;NN DFE Nasze Jutro 2030;Bank of America Corp.;6568,626491;nationale_nederlanden_fixed_structure.csv
4Q24;Nationale-Nederlanden;NN DFE Nasze Jutro 2030;Benefit Systems S.A.;943,3763558;nationale_nederlanden_fixed_structure.csv
4Q24;Nationale-Nederlanden;NN DFE Nasze Jutro 2030;Berkshire Hathaway Inc.;0,07000472;nationale_nederlanden_fixed_structure.csv
4Q24;Nationale-Nederlanden;NN DFE Nasze Jutro 2030;Broadcom Inc.;1584,367384;nationale_nederlanden_fixed_structure.csv
4Q24;Nationale-Nederlanden;NN DFE Nasze Jutro 2030;Budimex S.A.;2605,125975;nationale_nederlanden_fixed_structure.csv
4Q24;Nationale-Nederlanden;NN DFE Nasze Jutro 2030;CCC S.A.;23578,55152;nationale_nederlanden_fixed_structure.csv
4Q24;Nationale-Nederlanden;NN DFE Nasze Jutro 2030;CD Projekt S.A.;18698,37801;nationale_nederlanden_fixed_structure.csv
4Q24;Nationale-Nederlanden;NN DFE Nasze Jutro 2030;Captor Therapeutics S.A.;2003,261939;nationale_nederlanden_fixed_structure.csv
4Q24;Nationale-Nederlanden;NN DFE Nasze Jutro 2030;Coca-Cola Company;261,9117135;nationale_nederlanden_fixed_structure.csv
4Q24;Nationale-Nederlanden;NN DFE Nasze Jutro 2030;Compremum S.A.;187769,9512;nationale_nederlanden_fixed_structure.csv
4Q24;Nationale-Nederlanden;NN DFE Nasze Jutro 2030;CrowdStrike Holdings Inc.;438,5036864;nationale_nederlanden_fixed_structure.csv
4Q24;Nationale-Nederlanden;NN DFE Nasze Jutro 2030;Cyfrowy Polsat S.A.;21477,471;nationale_nederlanden_fixed_structure.csv
4Q24;Nationale-Nederlanden;NN DFE Nasze Jutro 2030;DataWalk S.A.;9168,255124;nationale_nederlanden_fixed_structure.csv
4Q24;Nationale-Nederlanden;NN DFE Nasze Jutro 2030;Deutsche Post AG;36,97053954;nationale_nederlanden_fixed_structure.csv
4Q24;Nationale-Nederlanden;NN DFE Nasze Jutro 2030;Dino Polska S.A.;89407,87019;nationale_nederlanden_fixed_structure.csv
4Q24;Nationale-Nederlanden;NN DFE Nasze Jutro 2030;Eaton Corporation Plc;190,4812428;nationale_nederlanden_fixed_structure.csv
4Q24;Nationale-Nederlanden;NN DFE Nasze Jutro 2030;Grenergy Renovables S.A.;3052,987681;nationale_nederlanden_fixed_structure.csv
4Q24;Nationale-Nederlanden;NN DFE Nasze Jutro 2030;Grupa Kęty S.A.;2276,95685;nationale_nederlanden_fixed_structure.csv
4Q24;Nationale-Nederlanden;NN DFE Nasze Jutro 2030;Grupa Pracuj S.A.;183170,8786;nationale_nederlanden_fixed_structure.csv
4Q24;Nationale-Nederlanden;NN DFE Nasze Jutro 2030;ING Bank Śląski S.A.;5431,08501;nationale_nederlanden_fixed_structure.csv
4Q24;Nationale-Nederlanden;NN DFE Nasze Jutro 2030;InPost S.A.;22138,19862;nationale_nederlanden_fixed_structure.csv
4Q24;Nationale-Nederlanden;NN DFE Nasze Jutro 2030;Insulet Corp.;11,90507437;nationale_nederlanden_fixed_structure.csv
4Q24;Nationale-Nederlanden;NN DFE Nasze Jutro 2030;Inter Cars S.A.;704,0666987;nationale_nederlanden_fixed_structure.csv
4Q24;Nationale-Nederlanden;NN DFE Nasze Jutro 2030;Intra-Celluar Therapies Inc.;#VALUE!;nationale_nederlanden_fixed_structure.csv
4Q24;Nationale-Nederlanden;NN DFE Nasze Jutro 2030;JP Morgan Chase & Co.;751,0119847;nationale_nederlanden_fixed_structure.csv
4Q24;Nationale-Nederlanden;NN DFE Nasze Jutro 2030;Janux Therapeutics Inc.;2338,355642;nationale_nederlanden_fixed_structure.csv
4Q24;Nationale-Nederlanden;NN DFE Nasze Jutro 2030;KGHM Polska Miedź S.A.;21330,51513;nationale_nederlanden_fixed_structure.csv
4Q24;Nationale-Nederlanden;NN DFE Nasze Jutro 2030;Kruk S.A.;4454,268639;nationale_nederlanden_fixed_structure.csv
4Q24;Nationale-Nederlanden;NN DFE Nasze Jutro 2030;LPP S.A.;355,664099;nationale_nederlanden_fixed_structure.csv
4Q24;Nationale-Nederlanden;NN DFE Nasze Jutro 2030;LVMH S.A.;7,990325771;nationale_nederlanden_fixed_structure.csv
4Q24;Nationale-Nederlanden;NN DFE Nasze Jutro 2030;Linde Plc;662,7159814;nationale_nederlanden_fixed_structure.csv
4Q24;Nationale-Nederlanden;NN DFE Nasze Jutro 2030;Marvell Technology Inc.;2138,945604;nationale_nederlanden_fixed_structure.csv
4Q24;Nationale-Nederlanden;NN DFE Nasze Jutro 2030;Mercadolibre Inc.;59,52538883;nationale_nederlanden_fixed_structure.csv
4Q24;Nationale-Nederlanden;NN DFE Nasze Jutro 2030;Meta Platforms Inc.;538,7047577;nationale_nederlanden_fixed_structure.csv
4Q24;Nationale-Nederlanden;NN DFE Nasze Jutro 2030;Microsoft Corporation;28,77060506;nationale_nederlanden_fixed_structure.csv
4Q24;Nationale-Nederlanden;NN DFE Nasze Jutro 2030;Mirbud S.A.;72959,5362;nationale_nederlanden_fixed_structure.csv
4Q24;Nationale-Nederlanden;NN DFE Nasze Jutro 2030;Nvidia Corporation;2599,275229;nationale_nederlanden_fixed_structure.csv
4Q24;Nationale-Nederlanden;NN DFE Nasze Jutro 2030;Orange Polska S.A.;102675,0312;nationale_nederlanden_fixed_structure.csv
4Q24;Nationale-Nederlanden;NN DFE Nasze Jutro 2030;Orlen S.A.;39052,16949;nationale_nederlanden_fixed_structure.csv
4Q24;Nationale-Nederlanden;NN DFE Nasze Jutro 2030;PGE Polska Grupa Energetyczna S.A.;142088,0445;nationale_nederlanden_fixed_structure.csv
4Q24;Nationale-Nederlanden;NN DFE Nasze Jutro 2030;PKO Bank Polski S.A.;62907,89408;nationale_nederlanden_fixed_structure.csv
4Q24;Nationale-Nederlanden;NN DFE Nasze Jutro 2030;PKP Cargo S.A.;56481,18865;nationale_nederlanden_fixed_structure.csv
4Q24;Nationale-Nederlanden;NN DFE Nasze Jutro 2030;Pepco Group N.V.;31577,10597;nationale_nederlanden_fixed_structure.csv
4Q24;Nationale-Nederlanden;NN DFE Nasze Jutro 2030;PepsiCo Inc.;20,833889;nationale_nederlanden_fixed_structure.csv
4Q24;Nationale-Nederlanden;NN DFE Nasze Jutro 2030;Powszechny Zakład Ubezpieczeń S.A.;88282,43237;nationale_nederlanden_fixed_structure.csv
4Q24;Nationale-Nederlanden;NN DFE Nasze Jutro 2030;Procter & Gamble Co;127,9795875;nationale_nederlanden_fixed_structure.csv
4Q24;Nationale-Nederlanden;NN DFE Nasze Jutro 2030;Rainbow Tours S.A.;9087,454498;nationale_nederlanden_fixed_structure.csv
4Q24;Nationale-Nederlanden;NN DFE Nasze Jutro 2030;Render Cube S.A.;3038,452637;nationale_nederlanden_fixed_structure.csv
4Q24;Nationale-Nederlanden;NN DFE Nasze Jutro 2030;SAP SE;579,538399;nationale_nederlanden_fixed_structure.csv
4Q24;Nationale-Nederlanden;NN DFE Nasze Jutro 2030;Salesforce Inc.;584,3408877;nationale_nederlanden_fixed_structure.csv
4Q24;Nationale-Nederlanden;NN DFE Nasze Jutro 2030;Santander Bank Polska S.A.;5607,462281;nationale_nederlanden_fixed_structure.csv
4Q24;Nationale-Nederlanden;NN DFE Nasze Jutro 2030;Schneider Electric SE;708,1426854;nationale_nederlanden_fixed_structure.csv
4Q24;Nationale-Nederlanden;NN DFE Nasze Jutro 2030;Scholar Rock Holding Corp.;3193,537113;nationale_nederlanden_fixed_structure.csv
4Q24;Nationale-Nederlanden;NN DFE Nasze Jutro 2030;Selvita S.A.;210,0187879;nationale_nederlanden_fixed_structure.csv
4Q24;Nationale-Nederlanden;NN DFE Nasze Jutro 2030;SentinelOne Inc.;3436,599036;nationale_nederlanden_fixed_structure.csv
4Q24;Nationale-Nederlanden;NN DFE Nasze Jutro 2030;ServiceNow Inc.;1195,468203;nationale_nederlanden_fixed_structure.csv
4Q24;Nationale-Nederlanden;NN DFE Nasze Jutro 2030;Shoper S.A.;21395,89647;nationale_nederlanden_fixed_structure.csv
4Q24;Nationale-Nederlanden;NN DFE Nasze Jutro 2030;Tarsus Pharmaceuticals Inc.;2618,124972;nationale_nederlanden_fixed_structure.csv
4Q24;Nationale-Nederlanden;NN DFE Nasze Jutro 2030;Tesla Inc.;786,7272091;nationale_nederlanden_fixed_structure.csv
4Q24;Nationale-Nederlanden;NN DFE Nasze Jutro 2030;Text S.A.;4740,059271;nationale_nederlanden_fixed_structure.csv
4Q24;Nationale-Nederlanden;NN DFE Nasze Jutro 2030;Torpol S.A.;21256,53951;nationale_nederlanden_fixed_structure.csv
4Q24;Nationale-Nederlanden;NN DFE Nasze Jutro 2030;Unimot S.A.;1360,558078;nationale_nederlanden_fixed_structure.csv
4Q24;Nationale-Nederlanden;NN DFE Nasze Jutro 2030;Varonis Systems Inc.;1527,818247;nationale_nederlanden_fixed_structure.csv
4Q24;Nationale-Nederlanden;NN DFE Nasze Jutro 2030;Vercom S.A.;4009,677569;nationale_nederlanden_fixed_structure.csv
4Q24;Nationale-Nederlanden;NN DFE Nasze Jutro 2030;Vertiv Holdings Co.;2290,735336;nationale_nederlanden_fixed_structure.csv
4Q24;Nationale-Nederlanden;NN DFE Nasze Jutro 2030;Vinci SA;1112,65297;nationale_nederlanden_fixed_structure.csv
4Q24;Nationale-Nederlanden;NN DFE Nasze Jutro 2030;Visa Inc.;240,0857332;nationale_nederlanden_fixed_structure.csv
4Q24;Nationale-Nederlanden;NN DFE Nasze Jutro 2030;Walmart Inc.;1952,432713;nationale_nederlanden_fixed_structure.csv
4Q24;Nationale-Nederlanden;NN DFE Nasze Jutro 2030;Wells Fargo & Co;4730,284114;nationale_nederlanden_fixed_structure.csv
4Q24;Nationale-Nederlanden;NN DFE Nasze Jutro 2030;XTB S.A.;27527,72415;nationale_nederlanden_fixed_structure.csv
4Q24;Nationale-Nederlanden;NN DFE Nasze Jutro 2030;Yara International ASA;839,317423;nationale_nederlanden_fixed_structure.csv
4Q24;Nationale-Nederlanden;NN DFE Nasze Jutro 2030;Zabka Group SA;95506,43273;nationale_nederlanden_fixed_structure.csv
4Q24;Nationale-Nederlanden;NN DFE Nasze Jutro 2030;mBank S.A.;3000,415022;nationale_nederlanden_fixed_structure.csv
4Q24;Nationale-Nederlanden;NN DFE Nasze Jutro 2035;AB S.A.;16875,16824;nationale_nederlanden_fixed_structure.csv
4Q24;Nationale-Nederlanden;NN DFE Nasze Jutro 2035;ASML Holding N.V.;27,96614181;nationale_nederlanden_fixed_structure.csv
4Q24;Nationale-Nederlanden;NN DFE Nasze Jutro 2035;AT&T Inc.;8097,436873;nationale_nederlanden_fixed_structure.csv
4Q24;Nationale-Nederlanden;NN DFE Nasze Jutro 2035;Adobe Inc.;1927,630465;nationale_nederlanden_fixed_structure.csv
4Q24;Nationale-Nederlanden;NN DFE Nasze Jutro 2035;Advanced Micro Devices Inc.;1229,199272;nationale_nederlanden_fixed_structure.csv
4Q24;Nationale-Nederlanden;NN DFE Nasze Jutro 2035;Alior Bank S.A.;71293,68307;nationale_nederlanden_fixed_structure.csv
4Q24;Nationale-Nederlanden;NN DFE Nasze Jutro 2035;Allegro.eu S.A.;175848,8335;nationale_nederlanden_fixed_structure.csv
4Q24;Nationale-Nederlanden;NN DFE Nasze Jutro 2035;Alphabet Inc.;1380,322993;nationale_nederlanden_fixed_structure.csv
4Q24;Nationale-Nederlanden;NN DFE Nasze Jutro 2035;Amazon.com Inc.;2910,791451;nationale_nederlanden_fixed_structure.csv
4Q24;Nationale-Nederlanden;NN DFE Nasze Jutro 2035;Apple Inc.;209,3309482;nationale_nederlanden_fixed_structure.csv
4Q24;Nationale-Nederlanden;NN DFE Nasze Jutro 2035;Applied Materials Inc.;1364,123475;nationale_nederlanden_fixed_structure.csv
4Q24;Nationale-Nederlanden;NN DFE Nasze Jutro 2035;Arcelormittal SA;4928,033912;nationale_nederlanden_fixed_structure.csv
4Q24;Nationale-Nederlanden;NN DFE Nasze Jutro 2035;Asseco Poland S.A.;2216,897921;nationale_nederlanden_fixed_structure.csv
4Q24;Nationale-Nederlanden;NN DFE Nasze Jutro 2035;Atal S.A.;#VALUE!;nationale_nederlanden_fixed_structure.csv
4Q24;Nationale-Nederlanden;NN DFE Nasze Jutro 2035;Axsome Therapeutics Inc.;3824,506154;nationale_nederlanden_fixed_structure.csv
4Q24;Nationale-Nederlanden;NN DFE Nasze Jutro 2035;BNP Paribas Bank Polska S.A.;#VALUE!;nationale_nederlanden_fixed_structure.csv
4Q24;Nationale-Nederlanden;NN DFE Nasze Jutro 2035;BNP Paribas SA;215,7387961;nationale_nederlanden_fixed_structure.csv
4Q24;Nationale-Nederlanden;NN DFE Nasze Jutro 2035;Banco Bilbao Vizcaya Argentaria S.A.;7268,3111;nationale_nederlanden_fixed_structure.csv
4Q24;Nationale-Nederlanden;NN DFE Nasze Jutro 2035;Banco Santander S.A.;7327,477725;nationale_nederlanden_fixed_structure.csv
4Q24;Nationale-Nederlanden;NN DFE Nasze Jutro 2035;Bank Millennium S.A.;286316,9135;nationale_nederlanden_fixed_structure.csv
4Q24;Nationale-Nederlanden;NN DFE Nasze Jutro 2035;Bank Pekao S.A.;55046,78992;nationale_nederlanden_fixed_structure.csv
4Q24;Nationale-Nederlanden;NN DFE Nasze Jutro 2035;Bank of America Corp.;16416,1098;nationale_nederlanden_fixed_structure.csv
4Q24;Nationale-Nederlanden;NN DFE Nasze Jutro 2035;Benefit Systems S.A.;2419,352604;nationale_nederlanden_fixed_structure.csv
4Q24;Nationale-Nederlanden;NN DFE Nasze Jutro 2035;Berkshire Hathaway Inc.;0,174351378;nationale_nederlanden_fixed_structure.csv
4Q24;Nationale-Nederlanden;NN DFE Nasze Jutro 2035;Broadcom Inc.;4065,583978;nationale_nederlanden_fixed_structure.csv
4Q24;Nationale-Nederlanden;NN DFE Nasze Jutro 2035;Budimex S.A.;6688,836884;nationale_nederlanden_fixed_structure.csv
4Q24;Nationale-Nederlanden;NN DFE Nasze Jutro 2035;CCC S.A.;58978,18602;nationale_nederlanden_fixed_structure.csv
4Q24;Nationale-Nederlanden;NN DFE Nasze Jutro 2035;CD Projekt S.A.;48002,43521;nationale_nederlanden_fixed_structure.csv
4Q24;Nationale-Nederlanden;NN DFE Nasze Jutro 2035;Captor Therapeutics S.A.;4010,507329;nationale_nederlanden_fixed_structure.csv
4Q24;Nationale-Nederlanden;NN DFE Nasze Jutro 2035;Coca-Cola Company;653,7871774;nationale_nederlanden_fixed_structure.csv
4Q24;Nationale-Nederlanden;NN DFE Nasze Jutro 2035;Compremum S.A.;390009,6179;nationale_nederlanden_fixed_structure.csv
4Q24;Nationale-Nederlanden;NN DFE Nasze Jutro 2035;CrowdStrike Holdings Inc.;1092,290858;nationale_nederlanden_fixed_structure.csv
4Q24;Nationale-Nederlanden;NN DFE Nasze Jutro 2035;Cyfrowy Polsat S.A.;55060,40736;nationale_nederlanden_fixed_structure.csv
4Q24;Nationale-Nederlanden;NN DFE Nasze Jutro 2035;DataWalk S.A.;22240,82138;nationale_nederlanden_fixed_structure.csv
4Q24;Nationale-Nederlanden;NN DFE Nasze Jutro 2035;Deutsche Post AG;82,93392418;nationale_nederlanden_fixed_structure.csv
4Q24;Nationale-Nederlanden;NN DFE Nasze Jutro 2035;Dino Polska S.A.;229517,1603;nationale_nederlanden_fixed_structure.csv
4Q24;Nationale-Nederlanden;NN DFE Nasze Jutro 2035;Eaton Corporation Plc;475,21101;nationale_nederlanden_fixed_structure.csv
4Q24;Nationale-Nederlanden;NN DFE Nasze Jutro 2035;Grenergy Renovables S.A.;7608,348832;nationale_nederlanden_fixed_structure.csv
4Q24;Nationale-Nederlanden;NN DFE Nasze Jutro 2035;Grenevia S.A.;1622,984055;nationale_nederlanden_fixed_structure.csv
4Q24;Nationale-Nederlanden;NN DFE Nasze Jutro 2035;Grupa Kęty S.A.;5843,286842;nationale_nederlanden_fixed_structure.csv
4Q24;Nationale-Nederlanden;NN DFE Nasze Jutro 2035;Grupa Pracuj S.A.;438516,0643;nationale_nederlanden_fixed_structure.csv
4Q24;Nationale-Nederlanden;NN DFE Nasze Jutro 2035;ING Bank Śląski S.A.;13536,01217;nationale_nederlanden_fixed_structure.csv
4Q24;Nationale-Nederlanden;NN DFE Nasze Jutro 2035;InPost S.A.;55864,36765;nationale_nederlanden_fixed_structure.csv
4Q24;Nationale-Nederlanden;NN DFE Nasze Jutro 2035;Inter Cars S.A.;1805,043512;nationale_nederlanden_fixed_structure.csv
4Q24;Nationale-Nederlanden;NN DFE Nasze Jutro 2035;Intra-Celluar Therapies Inc.;#VALUE!;nationale_nederlanden_fixed_structure.csv
4Q24;Nationale-Nederlanden;NN DFE Nasze Jutro 2035;JP Morgan Chase & Co.;1876,0418;nationale_nederlanden_fixed_structure.csv
4Q24;Nationale-Nederlanden;NN DFE Nasze Jutro 2035;Janux Therapeutics Inc.;5999,167005;nationale_nederlanden_fixed_structure.csv
4Q24;Nationale-Nederlanden;NN DFE Nasze Jutro 2035;KGHM Polska Miedź S.A.;54759,02409;nationale_nederlanden_fixed_structure.csv
4Q24;Nationale-Nederlanden;NN DFE Nasze Jutro 2035;Kruk S.A.;11433,22393;nationale_nederlanden_fixed_structure.csv
4Q24;Nationale-Nederlanden;NN DFE Nasze Jutro 2035;L'Oréal S.A.;0,998794198;nationale_nederlanden_fixed_structure.csv
4Q24;Nationale-Nederlanden;NN DFE Nasze Jutro 2035;LPP S.A.;919,3012759;nationale_nederlanden_fixed_structure.csv
4Q24;Nationale-Nederlanden;NN DFE Nasze Jutro 2035;LVMH S.A.;5,992745248;nationale_nederlanden_fixed_structure.csv
4Q24;Nationale-Nederlanden;NN DFE Nasze Jutro 2035;Linde Plc;1677,623841;nationale_nederlanden_fixed_structure.csv
4Q24;Nationale-Nederlanden;NN DFE Nasze Jutro 2035;ML System S.A.;997,6106337;nationale_nederlanden_fixed_structure.csv
4Q24;Nationale-Nederlanden;NN DFE Nasze Jutro 2035;Marvell Technology Inc.;5491,217024;nationale_nederlanden_fixed_structure.csv
4Q24;Nationale-Nederlanden;NN DFE Nasze Jutro 2035;Mercadolibre Inc.;155,758099;nationale_nederlanden_fixed_structure.csv
4Q24;Nationale-Nederlanden;NN DFE Nasze Jutro 2035;Meta Platforms Inc.;1372,060187;nationale_nederlanden_fixed_structure.csv
4Q24;Nationale-Nederlanden;NN DFE Nasze Jutro 2035;Microsoft Corporation;70,43837435;nationale_nederlanden_fixed_structure.csv
4Q24;Nationale-Nederlanden;NN DFE Nasze Jutro 2035;Mirbud S.A.;192517,7391;nationale_nederlanden_fixed_structure.csv
4Q24;Nationale-Nederlanden;NN DFE Nasze Jutro 2035;Nvidia Corporation;6673,788053;nationale_nederlanden_fixed_structure.csv
4Q24;Nationale-Nederlanden;NN DFE Nasze Jutro 2035;Orange Polska S.A.;263545,3801;nationale_nederlanden_fixed_structure.csv
4Q24;Nationale-Nederlanden;NN DFE Nasze Jutro 2035;Orlen S.A.;100204,1695;nationale_nederlanden_fixed_structure.csv
4Q24;Nationale-Nederlanden;NN DFE Nasze Jutro 2035;PGE Polska Grupa Energetyczna S.A.;364259,9209;nationale_nederlanden_fixed_structure.csv
4Q24;Nationale-Nederlanden;NN DFE Nasze Jutro 2035;PKO Bank Polski S.A.;161496,3246;nationale_nederlanden_fixed_structure.csv
4Q24;Nationale-Nederlanden;NN DFE Nasze Jutro 2035;PKP Cargo S.A.;141216,5993;nationale_nederlanden_fixed_structure.csv
4Q24;Nationale-Nederlanden;NN DFE Nasze Jutro 2035;Pepco Group N.V.;81325,82948;nationale_nederlanden_fixed_structure.csv
4Q24;Nationale-Nederlanden;NN DFE Nasze Jutro 2035;PepsiCo Inc.;50,5965762;nationale_nederlanden_fixed_structure.csv
4Q24;Nationale-Nederlanden;NN DFE Nasze Jutro 2035;Powszechny Zakład Ubezpieczeń S.A.;226636,8093;nationale_nederlanden_fixed_structure.csv
4Q24;Nationale-Nederlanden;NN DFE Nasze Jutro 2035;Procter & Gamble Co;328,3817282;nationale_nederlanden_fixed_structure.csv
4Q24;Nationale-Nederlanden;NN DFE Nasze Jutro 2035;Rainbow Tours S.A.;22755,79753;nationale_nederlanden_fixed_structure.csv
4Q24;Nationale-Nederlanden;NN DFE Nasze Jutro 2035;Render Cube S.A.;6638,914066;nationale_nederlanden_fixed_structure.csv
4Q24;Nationale-Nederlanden;NN DFE Nasze Jutro 2035;SAP SE;1406,879429;nationale_nederlanden_fixed_structure.csv
4Q24;Nationale-Nederlanden;NN DFE Nasze Jutro 2035;Salesforce Inc.;1461,348266;nationale_nederlanden_fixed_structure.csv
4Q24;Nationale-Nederlanden;NN DFE Nasze Jutro 2035;Santander Bank Polska S.A.;14395,42592;nationale_nederlanden_fixed_structure.csv
4Q24;Nationale-Nederlanden;NN DFE Nasze Jutro 2035;Schneider Electric SE;1768,858536;nationale_nederlanden_fixed_structure.csv
4Q24;Nationale-Nederlanden;NN DFE Nasze Jutro 2035;Scholar Rock Holding Corp.;8192,67747;nationale_nederlanden_fixed_structure.csv
4Q24;Nationale-Nederlanden;NN DFE Nasze Jutro 2035;Selvita S.A.;451,4420202;nationale_nederlanden_fixed_structure.csv
4Q24;Nationale-Nederlanden;NN DFE Nasze Jutro 2035;SentinelOne Inc.;8597,450132;nationale_nederlanden_fixed_structure.csv
4Q24;Nationale-Nederlanden;NN DFE Nasze Jutro 2035;ServiceNow Inc.;3075,478363;nationale_nederlanden_fixed_structure.csv
4Q24;Nationale-Nederlanden;NN DFE Nasze Jutro 2035;Shoper S.A.;53506,66348;nationale_nederlanden_fixed_structure.csv
4Q24;Nationale-Nederlanden;NN DFE Nasze Jutro 2035;Tarsus Pharmaceuticals Inc.;6714,463731;nationale_nederlanden_fixed_structure.csv
4Q24;Nationale-Nederlanden;NN DFE Nasze Jutro 2035;Tesla Inc.;819,4661698;nationale_nederlanden_fixed_structure.csv
4Q24;Nationale-Nederlanden;NN DFE Nasze Jutro 2035;Text S.A.;11808,37447;nationale_nederlanden_fixed_structure.csv
4Q24;Nationale-Nederlanden;NN DFE Nasze Jutro 2035;Torpol S.A.;54252,67346;nationale_nederlanden_fixed_structure.csv
4Q24;Nationale-Nederlanden;NN DFE Nasze Jutro 2035;Unimot S.A.;3038,081337;nationale_nederlanden_fixed_structure.csv
4Q24;Nationale-Nederlanden;NN DFE Nasze Jutro 2035;Varonis Systems Inc.;3860,221413;nationale_nederlanden_fixed_structure.csv
4Q24;Nationale-Nederlanden;NN DFE Nasze Jutro 2035;Vercom S.A.;10292,54235;nationale_nederlanden_fixed_structure.csv
4Q24;Nationale-Nederlanden;NN DFE Nasze Jutro 2035;Vertiv Holdings Co.;5726,342291;nationale_nederlanden_fixed_structure.csv
4Q24;Nationale-Nederlanden;NN DFE Nasze Jutro 2035;Vinci SA;2851,547767;nationale_nederlanden_fixed_structure.csv
4Q24;Nationale-Nederlanden;NN DFE Nasze Jutro 2035;Visa Inc.;601,2064166;nationale_nederlanden_fixed_structure.csv
4Q24;Nationale-Nederlanden;NN DFE Nasze Jutro 2035;Walmart Inc.;4944,575547;nationale_nederlanden_fixed_structure.csv
4Q24;Nationale-Nederlanden;NN DFE Nasze Jutro 2035;Wells Fargo & Co;11988,41306;nationale_nederlanden_fixed_structure.csv
4Q24;Nationale-Nederlanden;NN DFE Nasze Jutro 2035;XTB S.A.;68825,30639;nationale_nederlanden_fixed_structure.csv
4Q24;Nationale-Nederlanden;NN DFE Nasze Jutro 2035;Yara International ASA;2096,295227;nationale_nederlanden_fixed_structure.csv
4Q24;Nationale-Nederlanden;NN DFE Nasze Jutro 2035;Zabka Group SA;244842,7288;nationale_nederlanden_fixed_structure.csv
4Q24;Nationale-Nederlanden;NN DFE Nasze Jutro 2035;mBank S.A.;7703,605629;nationale_nederlanden_fixed_structure.csv
4Q24;Nationale-Nederlanden;NN DFE Nasze Jutro 2040;AB S.A.;23941,21926;nationale_nederlanden_fixed_structure.csv
4Q24;Nationale-Nederlanden;NN DFE Nasze Jutro 2040;ASML Holding N.V.;39,95163115;nationale_nederlanden_fixed_structure.csv
4Q24;Nationale-Nederlanden;NN DFE Nasze Jutro 2040;AT&T Inc.;11681,85738;nationale_nederlanden_fixed_structure.csv
4Q24;Nationale-Nederlanden;NN DFE Nasze Jutro 2040;Adobe Inc.;2776,859338;nationale_nederlanden_fixed_structure.csv
4Q24;Nationale-Nederlanden;NN DFE Nasze Jutro 2040;Advanced Micro Devices Inc.;1770,880288;nationale_nederlanden_fixed_structure.csv
4Q24;Nationale-Nederlanden;NN DFE Nasze Jutro 2040;Alior Bank S.A.;102695,2219;nationale_nederlanden_fixed_structure.csv
4Q24;Nationale-Nederlanden;NN DFE Nasze Jutro 2040;Allegro.eu S.A.;253331,5783;nationale_nederlanden_fixed_structure.csv
4Q24;Nationale-Nederlanden;NN DFE Nasze Jutro 2040;Alphabet Inc.;2048,028038;nationale_nederlanden_fixed_structure.csv
4Q24;Nationale-Nederlanden;NN DFE Nasze Jutro 2040;Amazon.com Inc.;4192,571465;nationale_nederlanden_fixed_structure.csv
4Q24;Nationale-Nederlanden;NN DFE Nasze Jutro 2040;Apple Inc.;300,6032089;nationale_nederlanden_fixed_structure.csv
4Q24;Nationale-Nederlanden;NN DFE Nasze Jutro 2040;Applied Materials Inc.;1958,385269;nationale_nederlanden_fixed_structure.csv
4Q24;Nationale-Nederlanden;NN DFE Nasze Jutro 2040;Arcelormittal SA;7076,432932;nationale_nederlanden_fixed_structure.csv
4Q24;Nationale-Nederlanden;NN DFE Nasze Jutro 2040;Asseco Poland S.A.;3194,411954;nationale_nederlanden_fixed_structure.csv
4Q24;Nationale-Nederlanden;NN DFE Nasze Jutro 2040;Atal S.A.;#VALUE!;nationale_nederlanden_fixed_structure.csv
4Q24;Nationale-Nederlanden;NN DFE Nasze Jutro 2040;Axsome Therapeutics Inc.;5507,090461;nationale_nederlanden_fixed_structure.csv
4Q24;Nationale-Nederlanden;NN DFE Nasze Jutro 2040;BNP Paribas Bank Polska S.A.;#VALUE!;nationale_nederlanden_fixed_structure.csv
4Q24;Nationale-Nederlanden;NN DFE Nasze Jutro 2040;BNP Paribas SA;366,5562245;nationale_nederlanden_fixed_structure.csv
4Q24;Nationale-Nederlanden;NN DFE Nasze Jutro 2040;Banco Bilbao Vizcaya Argentaria S.A.;10454,9263;nationale_nederlanden_fixed_structure.csv
4Q24;Nationale-Nederlanden;NN DFE Nasze Jutro 2040;Banco Santander S.A.;10585,90093;nationale_nederlanden_fixed_structure.csv
4Q24;Nationale-Nederlanden;NN DFE Nasze Jutro 2040;Bank Millennium S.A.;411096,1775;nationale_nederlanden_fixed_structure.csv
4Q24;Nationale-Nederlanden;NN DFE Nasze Jutro 2040;Bank Pekao S.A.;79292,67273;nationale_nederlanden_fixed_structure.csv
4Q24;Nationale-Nederlanden;NN DFE Nasze Jutro 2040;Bank of America Corp.;23567,09309;nationale_nederlanden_fixed_structure.csv
4Q24;Nationale-Nederlanden;NN DFE Nasze Jutro 2040;Benefit Systems S.A.;3504,688477;nationale_nederlanden_fixed_structure.csv
4Q24;Nationale-Nederlanden;NN DFE Nasze Jutro 2040;Berkshire Hathaway Inc.;0,250960313;nationale_nederlanden_fixed_structure.csv
4Q24;Nationale-Nederlanden;NN DFE Nasze Jutro 2040;Broadcom Inc.;5859,282334;nationale_nederlanden_fixed_structure.csv
4Q24;Nationale-Nederlanden;NN DFE Nasze Jutro 2040;Budimex S.A.;9634,942628;nationale_nederlanden_fixed_structure.csv
4Q24;Nationale-Nederlanden;NN DFE Nasze Jutro 2040;CCC S.A.;84852,89723;nationale_nederlanden_fixed_structure.csv
4Q24;Nationale-Nederlanden;NN DFE Nasze Jutro 2040;CD Projekt S.A.;69145,57665;nationale_nederlanden_fixed_structure.csv
4Q24;Nationale-Nederlanden;NN DFE Nasze Jutro 2040;Captor Therapeutics S.A.;5743,946572;nationale_nederlanden_fixed_structure.csv
4Q24;Nationale-Nederlanden;NN DFE Nasze Jutro 2040;Coca-Cola Company;939,5090185;nationale_nederlanden_fixed_structure.csv
4Q24;Nationale-Nederlanden;NN DFE Nasze Jutro 2040;Compremum S.A.;536211,9024;nationale_nederlanden_fixed_structure.csv
4Q24;Nationale-Nederlanden;NN DFE Nasze Jutro 2040;CrowdStrike Holdings Inc.;1570,47814;nationale_nederlanden_fixed_structure.csv
4Q24;Nationale-Nederlanden;NN DFE Nasze Jutro 2040;Cyfrowy Polsat S.A.;79284,31188;nationale_nederlanden_fixed_structure.csv
4Q24;Nationale-Nederlanden;NN DFE Nasze Jutro 2040;DataWalk S.A.;31921,13339;nationale_nederlanden_fixed_structure.csv
4Q24;Nationale-Nederlanden;NN DFE Nasze Jutro 2040;Deutsche Post AG;116,9069175;nationale_nederlanden_fixed_structure.csv
4Q24;Nationale-Nederlanden;NN DFE Nasze Jutro 2040;Dino Polska S.A.;330607,5246;nationale_nederlanden_fixed_structure.csv
4Q24;Nationale-Nederlanden;NN DFE Nasze Jutro 2040;Eaton Corporation Plc;682,5577799;nationale_nederlanden_fixed_structure.csv
4Q24;Nationale-Nederlanden;NN DFE Nasze Jutro 2040;Grenergy Renovables S.A.;10926,17068;nationale_nederlanden_fixed_structure.csv
4Q24;Nationale-Nederlanden;NN DFE Nasze Jutro 2040;Grenevia S.A.;2250,523918;nationale_nederlanden_fixed_structure.csv
4Q24;Nationale-Nederlanden;NN DFE Nasze Jutro 2040;Grupa Kęty S.A.;8417,020103;nationale_nederlanden_fixed_structure.csv
4Q24;Nationale-Nederlanden;NN DFE Nasze Jutro 2040;Grupa Pracuj S.A.;617482,2143;nationale_nederlanden_fixed_structure.csv
4Q24;Nationale-Nederlanden;NN DFE Nasze Jutro 2040;ING Bank Śląski S.A.;20037,23694;nationale_nederlanden_fixed_structure.csv
4Q24;Nationale-Nederlanden;NN DFE Nasze Jutro 2040;InPost S.A.;80380,68685;nationale_nederlanden_fixed_structure.csv
4Q24;Nationale-Nederlanden;NN DFE Nasze Jutro 2040;Insulet Corp.;45,63612769;nationale_nederlanden_fixed_structure.csv
4Q24;Nationale-Nederlanden;NN DFE Nasze Jutro 2040;Inter Cars S.A.;2599,861036;nationale_nederlanden_fixed_structure.csv
4Q24;Nationale-Nederlanden;NN DFE Nasze Jutro 2040;Intra-Celluar Therapies Inc.;#VALUE!;nationale_nederlanden_fixed_structure.csv
4Q24;Nationale-Nederlanden;NN DFE Nasze Jutro 2040;JP Morgan Chase & Co.;2695,507963;nationale_nederlanden_fixed_structure.csv
4Q24;Nationale-Nederlanden;NN DFE Nasze Jutro 2040;Janux Therapeutics Inc.;8639,117956;nationale_nederlanden_fixed_structure.csv
4Q24;Nationale-Nederlanden;NN DFE Nasze Jutro 2040;KGHM Polska Miedź S.A.;78877,51287;nationale_nederlanden_fixed_structure.csv
4Q24;Nationale-Nederlanden;NN DFE Nasze Jutro 2040;Kruk S.A.;16469,57311;nationale_nederlanden_fixed_structure.csv
4Q24;Nationale-Nederlanden;NN DFE Nasze Jutro 2040;L'Oréal S.A.;0,998794198;nationale_nederlanden_fixed_structure.csv
4Q24;Nationale-Nederlanden;NN DFE Nasze Jutro 2040;LPP S.A.;1326,205114;nationale_nederlanden_fixed_structure.csv
4Q24;Nationale-Nederlanden;NN DFE Nasze Jutro 2040;LVMH S.A.;8,989116032;nationale_nederlanden_fixed_structure.csv
4Q24;Nationale-Nederlanden;NN DFE Nasze Jutro 2040;Linde Plc;2416,730734;nationale_nederlanden_fixed_structure.csv
4Q24;Nationale-Nederlanden;NN DFE Nasze Jutro 2040;ML System S.A.;2482,102578;nationale_nederlanden_fixed_structure.csv
4Q24;Nationale-Nederlanden;NN DFE Nasze Jutro 2040;Marvell Technology Inc.;7914,892347;nationale_nederlanden_fixed_structure.csv
4Q24;Nationale-Nederlanden;NN DFE Nasze Jutro 2040;Mercadolibre Inc.;224,2122944;nationale_nederlanden_fixed_structure.csv
4Q24;Nationale-Nederlanden;NN DFE Nasze Jutro 2040;Meta Platforms Inc.;1976,242868;nationale_nederlanden_fixed_structure.csv
4Q24;Nationale-Nederlanden;NN DFE Nasze Jutro 2040;Microsoft Corporation;101,1931581;nationale_nederlanden_fixed_structure.csv
4Q24;Nationale-Nederlanden;NN DFE Nasze Jutro 2040;Mirbud S.A.;276806,7458;nationale_nederlanden_fixed_structure.csv
4Q24;Nationale-Nederlanden;NN DFE Nasze Jutro 2040;Nvidia Corporation;9613,350098;nationale_nederlanden_fixed_structure.csv
4Q24;Nationale-Nederlanden;NN DFE Nasze Jutro 2040;Orange Polska S.A.;379871,5137;nationale_nederlanden_fixed_structure.csv
4Q24;Nationale-Nederlanden;NN DFE Nasze Jutro 2040;Orlen S.A.;144338,0542;nationale_nederlanden_fixed_structure.csv
4Q24;Nationale-Nederlanden;NN DFE Nasze Jutro 2040;PGE Polska Grupa Energetyczna S.A.;524514,2224;nationale_nederlanden_fixed_structure.csv
4Q24;Nationale-Nederlanden;NN DFE Nasze Jutro 2040;PKO Bank Polski S.A.;232629,42;nationale_nederlanden_fixed_structure.csv
4Q24;Nationale-Nederlanden;NN DFE Nasze Jutro 2040;PKP Cargo S.A.;202760,0979;nationale_nederlanden_fixed_structure.csv
4Q24;Nationale-Nederlanden;NN DFE Nasze Jutro 2040;Pepco Group N.V.;117146,7077;nationale_nederlanden_fixed_structure.csv
4Q24;Nationale-Nederlanden;NN DFE Nasze Jutro 2040;PepsiCo Inc.;73,41464965;nationale_nederlanden_fixed_structure.csv
4Q24;Nationale-Nederlanden;NN DFE Nasze Jutro 2040;Powszechny Zakład Ubezpieczeń S.A.;326462,4487;nationale_nederlanden_fixed_structure.csv
4Q24;Nationale-Nederlanden;NN DFE Nasze Jutro 2040;Procter & Gamble Co;473,2268349;nationale_nederlanden_fixed_structure.csv
4Q24;Nationale-Nederlanden;NN DFE Nasze Jutro 2040;Rainbow Tours S.A.;32662,81019;nationale_nederlanden_fixed_structure.csv
4Q24;Nationale-Nederlanden;NN DFE Nasze Jutro 2040;Render Cube S.A.;9458,974835;nationale_nederlanden_fixed_structure.csv
4Q24;Nationale-Nederlanden;NN DFE Nasze Jutro 2040;SAP SE;2020,390773;nationale_nederlanden_fixed_structure.csv
4Q24;Nationale-Nederlanden;NN DFE Nasze Jutro 2040;Salesforce Inc.;2098,269911;nationale_nederlanden_fixed_structure.csv
4Q24;Nationale-Nederlanden;NN DFE Nasze Jutro 2040;Santander Bank Polska S.A.;20736,38748;nationale_nederlanden_fixed_structure.csv
4Q24;Nationale-Nederlanden;NN DFE Nasze Jutro 2040;Schneider Electric SE;2539,925043;nationale_nederlanden_fixed_structure.csv
4Q24;Nationale-Nederlanden;NN DFE Nasze Jutro 2040;Scholar Rock Holding Corp.;11797,93177;nationale_nederlanden_fixed_structure.csv
4Q24;Nationale-Nederlanden;NN DFE Nasze Jutro 2040;Selvita S.A.;539,7676768;nationale_nederlanden_fixed_structure.csv
4Q24;Nationale-Nederlanden;NN DFE Nasze Jutro 2040;SentinelOne Inc.;12369,37547;nationale_nederlanden_fixed_structure.csv
4Q24;Nationale-Nederlanden;NN DFE Nasze Jutro 2040;ServiceNow Inc.;4429,68093;nationale_nederlanden_fixed_structure.csv
4Q24;Nationale-Nederlanden;NN DFE Nasze Jutro 2040;Shoper S.A.;76830,71889;nationale_nederlanden_fixed_structure.csv
4Q24;Nationale-Nederlanden;NN DFE Nasze Jutro 2040;Tarsus Pharmaceuticals Inc.;9669,899229;nationale_nederlanden_fixed_structure.csv
4Q24;Nationale-Nederlanden;NN DFE Nasze Jutro 2040;Tesla Inc.;1179,594762;nationale_nederlanden_fixed_structure.csv
4Q24;Nationale-Nederlanden;NN DFE Nasze Jutro 2040;Text S.A.;17048,71201;nationale_nederlanden_fixed_structure.csv
4Q24;Nationale-Nederlanden;NN DFE Nasze Jutro 2040;Torpol S.A.;78149,4213;nationale_nederlanden_fixed_structure.csv
4Q24;Nationale-Nederlanden;NN DFE Nasze Jutro 2040;Unimot S.A.;4416,58078;nationale_nederlanden_fixed_structure.csv
4Q24;Nationale-Nederlanden;NN DFE Nasze Jutro 2040;Varonis Systems Inc.;5554,71074;nationale_nederlanden_fixed_structure.csv
4Q24;Nationale-Nederlanden;NN DFE Nasze Jutro 2040;Vercom S.A.;14835,90722;nationale_nederlanden_fixed_structure.csv
4Q24;Nationale-Nederlanden;NN DFE Nasze Jutro 2040;Vertiv Holdings Co.;8221,448123;nationale_nederlanden_fixed_structure.csv
4Q24;Nationale-Nederlanden;NN DFE Nasze Jutro 2040;Vinci SA;4106,029031;nationale_nederlanden_fixed_structure.csv
4Q24;Nationale-Nederlanden;NN DFE Nasze Jutro 2040;Visa Inc.;865,1022988;nationale_nederlanden_fixed_structure.csv
4Q24;Nationale-Nederlanden;NN DFE Nasze Jutro 2040;Walmart Inc.;7114,275901;nationale_nederlanden_fixed_structure.csv
4Q24;Nationale-Nederlanden;NN DFE Nasze Jutro 2040;Wells Fargo & Co;17269,30705;nationale_nederlanden_fixed_structure.csv
4Q24;Nationale-Nederlanden;NN DFE Nasze Jutro 2040;XTB S.A.;98819,5723;nationale_nederlanden_fixed_structure.csv
4Q24;Nationale-Nederlanden;NN DFE Nasze Jutro 2040;Yara International ASA;3009,552575;nationale_nederlanden_fixed_structure.csv
4Q24;Nationale-Nederlanden;NN DFE Nasze Jutro 2040;Zabka Group SA;352560,4177;nationale_nederlanden_fixed_structure.csv
4Q24;Nationale-Nederlanden;NN DFE Nasze Jutro 2040;mBank S.A.;11096,12032;nationale_nederlanden_fixed_structure.csv
4Q24;Nationale-Nederlanden;NN DFE Nasze Jutro 2045;AB S.A.;25717,5002;nationale_nederlanden_fixed_structure.csv
4Q24;Nationale-Nederlanden;NN DFE Nasze Jutro 2045;ASML Holding N.V.;41,94921271;nationale_nederlanden_fixed_structure.csv
4Q24;Nationale-Nederlanden;NN DFE Nasze Jutro 2045;AT&T Inc.;12565,80936;nationale_nederlanden_fixed_structure.csv
4Q24;Nationale-Nederlanden;NN DFE Nasze Jutro 2045;Adobe Inc.;2990,158639;nationale_nederlanden_fixed_structure.csv
4Q24;Nationale-Nederlanden;NN DFE Nasze Jutro 2045;Advanced Micro Devices Inc.;1891,91522;nationale_nederlanden_fixed_structure.csv
4Q24;Nationale-Nederlanden;NN DFE Nasze Jutro 2045;Alior Bank S.A.;109732,8946;nationale_nederlanden_fixed_structure.csv
4Q24;Nationale-Nederlanden;NN DFE Nasze Jutro 2045;Allegro.eu S.A.;270396,4867;nationale_nederlanden_fixed_structure.csv
4Q24;Nationale-Nederlanden;NN DFE Nasze Jutro 2045;Alphabet Inc.;2187,757041;nationale_nederlanden_fixed_structure.csv
4Q24;Nationale-Nederlanden;NN DFE Nasze Jutro 2045;Amazon.com Inc.;4480,277519;nationale_nederlanden_fixed_structure.csv
4Q24;Nationale-Nederlanden;NN DFE Nasze Jutro 2045;Apple Inc.;324,4133638;nationale_nederlanden_fixed_structure.csv
4Q24;Nationale-Nederlanden;NN DFE Nasze Jutro 2045;Applied Materials Inc.;2085,372741;nationale_nederlanden_fixed_structure.csv
4Q24;Nationale-Nederlanden;NN DFE Nasze Jutro 2045;Arcelormittal SA;7525,88874;nationale_nederlanden_fixed_structure.csv
4Q24;Nationale-Nederlanden;NN DFE Nasze Jutro 2045;Asseco Poland S.A.;3409,305094;nationale_nederlanden_fixed_structure.csv
4Q24;Nationale-Nederlanden;NN DFE Nasze Jutro 2045;Atal S.A.;#VALUE!;nationale_nederlanden_fixed_structure.csv
4Q24;Nationale-Nederlanden;NN DFE Nasze Jutro 2045;Axsome Therapeutics Inc.;5882,100383;nationale_nederlanden_fixed_structure.csv
4Q24;Nationale-Nederlanden;NN DFE Nasze Jutro 2045;BNP Paribas Bank Polska S.A.;#VALUE!;nationale_nederlanden_fixed_structure.csv
4Q24;Nationale-Nederlanden;NN DFE Nasze Jutro 2045;BNP Paribas SA;335,5937047;nationale_nederlanden_fixed_structure.csv
4Q24;Nationale-Nederlanden;NN DFE Nasze Jutro 2045;Banco Bilbao Vizcaya Argentaria S.A.;11211,45964;nationale_nederlanden_fixed_structure.csv
4Q24;Nationale-Nederlanden;NN DFE Nasze Jutro 2045;Banco Santander S.A.;11387,59136;nationale_nederlanden_fixed_structure.csv
4Q24;Nationale-Nederlanden;NN DFE Nasze Jutro 2045;Bank Millennium S.A.;437628,3461;nationale_nederlanden_fixed_structure.csv
4Q24;Nationale-Nederlanden;NN DFE Nasze Jutro 2045;Bank Pekao S.A.;84727,00892;nationale_nederlanden_fixed_structure.csv
4Q24;Nationale-Nederlanden;NN DFE Nasze Jutro 2045;Bank of America Corp.;25435,19821;nationale_nederlanden_fixed_structure.csv
4Q24;Nationale-Nederlanden;NN DFE Nasze Jutro 2045;Benefit Systems S.A.;3753,369333;nationale_nederlanden_fixed_structure.csv
4Q24;Nationale-Nederlanden;NN DFE Nasze Jutro 2045;Berkshire Hathaway Inc.;0,26681044;nationale_nederlanden_fixed_structure.csv
4Q24;Nationale-Nederlanden;NN DFE Nasze Jutro 2045;Broadcom Inc.;6256,118248;nationale_nederlanden_fixed_structure.csv
4Q24;Nationale-Nederlanden;NN DFE Nasze Jutro 2045;Budimex S.A.;10295,77958;nationale_nederlanden_fixed_structure.csv
4Q24;Nationale-Nederlanden;NN DFE Nasze Jutro 2045;CCC S.A.;90595,31616;nationale_nederlanden_fixed_structure.csv
4Q24;Nationale-Nederlanden;NN DFE Nasze Jutro 2045;CD Projekt S.A.;73884,62586;nationale_nederlanden_fixed_structure.csv
4Q24;Nationale-Nederlanden;NN DFE Nasze Jutro 2045;Captor Therapeutics S.A.;6087,448227;nationale_nederlanden_fixed_structure.csv
4Q24;Nationale-Nederlanden;NN DFE Nasze Jutro 2045;Coca-Cola Company;1001,018608;nationale_nederlanden_fixed_structure.csv
4Q24;Nationale-Nederlanden;NN DFE Nasze Jutro 2045;Compremum S.A.;556376,3984;nationale_nederlanden_fixed_structure.csv
4Q24;Nationale-Nederlanden;NN DFE Nasze Jutro 2045;CrowdStrike Holdings Inc.;1677,623844;nationale_nederlanden_fixed_structure.csv
4Q24;Nationale-Nederlanden;NN DFE Nasze Jutro 2045;Cyfrowy Polsat S.A.;84601,53536;nationale_nederlanden_fixed_structure.csv
4Q24;Nationale-Nederlanden;NN DFE Nasze Jutro 2045;DataWalk S.A.;34288,29876;nationale_nederlanden_fixed_structure.csv
4Q24;Nationale-Nederlanden;NN DFE Nasze Jutro 2045;Deutsche Post AG;121,9029196;nationale_nederlanden_fixed_structure.csv
4Q24;Nationale-Nederlanden;NN DFE Nasze Jutro 2045;Dino Polska S.A.;353266,9251;nationale_nederlanden_fixed_structure.csv
4Q24;Nationale-Nederlanden;NN DFE Nasze Jutro 2045;Eaton Corporation Plc;726,2097303;nationale_nederlanden_fixed_structure.csv
4Q24;Nationale-Nederlanden;NN DFE Nasze Jutro 2045;Grenergy Renovables S.A.;11619,27163;nationale_nederlanden_fixed_structure.csv
4Q24;Nationale-Nederlanden;NN DFE Nasze Jutro 2045;Grenevia S.A.;2325,708428;nationale_nederlanden_fixed_structure.csv
4Q24;Nationale-Nederlanden;NN DFE Nasze Jutro 2045;Grupa Kęty S.A.;8987,512586;nationale_nederlanden_fixed_structure.csv
4Q24;Nationale-Nederlanden;NN DFE Nasze Jutro 2045;Grupa Pracuj S.A.;647364,3357;nationale_nederlanden_fixed_structure.csv
4Q24;Nationale-Nederlanden;NN DFE Nasze Jutro 2045;ING Bank Śląski S.A.;22233,78679;nationale_nederlanden_fixed_structure.csv
4Q24;Nationale-Nederlanden;NN DFE Nasze Jutro 2045;InPost S.A.;85779,15136;nationale_nederlanden_fixed_structure.csv
4Q24;Nationale-Nederlanden;NN DFE Nasze Jutro 2045;Insulet Corp.;37,69941144;nationale_nederlanden_fixed_structure.csv
4Q24;Nationale-Nederlanden;NN DFE Nasze Jutro 2045;Inter Cars S.A.;2775,37906;nationale_nederlanden_fixed_structure.csv
4Q24;Nationale-Nederlanden;NN DFE Nasze Jutro 2045;Intra-Celluar Therapies Inc.;#VALUE!;nationale_nederlanden_fixed_structure.csv
4Q24;Nationale-Nederlanden;NN DFE Nasze Jutro 2045;JP Morgan Chase & Co.;2872,099946;nationale_nederlanden_fixed_structure.csv
4Q24;Nationale-Nederlanden;NN DFE Nasze Jutro 2045;Janux Therapeutics Inc.;9227,427199;nationale_nederlanden_fixed_structure.csv
4Q24;Nationale-Nederlanden;NN DFE Nasze Jutro 2045;KGHM Polska Miedź S.A.;84283,36339;nationale_nederlanden_fixed_structure.csv
4Q24;Nationale-Nederlanden;NN DFE Nasze Jutro 2045;Kruk S.A.;17598,66907;nationale_nederlanden_fixed_structure.csv
4Q24;Nationale-Nederlanden;NN DFE Nasze Jutro 2045;L'Oréal S.A.;0,998794198;nationale_nederlanden_fixed_structure.csv
4Q24;Nationale-Nederlanden;NN DFE Nasze Jutro 2045;LPP S.A.;1419,642291;nationale_nederlanden_fixed_structure.csv
4Q24;Nationale-Nederlanden;NN DFE Nasze Jutro 2045;LVMH S.A.;9,987909972;nationale_nederlanden_fixed_structure.csv
4Q24;Nationale-Nederlanden;NN DFE Nasze Jutro 2045;Linde Plc;2582,409735;nationale_nederlanden_fixed_structure.csv
4Q24;Nationale-Nederlanden;NN DFE Nasze Jutro 2045;ML System S.A.;2360,878625;nationale_nederlanden_fixed_structure.csv
4Q24;Nationale-Nederlanden;NN DFE Nasze Jutro 2045;Marvell Technology Inc.;8450,620876;nationale_nederlanden_fixed_structure.csv
4Q24;Nationale-Nederlanden;NN DFE Nasze Jutro 2045;Mercadolibre Inc.;239,0936388;nationale_nederlanden_fixed_structure.csv
4Q24;Nationale-Nederlanden;NN DFE Nasze Jutro 2045;Meta Platforms Inc.;2111,167079;nationale_nederlanden_fixed_structure.csv
4Q24;Nationale-Nederlanden;NN DFE Nasze Jutro 2045;Microsoft Corporation;108,137792;nationale_nederlanden_fixed_structure.csv
4Q24;Nationale-Nederlanden;NN DFE Nasze Jutro 2045;Mirbud S.A.;295014,5337;nationale_nederlanden_fixed_structure.csv
4Q24;Nationale-Nederlanden;NN DFE Nasze Jutro 2045;Nvidia Corporation;10272,09772;nationale_nederlanden_fixed_structure.csv
4Q24;Nationale-Nederlanden;NN DFE Nasze Jutro 2045;Orange Polska S.A.;405654,9158;nationale_nederlanden_fixed_structure.csv
4Q24;Nationale-Nederlanden;NN DFE Nasze Jutro 2045;Orlen S.A.;154118,7864;nationale_nederlanden_fixed_structure.csv
4Q24;Nationale-Nederlanden;NN DFE Nasze Jutro 2045;PGE Polska Grupa Energetyczna S.A.;559693,7166;nationale_nederlanden_fixed_structure.csv
4Q24;Nationale-Nederlanden;NN DFE Nasze Jutro 2045;PKO Bank Polski S.A.;248570,8727;nationale_nederlanden_fixed_structure.csv
4Q24;Nationale-Nederlanden;NN DFE Nasze Jutro 2045;PKP Cargo S.A.;215846,5745;nationale_nederlanden_fixed_structure.csv
4Q24;Nationale-Nederlanden;NN DFE Nasze Jutro 2045;Pepco Group N.V.;125174,8191;nationale_nederlanden_fixed_structure.csv
4Q24;Nationale-Nederlanden;NN DFE Nasze Jutro 2045;PepsiCo Inc.;78,37509487;nationale_nederlanden_fixed_structure.csv
4Q24;Nationale-Nederlanden;NN DFE Nasze Jutro 2045;Powszechny Zakład Ubezpieczeń S.A.;348834,2971;nationale_nederlanden_fixed_structure.csv
4Q24;Nationale-Nederlanden;NN DFE Nasze Jutro 2045;Procter & Gamble Co;504,9737115;nationale_nederlanden_fixed_structure.csv
4Q24;Nationale-Nederlanden;NN DFE Nasze Jutro 2045;Rainbow Tours S.A.;34765,94115;nationale_nederlanden_fixed_structure.csv
4Q24;Nationale-Nederlanden;NN DFE Nasze Jutro 2045;Render Cube S.A.;10035,00868;nationale_nederlanden_fixed_structure.csv
4Q24;Nationale-Nederlanden;NN DFE Nasze Jutro 2045;SAP SE;2166,274572;nationale_nederlanden_fixed_structure.csv
4Q24;Nationale-Nederlanden;NN DFE Nasze Jutro 2045;Salesforce Inc.;2233,194123;nationale_nederlanden_fixed_structure.csv
4Q24;Nationale-Nederlanden;NN DFE Nasze Jutro 2045;Santander Bank Polska S.A.;22157,29196;nationale_nederlanden_fixed_structure.csv
4Q24;Nationale-Nederlanden;NN DFE Nasze Jutro 2045;Schneider Electric SE;2702,727937;nationale_nederlanden_fixed_structure.csv
4Q24;Nationale-Nederlanden;NN DFE Nasze Jutro 2045;Scholar Rock Holding Corp.;12601,52456;nationale_nederlanden_fixed_structure.csv
4Q24;Nationale-Nederlanden;NN DFE Nasze Jutro 2045;Selvita S.A.;561,3585859;nationale_nederlanden_fixed_structure.csv
4Q24;Nationale-Nederlanden;NN DFE Nasze Jutro 2045;SentinelOne Inc.;13388,2517;nationale_nederlanden_fixed_structure.csv
4Q24;Nationale-Nederlanden;NN DFE Nasze Jutro 2045;ServiceNow Inc.;4732,268314;nationale_nederlanden_fixed_structure.csv
4Q24;Nationale-Nederlanden;NN DFE Nasze Jutro 2045;Shoper S.A.;81740,20806;nationale_nederlanden_fixed_structure.csv
4Q24;Nationale-Nederlanden;NN DFE Nasze Jutro 2045;Tarsus Pharmaceuticals Inc.;10327,65475;nationale_nederlanden_fixed_structure.csv
4Q24;Nationale-Nederlanden;NN DFE Nasze Jutro 2045;Tesla Inc.;1257,969856;nationale_nederlanden_fixed_structure.csv
4Q24;Nationale-Nederlanden;NN DFE Nasze Jutro 2045;Text S.A.;18401,57675;nationale_nederlanden_fixed_structure.csv
4Q24;Nationale-Nederlanden;NN DFE Nasze Jutro 2045;Torpol S.A.;83189,0966;nationale_nederlanden_fixed_structure.csv
4Q24;Nationale-Nederlanden;NN DFE Nasze Jutro 2045;Unimot S.A.;4583,037326;nationale_nederlanden_fixed_structure.csv
4Q24;Nationale-Nederlanden;NN DFE Nasze Jutro 2045;Varonis Systems Inc.;5929,720696;nationale_nederlanden_fixed_structure.csv
4Q24;Nationale-Nederlanden;NN DFE Nasze Jutro 2045;Vercom S.A.;15843,09169;nationale_nederlanden_fixed_structure.csv
4Q24;Nationale-Nederlanden;NN DFE Nasze Jutro 2045;Vertiv Holdings Co.;8755,192444;nationale_nederlanden_fixed_structure.csv
4Q24;Nationale-Nederlanden;NN DFE Nasze Jutro 2045;Vinci SA;4381,695296;nationale_nederlanden_fixed_structure.csv
4Q24;Nationale-Nederlanden;NN DFE Nasze Jutro 2045;Visa Inc.;921,6514208;nationale_nederlanden_fixed_structure.csv
4Q24;Nationale-Nederlanden;NN DFE Nasze Jutro 2045;Walmart Inc.;7595,439481;nationale_nederlanden_fixed_structure.csv
4Q24;Nationale-Nederlanden;NN DFE Nasze Jutro 2045;Wells Fargo & Co;18452,87018;nationale_nederlanden_fixed_structure.csv
4Q24;Nationale-Nederlanden;NN DFE Nasze Jutro 2045;XTB S.A.;105197,8009;nationale_nederlanden_fixed_structure.csv
4Q24;Nationale-Nederlanden;NN DFE Nasze Jutro 2045;Yara International ASA;3200,397332;nationale_nederlanden_fixed_structure.csv
4Q24;Nationale-Nederlanden;NN DFE Nasze Jutro 2045;Zabka Group SA;376207,4213;nationale_nederlanden_fixed_structure.csv
4Q24;Nationale-Nederlanden;NN DFE Nasze Jutro 2045;mBank S.A.;11857,25503;nationale_nederlanden_fixed_structure.csv
4Q24;Nationale-Nederlanden;NN DFE Nasze Jutro 2050;AB S.A.;20149,21516;nationale_nederlanden_fixed_structure.csv
4Q24;Nationale-Nederlanden;NN DFE Nasze Jutro 2050;ASML Holding N.V.;33,95888648;nationale_nederlanden_fixed_structure.csv
4Q24;Nationale-Nederlanden;NN DFE Nasze Jutro 2050;AT&T Inc.;10247,29546;nationale_nederlanden_fixed_structure.csv
4Q24;Nationale-Nederlanden;NN DFE Nasze Jutro 2050;Adobe Inc.;2457,406419;nationale_nederlanden_fixed_structure.csv
4Q24;Nationale-Nederlanden;NN DFE Nasze Jutro 2050;Advanced Micro Devices Inc.;1555,596816;nationale_nederlanden_fixed_structure.csv
4Q24;Nationale-Nederlanden;NN DFE Nasze Jutro 2050;Alior Bank S.A.;90177,80472;nationale_nederlanden_fixed_structure.csv
4Q24;Nationale-Nederlanden;NN DFE Nasze Jutro 2050;Allegro.eu S.A.;221930,216;nationale_nederlanden_fixed_structure.csv
4Q24;Nationale-Nederlanden;NN DFE Nasze Jutro 2050;Alphabet Inc.;1798,511954;nationale_nederlanden_fixed_structure.csv
4Q24;Nationale-Nederlanden;NN DFE Nasze Jutro 2050;Amazon.com Inc.;3681,64523;nationale_nederlanden_fixed_structure.csv
4Q24;Nationale-Nederlanden;NN DFE Nasze Jutro 2050;Apple Inc.;263,895889;nationale_nederlanden_fixed_structure.csv
4Q24;Nationale-Nederlanden;NN DFE Nasze Jutro 2050;Applied Materials Inc.;1748,062231;nationale_nederlanden_fixed_structure.csv
4Q24;Nationale-Nederlanden;NN DFE Nasze Jutro 2050;Arcelormittal SA;6155,547756;nationale_nederlanden_fixed_structure.csv
4Q24;Nationale-Nederlanden;NN DFE Nasze Jutro 2050;Asseco Poland S.A.;2798,608732;nationale_nederlanden_fixed_structure.csv
4Q24;Nationale-Nederlanden;NN DFE Nasze Jutro 2050;Atal S.A.;#VALUE!;nationale_nederlanden_fixed_structure.csv
4Q24;Nationale-Nederlanden;NN DFE Nasze Jutro 2050;Axsome Therapeutics Inc.;4832,469378;nationale_nederlanden_fixed_structure.csv
4Q24;Nationale-Nederlanden;NN DFE Nasze Jutro 2050;BNP Paribas Bank Polska S.A.;#VALUE!;nationale_nederlanden_fixed_structure.csv
4Q24;Nationale-Nederlanden;NN DFE Nasze Jutro 2050;BNP Paribas SA;321,6106288;nationale_nederlanden_fixed_structure.csv
4Q24;Nationale-Nederlanden;NN DFE Nasze Jutro 2050;Banco Bilbao Vizcaya Argentaria S.A.;9083,395789;nationale_nederlanden_fixed_structure.csv
4Q24;Nationale-Nederlanden;NN DFE Nasze Jutro 2050;Banco Santander S.A.;9296,438945;nationale_nederlanden_fixed_structure.csv
4Q24;Nationale-Nederlanden;NN DFE Nasze Jutro 2050;Bank Millennium S.A.;358393,0056;nationale_nederlanden_fixed_structure.csv
4Q24;Nationale-Nederlanden;NN DFE Nasze Jutro 2050;Bank Pekao S.A.;69627,7401;nationale_nederlanden_fixed_structure.csv
4Q24;Nationale-Nederlanden;NN DFE Nasze Jutro 2050;Bank of America Corp.;20902,33991;nationale_nederlanden_fixed_structure.csv
4Q24;Nationale-Nederlanden;NN DFE Nasze Jutro 2050;Benefit Systems S.A.;3089,884784;nationale_nederlanden_fixed_structure.csv
4Q24;Nationale-Nederlanden;NN DFE Nasze Jutro 2050;Berkshire Hathaway Inc.;0,218599643;nationale_nederlanden_fixed_structure.csv
4Q24;Nationale-Nederlanden;NN DFE Nasze Jutro 2050;Broadcom Inc.;5140,017213;nationale_nederlanden_fixed_structure.csv
4Q24;Nationale-Nederlanden;NN DFE Nasze Jutro 2050;Budimex S.A.;8461,127218;nationale_nederlanden_fixed_structure.csv
4Q24;Nationale-Nederlanden;NN DFE Nasze Jutro 2050;CCC S.A.;73964,81861;nationale_nederlanden_fixed_structure.csv
4Q24;Nationale-Nederlanden;NN DFE Nasze Jutro 2050;CD Projekt S.A.;60717,81379;nationale_nederlanden_fixed_structure.csv
4Q24;Nationale-Nederlanden;NN DFE Nasze Jutro 2050;Captor Therapeutics S.A.;4846,859338;nationale_nederlanden_fixed_structure.csv
4Q24;Nationale-Nederlanden;NN DFE Nasze Jutro 2050;Coca-Cola Company;818,4740903;nationale_nederlanden_fixed_structure.csv
4Q24;Nationale-Nederlanden;NN DFE Nasze Jutro 2050;Compremum S.A.;430551,252;nationale_nederlanden_fixed_structure.csv
4Q24;Nationale-Nederlanden;NN DFE Nasze Jutro 2050;CrowdStrike Holdings Inc.;1369,083918;nationale_nederlanden_fixed_structure.csv
4Q24;Nationale-Nederlanden;NN DFE Nasze Jutro 2050;Cyfrowy Polsat S.A.;69411,32178;nationale_nederlanden_fixed_structure.csv
4Q24;Nationale-Nederlanden;NN DFE Nasze Jutro 2050;DataWalk S.A.;27670,5742;nationale_nederlanden_fixed_structure.csv
4Q24;Nationale-Nederlanden;NN DFE Nasze Jutro 2050;Deutsche Post AG;94,92438432;nationale_nederlanden_fixed_structure.csv
4Q24;Nationale-Nederlanden;NN DFE Nasze Jutro 2050;Dino Polska S.A.;290308,4646;nationale_nederlanden_fixed_structure.csv
4Q24;Nationale-Nederlanden;NN DFE Nasze Jutro 2050;Eaton Corporation Plc;594,2617858;nationale_nederlanden_fixed_structure.csv
4Q24;Nationale-Nederlanden;NN DFE Nasze Jutro 2050;Grenergy Renovables S.A.;9510,435646;nationale_nederlanden_fixed_structure.csv
4Q24;Nationale-Nederlanden;NN DFE Nasze Jutro 2050;Grenevia S.A.;1778,364465;nationale_nederlanden_fixed_structure.csv
4Q24;Nationale-Nederlanden;NN DFE Nasze Jutro 2050;Grupa Kęty S.A.;7386,323678;nationale_nederlanden_fixed_structure.csv
4Q24;Nationale-Nederlanden;NN DFE Nasze Jutro 2050;Grupa Pracuj S.A.;503873;nationale_nederlanden_fixed_structure.csv
4Q24;Nationale-Nederlanden;NN DFE Nasze Jutro 2050;ING Bank Śląski S.A.;18631,48538;nationale_nederlanden_fixed_structure.csv
4Q24;Nationale-Nederlanden;NN DFE Nasze Jutro 2050;InPost S.A.;70415,75067;nationale_nederlanden_fixed_structure.csv
4Q24;Nationale-Nederlanden;NN DFE Nasze Jutro 2050;Inter Cars S.A.;2277,745528;nationale_nederlanden_fixed_structure.csv
4Q24;Nationale-Nederlanden;NN DFE Nasze Jutro 2050;Intra-Celluar Therapies Inc.;#VALUE!;nationale_nederlanden_fixed_structure.csv
4Q24;Nationale-Nederlanden;NN DFE Nasze Jutro 2050;JP Morgan Chase & Co.;2403,833567;nationale_nederlanden_fixed_structure.csv
4Q24;Nationale-Nederlanden;NN DFE Nasze Jutro 2050;Janux Therapeutics Inc.;7581,550201;nationale_nederlanden_fixed_structure.csv
4Q24;Nationale-Nederlanden;NN DFE Nasze Jutro 2050;KGHM Polska Miedź S.A.;69263,53278;nationale_nederlanden_fixed_structure.csv
4Q24;Nationale-Nederlanden;NN DFE Nasze Jutro 2050;Kruk S.A.;14461,84603;nationale_nederlanden_fixed_structure.csv
4Q24;Nationale-Nederlanden;NN DFE Nasze Jutro 2050;L'Oréal S.A.;0,998794198;nationale_nederlanden_fixed_structure.csv
4Q24;Nationale-Nederlanden;NN DFE Nasze Jutro 2050;LPP S.A.;1169,471786;nationale_nederlanden_fixed_structure.csv
4Q24;Nationale-Nederlanden;NN DFE Nasze Jutro 2050;LVMH S.A.;7,990325771;nationale_nederlanden_fixed_structure.csv
4Q24;Nationale-Nederlanden;NN DFE Nasze Jutro 2050;Linde Plc;2122,080061;nationale_nederlanden_fixed_structure.csv
4Q24;Nationale-Nederlanden;NN DFE Nasze Jutro 2050;ML System S.A.;2278,407089;nationale_nederlanden_fixed_structure.csv
4Q24;Nationale-Nederlanden;NN DFE Nasze Jutro 2050;Marvell Technology Inc.;6942,644369;nationale_nederlanden_fixed_structure.csv
4Q24;Nationale-Nederlanden;NN DFE Nasze Jutro 2050;Mercadolibre Inc.;196,4337797;nationale_nederlanden_fixed_structure.csv
4Q24;Nationale-Nederlanden;NN DFE Nasze Jutro 2050;Meta Platforms Inc.;1735,165051;nationale_nederlanden_fixed_structure.csv
4Q24;Nationale-Nederlanden;NN DFE Nasze Jutro 2050;Microsoft Corporation;88,29599386;nationale_nederlanden_fixed_structure.csv
4Q24;Nationale-Nederlanden;NN DFE Nasze Jutro 2050;Mirbud S.A.;240981,9116;nationale_nederlanden_fixed_structure.csv
4Q24;Nationale-Nederlanden;NN DFE Nasze Jutro 2050;Nvidia Corporation;8441,69206;nationale_nederlanden_fixed_structure.csv
4Q24;Nationale-Nederlanden;NN DFE Nasze Jutro 2050;Orange Polska S.A.;333121,1512;nationale_nederlanden_fixed_structure.csv
4Q24;Nationale-Nederlanden;NN DFE Nasze Jutro 2050;Orlen S.A.;126658,1898;nationale_nederlanden_fixed_structure.csv
4Q24;Nationale-Nederlanden;NN DFE Nasze Jutro 2050;PGE Polska Grupa Energetyczna S.A.;459199,3608;nationale_nederlanden_fixed_structure.csv
4Q24;Nationale-Nederlanden;NN DFE Nasze Jutro 2050;PKO Bank Polski S.A.;204274,172;nationale_nederlanden_fixed_structure.csv
4Q24;Nationale-Nederlanden;NN DFE Nasze Jutro 2050;PKP Cargo S.A.;176765,8851;nationale_nederlanden_fixed_structure.csv
4Q24;Nationale-Nederlanden;NN DFE Nasze Jutro 2050;Pepco Group N.V.;102868,2948;nationale_nederlanden_fixed_structure.csv
4Q24;Nationale-Nederlanden;NN DFE Nasze Jutro 2050;PepsiCo Inc.;63,49374331;nationale_nederlanden_fixed_structure.csv
4Q24;Nationale-Nederlanden;NN DFE Nasze Jutro 2050;Powszechny Zakład Ubezpieczeń S.A.;286669,7029;nationale_nederlanden_fixed_structure.csv
4Q24;Nationale-Nederlanden;NN DFE Nasze Jutro 2050;Procter & Gamble Co;414,6935293;nationale_nederlanden_fixed_structure.csv
4Q24;Nationale-Nederlanden;NN DFE Nasze Jutro 2050;Rainbow Tours S.A.;28457,5524;nationale_nederlanden_fixed_structure.csv
4Q24;Nationale-Nederlanden;NN DFE Nasze Jutro 2050;Render Cube S.A.;7977,315824;nationale_nederlanden_fixed_structure.csv
4Q24;Nationale-Nederlanden;NN DFE Nasze Jutro 2050;SAP SE;1751,604852;nationale_nederlanden_fixed_structure.csv
4Q24;Nationale-Nederlanden;NN DFE Nasze Jutro 2050;Salesforce Inc.;1847,271195;nationale_nederlanden_fixed_structure.csv
4Q24;Nationale-Nederlanden;NN DFE Nasze Jutro 2050;Santander Bank Polska S.A.;18209,22161;nationale_nederlanden_fixed_structure.csv
4Q24;Nationale-Nederlanden;NN DFE Nasze Jutro 2050;Schneider Electric SE;2221,310772;nationale_nederlanden_fixed_structure.csv
4Q24;Nationale-Nederlanden;NN DFE Nasze Jutro 2050;Scholar Rock Holding Corp.;10353,44907;nationale_nederlanden_fixed_structure.csv
4Q24;Nationale-Nederlanden;NN DFE Nasze Jutro 2050;Selvita S.A.;495,6048485;nationale_nederlanden_fixed_structure.csv
4Q24;Nationale-Nederlanden;NN DFE Nasze Jutro 2050;SentinelOne Inc.;10628,25803;nationale_nederlanden_fixed_structure.csv
4Q24;Nationale-Nederlanden;NN DFE Nasze Jutro 2050;ServiceNow Inc.;3888,991994;nationale_nederlanden_fixed_structure.csv
4Q24;Nationale-Nederlanden;NN DFE Nasze Jutro 2050;Shoper S.A.;66896,27003;nationale_nederlanden_fixed_structure.csv
4Q24;Nationale-Nederlanden;NN DFE Nasze Jutro 2050;Tarsus Pharmaceuticals Inc.;8485,344024;nationale_nederlanden_fixed_structure.csv
4Q24;Nationale-Nederlanden;NN DFE Nasze Jutro 2050;Tesla Inc.;1032,765475;nationale_nederlanden_fixed_structure.csv
4Q24;Nationale-Nederlanden;NN DFE Nasze Jutro 2050;Text S.A.;15005,32249;nationale_nederlanden_fixed_structure.csv
4Q24;Nationale-Nederlanden;NN DFE Nasze Jutro 2050;Torpol S.A.;68623,48735;nationale_nederlanden_fixed_structure.csv
4Q24;Nationale-Nederlanden;NN DFE Nasze Jutro 2050;Unimot S.A.;3651,079944;nationale_nederlanden_fixed_structure.csv
4Q24;Nationale-Nederlanden;NN DFE Nasze Jutro 2050;Varonis Systems Inc.;4841,398184;nationale_nederlanden_fixed_structure.csv
4Q24;Nationale-Nederlanden;NN DFE Nasze Jutro 2050;Vercom S.A.;13010,13459;nationale_nederlanden_fixed_structure.csv
4Q24;Nationale-Nederlanden;NN DFE Nasze Jutro 2050;Vertiv Holdings Co.;7265,073558;nationale_nederlanden_fixed_structure.csv
4Q24;Nationale-Nederlanden;NN DFE Nasze Jutro 2050;Vinci SA;3594,64813;nationale_nederlanden_fixed_structure.csv
4Q24;Nationale-Nederlanden;NN DFE Nasze Jutro 2050;Visa Inc.;752,9961574;nationale_nederlanden_fixed_structure.csv
4Q24;Nationale-Nederlanden;NN DFE Nasze Jutro 2050;Walmart Inc.;6200,5612;nationale_nederlanden_fixed_structure.csv
4Q24;Nationale-Nederlanden;NN DFE Nasze Jutro 2050;Wells Fargo & Co;15164,09246;nationale_nederlanden_fixed_structure.csv
4Q24;Nationale-Nederlanden;NN DFE Nasze Jutro 2050;XTB S.A.;86151,06236;nationale_nederlanden_fixed_structure.csv
4Q24;Nationale-Nederlanden;NN DFE Nasze Jutro 2050;Yara International ASA;2617,871086;nationale_nederlanden_fixed_structure.csv
4Q24;Nationale-Nederlanden;NN DFE Nasze Jutro 2050;Zabka Group SA;308658,2587;nationale_nederlanden_fixed_structure.csv
4Q24;Nationale-Nederlanden;NN DFE Nasze Jutro 2050;mBank S.A.;9744,329075;nationale_nederlanden_fixed_structure.csv
4Q24;Nationale-Nederlanden;NN DFE Nasze Jutro 2055;AB S.A.;13237,44949;nationale_nederlanden_fixed_structure.csv
4Q24;Nationale-Nederlanden;NN DFE Nasze Jutro 2055;ASML Holding N.V.;22,97218964;nationale_nederlanden_fixed_structure.csv
4Q24;Nationale-Nederlanden;NN DFE Nasze Jutro 2055;AT&T Inc.;6752,163148;nationale_nederlanden_fixed_structure.csv
4Q24;Nationale-Nederlanden;NN DFE Nasze Jutro 2055;Adobe Inc.;1633,971885;nationale_nederlanden_fixed_structure.csv
4Q24;Nationale-Nederlanden;NN DFE Nasze Jutro 2055;Advanced Micro Devices Inc.;1033,757538;nationale_nederlanden_fixed_structure.csv
4Q24;Nationale-Nederlanden;NN DFE Nasze Jutro 2055;Alior Bank S.A.;59949,21086;nationale_nederlanden_fixed_structure.csv
4Q24;Nationale-Nederlanden;NN DFE Nasze Jutro 2055;Allegro.eu S.A.;147503,4236;nationale_nederlanden_fixed_structure.csv
4Q24;Nationale-Nederlanden;NN DFE Nasze Jutro 2055;Alphabet Inc.;1195,681086;nationale_nederlanden_fixed_structure.csv
4Q24;Nationale-Nederlanden;NN DFE Nasze Jutro 2055;Amazon.com Inc.;2447,485527;nationale_nederlanden_fixed_structure.csv
4Q24;Nationale-Nederlanden;NN DFE Nasze Jutro 2055;Apple Inc.;173,6157157;nationale_nederlanden_fixed_structure.csv
4Q24;Nationale-Nederlanden;NN DFE Nasze Jutro 2055;Applied Materials Inc.;1161,737163;nationale_nederlanden_fixed_structure.csv
4Q24;Nationale-Nederlanden;NN DFE Nasze Jutro 2055;Arcelormittal SA;4062,082268;nationale_nederlanden_fixed_structure.csv
4Q24;Nationale-Nederlanden;NN DFE Nasze Jutro 2055;Asseco Poland S.A.;1860,075364;nationale_nederlanden_fixed_structure.csv
4Q24;Nationale-Nederlanden;NN DFE Nasze Jutro 2055;Atal S.A.;#VALUE!;nationale_nederlanden_fixed_structure.csv
4Q24;Nationale-Nederlanden;NN DFE Nasze Jutro 2055;Axsome Therapeutics Inc.;3214,370922;nationale_nederlanden_fixed_structure.csv
4Q24;Nationale-Nederlanden;NN DFE Nasze Jutro 2055;BNP Paribas Bank Polska S.A.;#VALUE!;nationale_nederlanden_fixed_structure.csv
4Q24;Nationale-Nederlanden;NN DFE Nasze Jutro 2055;BNP Paribas SA;211,7436654;nationale_nederlanden_fixed_structure.csv
4Q24;Nationale-Nederlanden;NN DFE Nasze Jutro 2055;Banco Bilbao Vizcaya Argentaria S.A.;5961,570043;nationale_nederlanden_fixed_structure.csv
4Q24;Nationale-Nederlanden;NN DFE Nasze Jutro 2055;Banco Santander S.A.;6122,456999;nationale_nederlanden_fixed_structure.csv
4Q24;Nationale-Nederlanden;NN DFE Nasze Jutro 2055;Bank Millennium S.A.;236763,973;nationale_nederlanden_fixed_structure.csv
4Q24;Nationale-Nederlanden;NN DFE Nasze Jutro 2055;Bank Pekao S.A.;46288,41363;nationale_nederlanden_fixed_structure.csv
4Q24;Nationale-Nederlanden;NN DFE Nasze Jutro 2055;Bank of America Corp.;13895,20962;nationale_nederlanden_fixed_structure.csv
4Q24;Nationale-Nederlanden;NN DFE Nasze Jutro 2055;Benefit Systems S.A.;2053,882356;nationale_nederlanden_fixed_structure.csv
4Q24;Nationale-Nederlanden;NN DFE Nasze Jutro 2055;Berkshire Hathaway Inc.;0,144632392;nationale_nederlanden_fixed_structure.csv
4Q24;Nationale-Nederlanden;NN DFE Nasze Jutro 2055;Broadcom Inc.;3416,757267;nationale_nederlanden_fixed_structure.csv
4Q24;Nationale-Nederlanden;NN DFE Nasze Jutro 2055;Budimex S.A.;5624,658101;nationale_nederlanden_fixed_structure.csv
4Q24;Nationale-Nederlanden;NN DFE Nasze Jutro 2055;CCC S.A.;48845,39652;nationale_nederlanden_fixed_structure.csv
4Q24;Nationale-Nederlanden;NN DFE Nasze Jutro 2055;CD Projekt S.A.;40364,17947;nationale_nederlanden_fixed_structure.csv
4Q24;Nationale-Nederlanden;NN DFE Nasze Jutro 2055;Captor Therapeutics S.A.;3169,177069;nationale_nederlanden_fixed_structure.csv
4Q24;Nationale-Nederlanden;NN DFE Nasze Jutro 2055;Coca-Cola Company;539,6968584;nationale_nederlanden_fixed_structure.csv
4Q24;Nationale-Nederlanden;NN DFE Nasze Jutro 2055;Compremum S.A.;279451,9024;nationale_nederlanden_fixed_structure.csv
4Q24;Nationale-Nederlanden;NN DFE Nasze Jutro 2055;CrowdStrike Holdings Inc.;903,7938058;nationale_nederlanden_fixed_structure.csv
4Q24;Nationale-Nederlanden;NN DFE Nasze Jutro 2055;Cyfrowy Polsat S.A.;46122,52192;nationale_nederlanden_fixed_structure.csv
4Q24;Nationale-Nederlanden;NN DFE Nasze Jutro 2055;DataWalk S.A.;18239,95088;nationale_nederlanden_fixed_structure.csv
4Q24;Nationale-Nederlanden;NN DFE Nasze Jutro 2055;Deutsche Post AG;61,95068776;nationale_nederlanden_fixed_structure.csv
4Q24;Nationale-Nederlanden;NN DFE Nasze Jutro 2055;Dino Polska S.A.;192998,0267;nationale_nederlanden_fixed_structure.csv
4Q24;Nationale-Nederlanden;NN DFE Nasze Jutro 2055;Eaton Corporation Plc;391,8754677;nationale_nederlanden_fixed_structure.csv
4Q24;Nationale-Nederlanden;NN DFE Nasze Jutro 2055;Grenergy Renovables S.A.;6279,250579;nationale_nederlanden_fixed_structure.csv
4Q24;Nationale-Nederlanden;NN DFE Nasze Jutro 2055;Grupa Kęty S.A.;4912,852762;nationale_nederlanden_fixed_structure.csv
4Q24;Nationale-Nederlanden;NN DFE Nasze Jutro 2055;Grupa Pracuj S.A.;327846,0714;nationale_nederlanden_fixed_structure.csv
4Q24;Nationale-Nederlanden;NN DFE Nasze Jutro 2055;ING Bank Śląski S.A.;13043,64733;nationale_nederlanden_fixed_structure.csv
4Q24;Nationale-Nederlanden;NN DFE Nasze Jutro 2055;InPost S.A.;46826,31007;nationale_nederlanden_fixed_structure.csv
4Q24;Nationale-Nederlanden;NN DFE Nasze Jutro 2055;Insulet Corp.;42,6598591;nationale_nederlanden_fixed_structure.csv
4Q24;Nationale-Nederlanden;NN DFE Nasze Jutro 2055;Inter Cars S.A.;1513,843129;nationale_nederlanden_fixed_structure.csv
4Q24;Nationale-Nederlanden;NN DFE Nasze Jutro 2055;Intra-Celluar Therapies Inc.;#VALUE!;nationale_nederlanden_fixed_structure.csv
4Q24;Nationale-Nederlanden;NN DFE Nasze Jutro 2055;JP Morgan Chase & Co.;1597,264579;nationale_nederlanden_fixed_structure.csv
4Q24;Nationale-Nederlanden;NN DFE Nasze Jutro 2055;Janux Therapeutics Inc.;5041,80035;nationale_nederlanden_fixed_structure.csv
4Q24;Nationale-Nederlanden;NN DFE Nasze Jutro 2055;KGHM Polska Miedź S.A.;46045,85139;nationale_nederlanden_fixed_structure.csv
4Q24;Nationale-Nederlanden;NN DFE Nasze Jutro 2055;Kruk S.A.;9614,848389;nationale_nederlanden_fixed_structure.csv
4Q24;Nationale-Nederlanden;NN DFE Nasze Jutro 2055;L'Oréal S.A.;0,998794198;nationale_nederlanden_fixed_structure.csv
4Q24;Nationale-Nederlanden;NN DFE Nasze Jutro 2055;LPP S.A.;777,6384521;nationale_nederlanden_fixed_structure.csv
4Q24;Nationale-Nederlanden;NN DFE Nasze Jutro 2055;LVMH S.A.;4,993954986;nationale_nederlanden_fixed_structure.csv
4Q24;Nationale-Nederlanden;NN DFE Nasze Jutro 2055;Linde Plc;1410,751692;nationale_nederlanden_fixed_structure.csv
4Q24;Nationale-Nederlanden;NN DFE Nasze Jutro 2055;Marvell Technology Inc.;4614,209636;nationale_nederlanden_fixed_structure.csv
4Q24;Nationale-Nederlanden;NN DFE Nasze Jutro 2055;Mercadolibre Inc.;130,9558517;nationale_nederlanden_fixed_structure.csv
4Q24;Nationale-Nederlanden;NN DFE Nasze Jutro 2055;Meta Platforms Inc.;1153,80043;nationale_nederlanden_fixed_structure.csv
4Q24;Nationale-Nederlanden;NN DFE Nasze Jutro 2055;Microsoft Corporation;58,53329659;nationale_nederlanden_fixed_structure.csv
4Q24;Nationale-Nederlanden;NN DFE Nasze Jutro 2055;Mirbud S.A.;159007,7424;nationale_nederlanden_fixed_structure.csv
4Q24;Nationale-Nederlanden;NN DFE Nasze Jutro 2055;Nvidia Corporation;5612,25197;nationale_nederlanden_fixed_structure.csv
4Q24;Nationale-Nederlanden;NN DFE Nasze Jutro 2055;Orange Polska S.A.;221405,8553;nationale_nederlanden_fixed_structure.csv
4Q24;Nationale-Nederlanden;NN DFE Nasze Jutro 2055;Orlen S.A.;84254,42034;nationale_nederlanden_fixed_structure.csv
4Q24;Nationale-Nederlanden;NN DFE Nasze Jutro 2055;PGE Polska Grupa Energetyczna S.A.;305125,2751;nationale_nederlanden_fixed_structure.csv
4Q24;Nationale-Nederlanden;NN DFE Nasze Jutro 2055;PKO Bank Polski S.A.;135799,8189;nationale_nederlanden_fixed_structure.csv
4Q24;Nationale-Nederlanden;NN DFE Nasze Jutro 2055;PKP Cargo S.A.;116776,527;nationale_nederlanden_fixed_structure.csv
4Q24;Nationale-Nederlanden;NN DFE Nasze Jutro 2055;Pepco Group N.V.;68385,76736;nationale_nederlanden_fixed_structure.csv
4Q24;Nationale-Nederlanden;NN DFE Nasze Jutro 2055;PepsiCo Inc.;41,667778;nationale_nederlanden_fixed_structure.csv
4Q24;Nationale-Nederlanden;NN DFE Nasze Jutro 2055;Powszechny Zakład Ubezpieczeń S.A.;190576,0386;nationale_nederlanden_fixed_structure.csv
4Q24;Nationale-Nederlanden;NN DFE Nasze Jutro 2055;Procter & Gamble Co;275,8009656;nationale_nederlanden_fixed_structure.csv
4Q24;Nationale-Nederlanden;NN DFE Nasze Jutro 2055;Rainbow Tours S.A.;18783,55135;nationale_nederlanden_fixed_structure.csv
4Q24;Nationale-Nederlanden;NN DFE Nasze Jutro 2055;Render Cube S.A.;5209,348791;nationale_nederlanden_fixed_structure.csv
4Q24;Nationale-Nederlanden;NN DFE Nasze Jutro 2055;SAP SE;1152,082368;nationale_nederlanden_fixed_structure.csv
4Q24;Nationale-Nederlanden;NN DFE Nasze Jutro 2055;Salesforce Inc.;1228,207162;nationale_nederlanden_fixed_structure.csv
4Q24;Nationale-Nederlanden;NN DFE Nasze Jutro 2055;Santander Bank Polska S.A.;12105,74554;nationale_nederlanden_fixed_structure.csv
4Q24;Nationale-Nederlanden;NN DFE Nasze Jutro 2055;Schneider Electric SE;1465,226121;nationale_nederlanden_fixed_structure.csv
4Q24;Nationale-Nederlanden;NN DFE Nasze Jutro 2055;Scholar Rock Holding Corp.;6885,103081;nationale_nederlanden_fixed_structure.csv
4Q24;Nationale-Nederlanden;NN DFE Nasze Jutro 2055;Selvita S.A.;323,8606061;nationale_nederlanden_fixed_structure.csv
4Q24;Nationale-Nederlanden;NN DFE Nasze Jutro 2055;SentinelOne Inc.;6941,652289;nationale_nederlanden_fixed_structure.csv
4Q24;Nationale-Nederlanden;NN DFE Nasze Jutro 2055;ServiceNow Inc.;2584,393915;nationale_nederlanden_fixed_structure.csv
4Q24;Nationale-Nederlanden;NN DFE Nasze Jutro 2055;Shoper S.A.;44196,35264;nationale_nederlanden_fixed_structure.csv
4Q24;Nationale-Nederlanden;NN DFE Nasze Jutro 2055;Tarsus Pharmaceuticals Inc.;5643,006751;nationale_nederlanden_fixed_structure.csv
4Q24;Nationale-Nederlanden;NN DFE Nasze Jutro 2055;Tesla Inc.;686,5261395;nationale_nederlanden_fixed_structure.csv
4Q24;Nationale-Nederlanden;NN DFE Nasze Jutro 2055;Text S.A.;9880,743617;nationale_nederlanden_fixed_structure.csv
4Q24;Nationale-Nederlanden;NN DFE Nasze Jutro 2055;Torpol S.A.;45620,79414;nationale_nederlanden_fixed_structure.csv
4Q24;Nationale-Nederlanden;NN DFE Nasze Jutro 2055;Unimot S.A.;2387,206267;nationale_nederlanden_fixed_structure.csv
4Q24;Nationale-Nederlanden;NN DFE Nasze Jutro 2055;Varonis Systems Inc.;3197,505426;nationale_nederlanden_fixed_structure.csv
4Q24;Nationale-Nederlanden;NN DFE Nasze Jutro 2055;Vercom S.A.;8647,340549;nationale_nederlanden_fixed_structure.csv
4Q24;Nationale-Nederlanden;NN DFE Nasze Jutro 2055;Vertiv Holdings Co.;4829,493092;nationale_nederlanden_fixed_structure.csv
4Q24;Nationale-Nederlanden;NN DFE Nasze Jutro 2055;Vinci SA;2389,107635;nationale_nederlanden_fixed_structure.csv
4Q24;Nationale-Nederlanden;NN DFE Nasze Jutro 2055;Visa Inc.;497,036989;nationale_nederlanden_fixed_structure.csv
4Q24;Nationale-Nederlanden;NN DFE Nasze Jutro 2055;Walmart Inc.;4040,781732;nationale_nederlanden_fixed_structure.csv
4Q24;Nationale-Nederlanden;NN DFE Nasze Jutro 2055;Wells Fargo & Co;10080,62438;nationale_nederlanden_fixed_structure.csv
4Q24;Nationale-Nederlanden;NN DFE Nasze Jutro 2055;XTB S.A.;56913,34929;nationale_nederlanden_fixed_structure.csv
4Q24;Nationale-Nederlanden;NN DFE Nasze Jutro 2055;Yara International ASA;1727,595067;nationale_nederlanden_fixed_structure.csv
4Q24;Nationale-Nederlanden;NN DFE Nasze Jutro 2055;Zabka Group SA;205094,9356;nationale_nederlanden_fixed_structure.csv
4Q24;Nationale-Nederlanden;NN DFE Nasze Jutro 2055;mBank S.A.;6477,165936;nationale_nederlanden_fixed_structure.csv
4Q24;Nationale-Nederlanden;NN DFE Nasze Jutro 2060;AB S.A.;5840,78791;nationale_nederlanden_fixed_structure.csv
4Q24;Nationale-Nederlanden;NN DFE Nasze Jutro 2060;ASML Holding N.V.;9,987907789;nationale_nederlanden_fixed_structure.csv
4Q24;Nationale-Nederlanden;NN DFE Nasze Jutro 2060;AT&T Inc.;3022,897653;nationale_nederlanden_fixed_structure.csv
4Q24;Nationale-Nederlanden;NN DFE Nasze Jutro 2060;Adobe Inc.;746,0515278;nationale_nederlanden_fixed_structure.csv
4Q24;Nationale-Nederlanden;NN DFE Nasze Jutro 2060;Advanced Micro Devices Inc.;472,2347635;nationale_nederlanden_fixed_structure.csv
4Q24;Nationale-Nederlanden;NN DFE Nasze Jutro 2060;Alior Bank S.A.;27358,72726;nationale_nederlanden_fixed_structure.csv
4Q24;Nationale-Nederlanden;NN DFE Nasze Jutro 2060;Allegro.eu S.A.;67180,71086;nationale_nederlanden_fixed_structure.csv
4Q24;Nationale-Nederlanden;NN DFE Nasze Jutro 2060;Alphabet Inc.;545,9411928;nationale_nederlanden_fixed_structure.csv
4Q24;Nationale-Nederlanden;NN DFE Nasze Jutro 2060;Amazon.com Inc.;1117,093115;nationale_nederlanden_fixed_structure.csv
4Q24;Nationale-Nederlanden;NN DFE Nasze Jutro 2060;Apple Inc.;77,38300847;nationale_nederlanden_fixed_structure.csv
4Q24;Nationale-Nederlanden;NN DFE Nasze Jutro 2060;Applied Materials Inc.;529,7759422;nationale_nederlanden_fixed_structure.csv
4Q24;Nationale-Nederlanden;NN DFE Nasze Jutro 2060;Arcelormittal SA;1838,773877;nationale_nederlanden_fixed_structure.csv
4Q24;Nationale-Nederlanden;NN DFE Nasze Jutro 2060;Asseco Poland S.A.;846,579106;nationale_nederlanden_fixed_structure.csv
4Q24;Nationale-Nederlanden;NN DFE Nasze Jutro 2060;Atal S.A.;#VALUE!;nationale_nederlanden_fixed_structure.csv
4Q24;Nationale-Nederlanden;NN DFE Nasze Jutro 2060;Axsome Therapeutics Inc.;1466,308709;nationale_nederlanden_fixed_structure.csv
4Q24;Nationale-Nederlanden;NN DFE Nasze Jutro 2060;BNP Paribas Bank Polska S.A.;#VALUE!;nationale_nederlanden_fixed_structure.csv
4Q24;Nationale-Nederlanden;NN DFE Nasze Jutro 2060;BNP Paribas SA;94,8851245;nationale_nederlanden_fixed_structure.csv
4Q24;Nationale-Nederlanden;NN DFE Nasze Jutro 2060;Banco Bilbao Vizcaya Argentaria S.A.;2625,443103;nationale_nederlanden_fixed_structure.csv
4Q24;Nationale-Nederlanden;NN DFE Nasze Jutro 2060;Banco Santander S.A.;2731,910611;nationale_nederlanden_fixed_structure.csv
4Q24;Nationale-Nederlanden;NN DFE Nasze Jutro 2060;Bank Millennium S.A.;107421,8899;nationale_nederlanden_fixed_structure.csv
4Q24;Nationale-Nederlanden;NN DFE Nasze Jutro 2060;Bank Pekao S.A.;21123,96672;nationale_nederlanden_fixed_structure.csv
4Q24;Nationale-Nederlanden;NN DFE Nasze Jutro 2060;Bank of America Corp.;6341,437997;nationale_nederlanden_fixed_structure.csv
4Q24;Nationale-Nederlanden;NN DFE Nasze Jutro 2060;Benefit Systems S.A.;937,3355268;nationale_nederlanden_fixed_structure.csv
4Q24;Nationale-Nederlanden;NN DFE Nasze Jutro 2060;Berkshire Hathaway Inc.;0,065381768;nationale_nederlanden_fixed_structure.csv
4Q24;Nationale-Nederlanden;NN DFE Nasze Jutro 2060;Broadcom Inc.;1555,596805;nationale_nederlanden_fixed_structure.csv
4Q24;Nationale-Nederlanden;NN DFE Nasze Jutro 2060;Budimex S.A.;2566,904201;nationale_nederlanden_fixed_structure.csv
4Q24;Nationale-Nederlanden;NN DFE Nasze Jutro 2060;CCC S.A.;21927,61872;nationale_nederlanden_fixed_structure.csv
4Q24;Nationale-Nederlanden;NN DFE Nasze Jutro 2060;CD Projekt S.A.;18420,49574;nationale_nederlanden_fixed_structure.csv
4Q24;Nationale-Nederlanden;NN DFE Nasze Jutro 2060;Captor Therapeutics S.A.;1335,176359;nationale_nederlanden_fixed_structure.csv
4Q24;Nationale-Nederlanden;NN DFE Nasze Jutro 2060;Coca-Cola Company;243,0619823;nationale_nederlanden_fixed_structure.csv
4Q24;Nationale-Nederlanden;NN DFE Nasze Jutro 2060;Compremum S.A.;118103,7154;nationale_nederlanden_fixed_structure.csv
4Q24;Nationale-Nederlanden;NN DFE Nasze Jutro 2060;CrowdStrike Holdings Inc.;405,7647285;nationale_nederlanden_fixed_structure.csv
4Q24;Nationale-Nederlanden;NN DFE Nasze Jutro 2060;Cyfrowy Polsat S.A.;20998,44201;nationale_nederlanden_fixed_structure.csv
4Q24;Nationale-Nederlanden;NN DFE Nasze Jutro 2060;DataWalk S.A.;8059,286396;nationale_nederlanden_fixed_structure.csv
4Q24;Nationale-Nederlanden;NN DFE Nasze Jutro 2060;Deutsche Post AG;26,97853531;nationale_nederlanden_fixed_structure.csv
4Q24;Nationale-Nederlanden;NN DFE Nasze Jutro 2060;Dino Polska S.A.;88077,33684;nationale_nederlanden_fixed_structure.csv
4Q24;Nationale-Nederlanden;NN DFE Nasze Jutro 2060;Eaton Corporation Plc;177,5840741;nationale_nederlanden_fixed_structure.csv
4Q24;Nationale-Nederlanden;NN DFE Nasze Jutro 2060;Grenergy Renovables S.A.;2841,316059;nationale_nederlanden_fixed_structure.csv
4Q24;Nationale-Nederlanden;NN DFE Nasze Jutro 2060;Grupa Kęty S.A.;2241,865026;nationale_nederlanden_fixed_structure.csv
4Q24;Nationale-Nederlanden;NN DFE Nasze Jutro 2060;Grupa Pracuj S.A.;161085,8643;nationale_nederlanden_fixed_structure.csv
4Q24;Nationale-Nederlanden;NN DFE Nasze Jutro 2060;ING Bank Śląski S.A.;5938,522195;nationale_nederlanden_fixed_structure.csv
4Q24;Nationale-Nederlanden;NN DFE Nasze Jutro 2060;InPost S.A.;21371,12703;nationale_nederlanden_fixed_structure.csv
4Q24;Nationale-Nederlanden;NN DFE Nasze Jutro 2060;Inter Cars S.A.;689,1077735;nationale_nederlanden_fixed_structure.csv
4Q24;Nationale-Nederlanden;NN DFE Nasze Jutro 2060;Intra-Celluar Therapies Inc.;#VALUE!;nationale_nederlanden_fixed_structure.csv
4Q24;Nationale-Nederlanden;NN DFE Nasze Jutro 2060;JP Morgan Chase & Co.;729,1859995;nationale_nederlanden_fixed_structure.csv
4Q24;Nationale-Nederlanden;NN DFE Nasze Jutro 2060;Janux Therapeutics Inc.;2300,6562;nationale_nederlanden_fixed_structure.csv
4Q24;Nationale-Nederlanden;NN DFE Nasze Jutro 2060;KGHM Polska Miedź S.A.;21013,47122;nationale_nederlanden_fixed_structure.csv
4Q24;Nationale-Nederlanden;NN DFE Nasze Jutro 2060;Kruk S.A.;4387,144036;nationale_nederlanden_fixed_structure.csv
4Q24;Nationale-Nederlanden;NN DFE Nasze Jutro 2060;LPP S.A.;354,6594;nationale_nederlanden_fixed_structure.csv
4Q24;Nationale-Nederlanden;NN DFE Nasze Jutro 2060;LVMH S.A.;6,991535509;nationale_nederlanden_fixed_structure.csv
4Q24;Nationale-Nederlanden;NN DFE Nasze Jutro 2060;Linde Plc;643,8662688;nationale_nederlanden_fixed_structure.csv
4Q24;Nationale-Nederlanden;NN DFE Nasze Jutro 2060;Marvell Technology Inc.;2101,246207;nationale_nederlanden_fixed_structure.csv
4Q24;Nationale-Nederlanden;NN DFE Nasze Jutro 2060;Mercadolibre Inc.;59,52538741;nationale_nederlanden_fixed_structure.csv
4Q24;Nationale-Nederlanden;NN DFE Nasze Jutro 2060;Meta Platforms Inc.;526,7996733;nationale_nederlanden_fixed_structure.csv
4Q24;Nationale-Nederlanden;NN DFE Nasze Jutro 2060;Microsoft Corporation;26,78642639;nationale_nederlanden_fixed_structure.csv
4Q24;Nationale-Nederlanden;NN DFE Nasze Jutro 2060;Mirbud S.A.;71399,93013;nationale_nederlanden_fixed_structure.csv
4Q24;Nationale-Nederlanden;NN DFE Nasze Jutro 2060;Nvidia Corporation;2561,575845;nationale_nederlanden_fixed_structure.csv
4Q24;Nationale-Nederlanden;NN DFE Nasze Jutro 2060;Orange Polska S.A.;100835,7345;nationale_nederlanden_fixed_structure.csv
4Q24;Nationale-Nederlanden;NN DFE Nasze Jutro 2060;Orlen S.A.;38437,26102;nationale_nederlanden_fixed_structure.csv
4Q24;Nationale-Nederlanden;NN DFE Nasze Jutro 2060;PGE Polska Grupa Energetyczna S.A.;138918,7875;nationale_nederlanden_fixed_structure.csv
4Q24;Nationale-Nederlanden;NN DFE Nasze Jutro 2060;PKO Bank Polski S.A.;61973,98461;nationale_nederlanden_fixed_structure.csv
4Q24;Nationale-Nederlanden;NN DFE Nasze Jutro 2060;PKP Cargo S.A.;52857,89078;nationale_nederlanden_fixed_structure.csv
4Q24;Nationale-Nederlanden;NN DFE Nasze Jutro 2060;Pepco Group N.V.;31208,55847;nationale_nederlanden_fixed_structure.csv
4Q24;Nationale-Nederlanden;NN DFE Nasze Jutro 2060;PepsiCo Inc.;18,84970455;nationale_nederlanden_fixed_structure.csv
4Q24;Nationale-Nederlanden;NN DFE Nasze Jutro 2060;Powszechny Zakład Ubezpieczeń S.A.;86971,38525;nationale_nederlanden_fixed_structure.csv
4Q24;Nationale-Nederlanden;NN DFE Nasze Jutro 2060;Procter & Gamble Co;125,9953968;nationale_nederlanden_fixed_structure.csv
4Q24;Nationale-Nederlanden;NN DFE Nasze Jutro 2060;Rainbow Tours S.A.;8551,125862;nationale_nederlanden_fixed_structure.csv
4Q24;Nationale-Nederlanden;NN DFE Nasze Jutro 2060;Render Cube S.A.;2541,560879;nationale_nederlanden_fixed_structure.csv
4Q24;Nationale-Nederlanden;NN DFE Nasze Jutro 2060;SAP SE;535,5734224;nationale_nederlanden_fixed_structure.csv
4Q24;Nationale-Nederlanden;NN DFE Nasze Jutro 2060;Salesforce Inc.;560,5307332;nationale_nederlanden_fixed_structure.csv
4Q24;Nationale-Nederlanden;NN DFE Nasze Jutro 2060;Santander Bank Polska S.A.;5524,292264;nationale_nederlanden_fixed_structure.csv
4Q24;Nationale-Nederlanden;NN DFE Nasze Jutro 2060;Schneider Electric SE;670,1886312;nationale_nederlanden_fixed_structure.csv
4Q24;Nationale-Nederlanden;NN DFE Nasze Jutro 2060;Scholar Rock Holding Corp.;3141,948393;nationale_nederlanden_fixed_structure.csv
4Q24;Nationale-Nederlanden;NN DFE Nasze Jutro 2060;Selvita S.A.;149,1721212;nationale_nederlanden_fixed_structure.csv
4Q24;Nationale-Nederlanden;NN DFE Nasze Jutro 2060;SentinelOne Inc.;3271,912155;nationale_nederlanden_fixed_structure.csv
4Q24;Nationale-Nederlanden;NN DFE Nasze Jutro 2060;ServiceNow Inc.;1180,586848;nationale_nederlanden_fixed_structure.csv
4Q24;Nationale-Nederlanden;NN DFE Nasze Jutro 2060;Shoper S.A.;20054,04887;nationale_nederlanden_fixed_structure.csv
4Q24;Nationale-Nederlanden;NN DFE Nasze Jutro 2060;Tarsus Pharmaceuticals Inc.;2575,465103;nationale_nederlanden_fixed_structure.csv
4Q24;Nationale-Nederlanden;NN DFE Nasze Jutro 2060;Tesla Inc.;313,5003749;nationale_nederlanden_fixed_structure.csv
4Q24;Nationale-Nederlanden;NN DFE Nasze Jutro 2060;Text S.A.;4377,684802;nationale_nederlanden_fixed_structure.csv
4Q24;Nationale-Nederlanden;NN DFE Nasze Jutro 2060;Torpol S.A.;20819,00185;nationale_nederlanden_fixed_structure.csv
4Q24;Nationale-Nederlanden;NN DFE Nasze Jutro 2060;Unimot S.A.;1189,117758;nationale_nederlanden_fixed_structure.csv
4Q24;Nationale-Nederlanden;NN DFE Nasze Jutro 2060;Varonis Systems Inc.;1435,553882;nationale_nederlanden_fixed_structure.csv
4Q24;Nationale-Nederlanden;NN DFE Nasze Jutro 2060;Vercom S.A.;3938,452314;nationale_nederlanden_fixed_structure.csv
4Q24;Nationale-Nederlanden;NN DFE Nasze Jutro 2060;Vertiv Holdings Co.;2204,423519;nationale_nederlanden_fixed_structure.csv
4Q24;Nationale-Nederlanden;NN DFE Nasze Jutro 2060;Vinci SA;1087,683213;nationale_nederlanden_fixed_structure.csv
4Q24;Nationale-Nederlanden;NN DFE Nasze Jutro 2060;Visa Inc.;223,2202031;nationale_nederlanden_fixed_structure.csv
4Q24;Nationale-Nederlanden;NN DFE Nasze Jutro 2060;Walmart Inc.;1881,994346;nationale_nederlanden_fixed_structure.csv
4Q24;Nationale-Nederlanden;NN DFE Nasze Jutro 2060;Wells Fargo & Co;4600,32037;nationale_nederlanden_fixed_structure.csv
4Q24;Nationale-Nederlanden;NN DFE Nasze Jutro 2060;XTB S.A.;25761,76804;nationale_nederlanden_fixed_structure.csv
4Q24;Nationale-Nederlanden;NN DFE Nasze Jutro 2060;Yara International ASA;782,3637889;nationale_nederlanden_fixed_structure.csv
4Q24;Nationale-Nederlanden;NN DFE Nasze Jutro 2060;Zabka Group SA;93376,78338;nationale_nederlanden_fixed_structure.csv
4Q24;Nationale-Nederlanden;NN DFE Nasze Jutro 2060;mBank S.A.;2956,291283;nationale_nederlanden_fixed_structure.csv
4Q24;Nationale-Nederlanden;NN DFE Nasze Jutro 2065;AB S.A.;525,9716189;nationale_nederlanden_fixed_structure.csv
4Q24;Nationale-Nederlanden;NN DFE Nasze Jutro 2065;ASML Holding N.V.;0,998792501;nationale_nederlanden_fixed_structure.csv
4Q24;Nationale-Nederlanden;NN DFE Nasze Jutro 2065;AT&T Inc.;328,3817086;nationale_nederlanden_fixed_structure.csv
4Q24;Nationale-Nederlanden;NN DFE Nasze Jutro 2065;Adobe Inc.;88,29598416;nationale_nederlanden_fixed_structure.csv
4Q24;Nationale-Nederlanden;NN DFE Nasze Jutro 2065;Advanced Micro Devices Inc.;53,57286252;nationale_nederlanden_fixed_structure.csv
4Q24;Nationale-Nederlanden;NN DFE Nasze Jutro 2065;Alior Bank S.A.;3298,846941;nationale_nederlanden_fixed_structure.csv
4Q24;Nationale-Nederlanden;NN DFE Nasze Jutro 2065;Allegro.eu S.A.;8009,567578;nationale_nederlanden_fixed_structure.csv
4Q24;Nationale-Nederlanden;NN DFE Nasze Jutro 2065;Alphabet Inc.;60,88193241;nationale_nederlanden_fixed_structure.csv
4Q24;Nationale-Nederlanden;NN DFE Nasze Jutro 2065;Amazon.com Inc.;129,9637552;nationale_nederlanden_fixed_structure.csv
4Q24;Nationale-Nederlanden;NN DFE Nasze Jutro 2065;Apple Inc.;7,936718322;nationale_nederlanden_fixed_structure.csv
4Q24;Nationale-Nederlanden;NN DFE Nasze Jutro 2065;Applied Materials Inc.;60,51748114;nationale_nederlanden_fixed_structure.csv
4Q24;Nationale-Nederlanden;NN DFE Nasze Jutro 2065;Arcelormittal SA;215,7387923;nationale_nederlanden_fixed_structure.csv
4Q24;Nationale-Nederlanden;NN DFE Nasze Jutro 2065;Asseco Poland S.A.;100,9497921;nationale_nederlanden_fixed_structure.csv
4Q24;Nationale-Nederlanden;NN DFE Nasze Jutro 2065;Atal S.A.;#VALUE!;nationale_nederlanden_fixed_structure.csv
4Q24;Nationale-Nederlanden;NN DFE Nasze Jutro 2065;Axsome Therapeutics Inc.;176,5919814;nationale_nederlanden_fixed_structure.csv
4Q24;Nationale-Nederlanden;NN DFE Nasze Jutro 2065;BNP Paribas Bank Polska S.A.;#VALUE!;nationale_nederlanden_fixed_structure.csv
4Q24;Nationale-Nederlanden;NN DFE Nasze Jutro 2065;BNP Paribas SA;36,95525528;nationale_nederlanden_fixed_structure.csv
4Q24;Nationale-Nederlanden;NN DFE Nasze Jutro 2065;Banco Bilbao Vizcaya Argentaria S.A.;248,1909506;nationale_nederlanden_fixed_structure.csv
4Q24;Nationale-Nederlanden;NN DFE Nasze Jutro 2065;Banco Santander S.A.;690,4270359;nationale_nederlanden_fixed_structure.csv
4Q24;Nationale-Nederlanden;NN DFE Nasze Jutro 2065;Bank Millennium S.A.;12969,12135;nationale_nederlanden_fixed_structure.csv
4Q24;Nationale-Nederlanden;NN DFE Nasze Jutro 2065;Bank Pekao S.A.;2547,563959;nationale_nederlanden_fixed_structure.csv
4Q24;Nationale-Nederlanden;NN DFE Nasze Jutro 2065;Bank of America Corp.;764,9011898;nationale_nederlanden_fixed_structure.csv
4Q24;Nationale-Nederlanden;NN DFE Nasze Jutro 2065;Benefit Systems S.A.;112,7621554;nationale_nederlanden_fixed_structure.csv
4Q24;Nationale-Nederlanden;NN DFE Nasze Jutro 2065;Berkshire Hathaway Inc.;0,007925061;nationale_nederlanden_fixed_structure.csv
4Q24;Nationale-Nederlanden;NN DFE Nasze Jutro 2065;Broadcom Inc.;186,5128864;nationale_nederlanden_fixed_structure.csv
4Q24;Nationale-Nederlanden;NN DFE Nasze Jutro 2065;Budimex S.A.;301,7521646;nationale_nederlanden_fixed_structure.csv
4Q24;Nationale-Nederlanden;NN DFE Nasze Jutro 2065;CCC S.A.;2479,933406;nationale_nederlanden_fixed_structure.csv
4Q24;Nationale-Nederlanden;NN DFE Nasze Jutro 2065;CD Projekt S.A.;2221,053487;nationale_nederlanden_fixed_structure.csv
4Q24;Nationale-Nederlanden;NN DFE Nasze Jutro 2065;Captor Therapeutics S.A.;139,3917258;nationale_nederlanden_fixed_structure.csv
4Q24;Nationale-Nederlanden;NN DFE Nasze Jutro 2065;Coca-Cola Company;27,77851448;nationale_nederlanden_fixed_structure.csv
4Q24;Nationale-Nederlanden;NN DFE Nasze Jutro 2065;CrowdStrike Holdings Inc.;49,60448999;nationale_nederlanden_fixed_structure.csv
4Q24;Nationale-Nederlanden;NN DFE Nasze Jutro 2065;Cyfrowy Polsat S.A.;2511,908769;nationale_nederlanden_fixed_structure.csv
4Q24;Nationale-Nederlanden;NN DFE Nasze Jutro 2065;DataWalk S.A.;990,9519435;nationale_nederlanden_fixed_structure.csv
4Q24;Nationale-Nederlanden;NN DFE Nasze Jutro 2065;Deutsche Post AG;1,998387084;nationale_nederlanden_fixed_structure.csv
4Q24;Nationale-Nederlanden;NN DFE Nasze Jutro 2065;Dino Polska S.A.;10624,11211;nationale_nederlanden_fixed_structure.csv
4Q24;Nationale-Nederlanden;NN DFE Nasze Jutro 2065;Eaton Corporation Plc;20,83388559;nationale_nederlanden_fixed_structure.csv
4Q24;Nationale-Nederlanden;NN DFE Nasze Jutro 2065;Grenergy Renovables S.A.;332,766447;nationale_nederlanden_fixed_structure.csv
4Q24;Nationale-Nederlanden;NN DFE Nasze Jutro 2065;Grupa Kęty S.A.;270,7081758;nationale_nederlanden_fixed_structure.csv
4Q24;Nationale-Nederlanden;NN DFE Nasze Jutro 2065;Grupa Pracuj S.A.;18615,1;nationale_nederlanden_fixed_structure.csv
4Q24;Nationale-Nederlanden;NN DFE Nasze Jutro 2065;ING Bank Śląski S.A.;736,5377226;nationale_nederlanden_fixed_structure.csv
4Q24;Nationale-Nederlanden;NN DFE Nasze Jutro 2065;InPost S.A.;2576,879967;nationale_nederlanden_fixed_structure.csv
4Q24;Nationale-Nederlanden;NN DFE Nasze Jutro 2065;Inter Cars S.A.;82,77270633;nationale_nederlanden_fixed_structure.csv
4Q24;Nationale-Nederlanden;NN DFE Nasze Jutro 2065;Intra-Celluar Therapies Inc.;#VALUE!;nationale_nederlanden_fixed_structure.csv
4Q24;Nationale-Nederlanden;NN DFE Nasze Jutro 2065;JP Morgan Chase & Co.;86,31181943;nationale_nederlanden_fixed_structure.csv
4Q24;Nationale-Nederlanden;NN DFE Nasze Jutro 2065;Janux Therapeutics Inc.;277,7850997;nationale_nederlanden_fixed_structure.csv
4Q24;Nationale-Nederlanden;NN DFE Nasze Jutro 2065;KGHM Polska Miedź S.A.;2534,338696;nationale_nederlanden_fixed_structure.csv
4Q24;Nationale-Nederlanden;NN DFE Nasze Jutro 2065;Kruk S.A.;528,9820346;nationale_nederlanden_fixed_structure.csv
4Q24;Nationale-Nederlanden;NN DFE Nasze Jutro 2065;LPP S.A.;42,19743859;nationale_nederlanden_fixed_structure.csv
4Q24;Nationale-Nederlanden;NN DFE Nasze Jutro 2065;Linde Plc;77,38300769;nationale_nederlanden_fixed_structure.csv
4Q24;Nationale-Nederlanden;NN DFE Nasze Jutro 2065;Marvell Technology Inc.;251,9907964;nationale_nederlanden_fixed_structure.csv
4Q24;Nationale-Nederlanden;NN DFE Nasze Jutro 2065;Mercadolibre Inc.;6,944628318;nationale_nederlanden_fixed_structure.csv
4Q24;Nationale-Nederlanden;NN DFE Nasze Jutro 2065;Meta Platforms Inc.;63,49375047;nationale_nederlanden_fixed_structure.csv
4Q24;Nationale-Nederlanden;NN DFE Nasze Jutro 2065;Microsoft Corporation;2,976270875;nationale_nederlanden_fixed_structure.csv
4Q24;Nationale-Nederlanden;NN DFE Nasze Jutro 2065;Mirbud S.A.;8507,130471;nationale_nederlanden_fixed_structure.csv
4Q24;Nationale-Nederlanden;NN DFE Nasze Jutro 2065;Nvidia Corporation;302,587378;nationale_nederlanden_fixed_structure.csv
4Q24;Nationale-Nederlanden;NN DFE Nasze Jutro 2065;Orange Polska S.A.;11641,48384;nationale_nederlanden_fixed_structure.csv
4Q24;Nationale-Nederlanden;NN DFE Nasze Jutro 2065;Orlen S.A.;4635,233898;nationale_nederlanden_fixed_structure.csv
4Q24;Nationale-Nederlanden;NN DFE Nasze Jutro 2065;PGE Polska Grupa Energetyczna S.A.;16615,97035;nationale_nederlanden_fixed_structure.csv
4Q24;Nationale-Nederlanden;NN DFE Nasze Jutro 2065;PKO Bank Polski S.A.;7473,274431;nationale_nederlanden_fixed_structure.csv
4Q24;Nationale-Nederlanden;NN DFE Nasze Jutro 2065;PKP Cargo S.A.;6422,561702;nationale_nederlanden_fixed_structure.csv
4Q24;Nationale-Nederlanden;NN DFE Nasze Jutro 2065;Pepco Group N.V.;3763,36419;nationale_nederlanden_fixed_structure.csv
4Q24;Nationale-Nederlanden;NN DFE Nasze Jutro 2065;PepsiCo Inc.;1,98418445;nationale_nederlanden_fixed_structure.csv
4Q24;Nationale-Nederlanden;NN DFE Nasze Jutro 2065;Powszechny Zakład Ubezpieczeń S.A.;10487,36671;nationale_nederlanden_fixed_structure.csv
4Q24;Nationale-Nederlanden;NN DFE Nasze Jutro 2065;Procter & Gamble Co;14,88134302;nationale_nederlanden_fixed_structure.csv
4Q24;Nationale-Nederlanden;NN DFE Nasze Jutro 2065;Rainbow Tours S.A.;1023,443478;nationale_nederlanden_fixed_structure.csv
4Q24;Nationale-Nederlanden;NN DFE Nasze Jutro 2065;Render Cube S.A.;266,4782418;nationale_nederlanden_fixed_structure.csv
4Q24;Nationale-Nederlanden;NN DFE Nasze Jutro 2065;SAP SE;62,94986703;nationale_nederlanden_fixed_structure.csv
4Q24;Nationale-Nederlanden;NN DFE Nasze Jutro 2065;Salesforce Inc.;64,48584187;nationale_nederlanden_fixed_structure.csv
4Q24;Nationale-Nederlanden;NN DFE Nasze Jutro 2065;Santander Bank Polska S.A.;666,3621066;nationale_nederlanden_fixed_structure.csv
4Q24;Nationale-Nederlanden;NN DFE Nasze Jutro 2065;Schneider Electric SE;77,90567897;nationale_nederlanden_fixed_structure.csv
4Q24;Nationale-Nederlanden;NN DFE Nasze Jutro 2065;Scholar Rock Holding Corp.;378,9783235;nationale_nederlanden_fixed_structure.csv
4Q24;Nationale-Nederlanden;NN DFE Nasze Jutro 2065;Selvita S.A.;8,832525253;nationale_nederlanden_fixed_structure.csv
4Q24;Nationale-Nederlanden;NN DFE Nasze Jutro 2065;SentinelOne Inc.;361,1207182;nationale_nederlanden_fixed_structure.csv
4Q24;Nationale-Nederlanden;NN DFE Nasze Jutro 2065;ServiceNow Inc.;143,8530199;nationale_nederlanden_fixed_structure.csv
4Q24;Nationale-Nederlanden;NN DFE Nasze Jutro 2065;Shoper S.A.;2357,19194;nationale_nederlanden_fixed_structure.csv
4Q24;Nationale-Nederlanden;NN DFE Nasze Jutro 2065;Tarsus Pharmaceuticals Inc.;310,5241144;nationale_nederlanden_fixed_structure.csv
4Q24;Nationale-Nederlanden;NN DFE Nasze Jutro 2065;Tesla Inc.;37,69941391;nationale_nederlanden_fixed_structure.csv
4Q24;Nationale-Nederlanden;NN DFE Nasze Jutro 2065;Text S.A.;543,5617021;nationale_nederlanden_fixed_structure.csv
4Q24;Nationale-Nederlanden;NN DFE Nasze Jutro 2065;Torpol S.A.;2459,401235;nationale_nederlanden_fixed_structure.csv
4Q24;Nationale-Nederlanden;NN DFE Nasze Jutro 2065;Unimot S.A.;140,541156;nationale_nederlanden_fixed_structure.csv
4Q24;Nationale-Nederlanden;NN DFE Nasze Jutro 2065;Varonis Systems Inc.;162,702749;nationale_nederlanden_fixed_structure.csv
4Q24;Nationale-Nederlanden;NN DFE Nasze Jutro 2065;Vercom S.A.;470,4875294;nationale_nederlanden_fixed_structure.csv
4Q24;Nationale-Nederlanden;NN DFE Nasze Jutro 2065;Vertiv Holdings Co.;265,8800542;nationale_nederlanden_fixed_structure.csv
4Q24;Nationale-Nederlanden;NN DFE Nasze Jutro 2065;Vinci SA;129,8427996;nationale_nederlanden_fixed_structure.csv
4Q24;Nationale-Nederlanden;NN DFE Nasze Jutro 2065;Visa Inc.;24,80224394;nationale_nederlanden_fixed_structure.csv
4Q24;Nationale-Nederlanden;NN DFE Nasze Jutro 2065;Walmart Inc.;222,2280976;nationale_nederlanden_fixed_structure.csv
4Q24;Nationale-Nederlanden;NN DFE Nasze Jutro 2065;Wells Fargo & Co;543,6652009;nationale_nederlanden_fixed_structure.csv
4Q24;Nationale-Nederlanden;NN DFE Nasze Jutro 2065;XTB S.A.;3147,139205;nationale_nederlanden_fixed_structure.csv
4Q24;Nationale-Nederlanden;NN DFE Nasze Jutro 2065;Yara International ASA;91,92522018;nationale_nederlanden_fixed_structure.csv
4Q24;Nationale-Nederlanden;NN DFE Nasze Jutro 2065;Zabka Group SA;11168,9174;nationale_nederlanden_fixed_structure.csv
4Q24;Nationale-Nederlanden;NN DFE Nasze Jutro 2065;mBank S.A.;348,9788012;nationale_nederlanden_fixed_structure.csv
4Q25;Nationale-Nederlanden;NN DFE Nasze Jutro 2030;ASML Holding N.V.;326,5605997;nationale_nederlanden_fixed_structure.csv
4Q25;Nationale-Nederlanden;NN DFE Nasze Jutro 2030;Advanced Micro Devices Inc.;802,403578;nationale_nederlanden_fixed_structure.csv
4Q25;Nationale-Nederlanden;NN DFE Nasze Jutro 2030;Agnico Eagle Mines Ltd;832,9624851;nationale_nederlanden_fixed_structure.csv
4Q25;Nationale-Nederlanden;NN DFE Nasze Jutro 2030;Alior Bank S.A.;32951,01041;nationale_nederlanden_fixed_structure.csv
4Q25;Nationale-Nederlanden;NN DFE Nasze Jutro 2030;Allegro.eu S.A.;102541,6425;nationale_nederlanden_fixed_structure.csv
4Q25;Nationale-Nederlanden;NN DFE Nasze Jutro 2030;Allianz SE;384,3587249;nationale_nederlanden_fixed_structure.csv
4Q25;Nationale-Nederlanden;NN DFE Nasze Jutro 2030;Alphabet Inc.;2230,578456;nationale_nederlanden_fixed_structure.csv
4Q25;Nationale-Nederlanden;NN DFE Nasze Jutro 2030;Amazon.com Inc.;1208,113256;nationale_nederlanden_fixed_structure.csv
4Q25;Nationale-Nederlanden;NN DFE Nasze Jutro 2030;Apple Inc.;85,14894143;nationale_nederlanden_fixed_structure.csv
4Q25;Nationale-Nederlanden;NN DFE Nasze Jutro 2030;Applied Materials Inc.;29,05081598;nationale_nederlanden_fixed_structure.csv
4Q25;Nationale-Nederlanden;NN DFE Nasze Jutro 2030;Asseco Poland S.A.;12897,5232;nationale_nederlanden_fixed_structure.csv
4Q25;Nationale-Nederlanden;NN DFE Nasze Jutro 2030;BNP Paribas Bank Polska S.A.;#VALUE!;nationale_nederlanden_fixed_structure.csv
4Q25;Nationale-Nederlanden;NN DFE Nasze Jutro 2030;BNP Paribas SA;87,14959951;nationale_nederlanden_fixed_structure.csv
4Q25;Nationale-Nederlanden;NN DFE Nasze Jutro 2030;Banco Bilbao Vizcaya Argentaria S.A.;5937,73792;nationale_nederlanden_fixed_structure.csv
4Q25;Nationale-Nederlanden;NN DFE Nasze Jutro 2030;Banco Comercial Portugues S.A.;159902,4993;nationale_nederlanden_fixed_structure.csv
4Q25;Nationale-Nederlanden;NN DFE Nasze Jutro 2030;Banco Santander S.A.;22018,17986;nationale_nederlanden_fixed_structure.csv
4Q25;Nationale-Nederlanden;NN DFE Nasze Jutro 2030;Bank Millennium S.A.;125225,9735;nationale_nederlanden_fixed_structure.csv
4Q25;Nationale-Nederlanden;NN DFE Nasze Jutro 2030;Bank Pekao S.A.;25589,34169;nationale_nederlanden_fixed_structure.csv
4Q25;Nationale-Nederlanden;NN DFE Nasze Jutro 2030;Bank of America Corp.;1696,968365;nationale_nederlanden_fixed_structure.csv
4Q25;Nationale-Nederlanden;NN DFE Nasze Jutro 2030;Benefit Systems S.A.;1183,865846;nationale_nederlanden_fixed_structure.csv
4Q25;Nationale-Nederlanden;NN DFE Nasze Jutro 2030;Berkshire Hathaway Inc.;0,164107804;nationale_nederlanden_fixed_structure.csv
4Q25;Nationale-Nederlanden;NN DFE Nasze Jutro 2030;Broadcom Inc.;1242,172835;nationale_nederlanden_fixed_structure.csv
4Q25;Nationale-Nederlanden;NN DFE Nasze Jutro 2030;Budimex S.A.;2264,146378;nationale_nederlanden_fixed_structure.csv
4Q25;Nationale-Nederlanden;NN DFE Nasze Jutro 2030;CCC S.A.;3953,337625;nationale_nederlanden_fixed_structure.csv
4Q25;Nationale-Nederlanden;NN DFE Nasze Jutro 2030;CD Projekt S.A.;13987,26207;nationale_nederlanden_fixed_structure.csv
4Q25;Nationale-Nederlanden;NN DFE Nasze Jutro 2030;CaixaBank SA;27503,74956;nationale_nederlanden_fixed_structure.csv
4Q25;Nationale-Nederlanden;NN DFE Nasze Jutro 2030;Caterpillar Inc.;270,4731178;nationale_nederlanden_fixed_structure.csv
4Q25;Nationale-Nederlanden;NN DFE Nasze Jutro 2030;Coca-Cola Company;211,3697422;nationale_nederlanden_fixed_structure.csv
4Q25;Nationale-Nederlanden;NN DFE Nasze Jutro 2030;CrowdStrike Holdings Inc.;538,9427328;nationale_nederlanden_fixed_structure.csv
4Q25;Nationale-Nederlanden;NN DFE Nasze Jutro 2030;Cyber_Folks S.A.;8225,690728;nationale_nederlanden_fixed_structure.csv
4Q25;Nationale-Nederlanden;NN DFE Nasze Jutro 2030;DataWalk S.A.;13893,81649;nationale_nederlanden_fixed_structure.csv
4Q25;Nationale-Nederlanden;NN DFE Nasze Jutro 2030;Deutsche Post AG;37,03458194;nationale_nederlanden_fixed_structure.csv
4Q25;Nationale-Nederlanden;NN DFE Nasze Jutro 2030;Diagnostyka S.A.;6859,828713;nationale_nederlanden_fixed_structure.csv
4Q25;Nationale-Nederlanden;NN DFE Nasze Jutro 2030;Dino Polska S.A.;86991,35913;nationale_nederlanden_fixed_structure.csv
4Q25;Nationale-Nederlanden;NN DFE Nasze Jutro 2030;Erste Group Bank AG;781,7295856;nationale_nederlanden_fixed_structure.csv
4Q25;Nationale-Nederlanden;NN DFE Nasze Jutro 2030;GE Vernova Inc.;137,2400649;nationale_nederlanden_fixed_structure.csv
4Q25;Nationale-Nederlanden;NN DFE Nasze Jutro 2030;General Electric Co.;550,9637615;nationale_nederlanden_fixed_structure.csv
4Q25;Nationale-Nederlanden;NN DFE Nasze Jutro 2030;Grenergy Renovables S.A.;2991,013987;nationale_nederlanden_fixed_structure.csv
4Q25;Nationale-Nederlanden;NN DFE Nasze Jutro 2030;Grupa Kęty S.A.;2474,231604;nationale_nederlanden_fixed_structure.csv
4Q25;Nationale-Nederlanden;NN DFE Nasze Jutro 2030;Grupa Pracuj S.A.;199553,6182;nationale_nederlanden_fixed_structure.csv
4Q25;Nationale-Nederlanden;NN DFE Nasze Jutro 2030;ING Bank Śląski S.A.;9231,221171;nationale_nederlanden_fixed_structure.csv
4Q25;Nationale-Nederlanden;NN DFE Nasze Jutro 2030;ING Groep N.V.;2454,213074;nationale_nederlanden_fixed_structure.csv
4Q25;Nationale-Nederlanden;NN DFE Nasze Jutro 2030;InPost S.A.;10682,33808;nationale_nederlanden_fixed_structure.csv
4Q25;Nationale-Nederlanden;NN DFE Nasze Jutro 2030;Intel Corp.;177,3101543;nationale_nederlanden_fixed_structure.csv
4Q25;Nationale-Nederlanden;NN DFE Nasze Jutro 2030;JP Morgan Chase & Co.;715,2511316;nationale_nederlanden_fixed_structure.csv
4Q25;Nationale-Nederlanden;NN DFE Nasze Jutro 2030;KGHM Polska Miedź S.A.;14077,22536;nationale_nederlanden_fixed_structure.csv
4Q25;Nationale-Nederlanden;NN DFE Nasze Jutro 2030;Kruk S.A.;3283,397751;nationale_nederlanden_fixed_structure.csv
4Q25;Nationale-Nederlanden;NN DFE Nasze Jutro 2030;LPP S.A.;337,8943172;nationale_nederlanden_fixed_structure.csv
4Q25;Nationale-Nederlanden;NN DFE Nasze Jutro 2030;LVMH S.A.;142,2441876;nationale_nederlanden_fixed_structure.csv
4Q25;Nationale-Nederlanden;NN DFE Nasze Jutro 2030;Linde Plc;46,08060112;nationale_nederlanden_fixed_structure.csv
4Q25;Nationale-Nederlanden;NN DFE Nasze Jutro 2030;Lundin Mining Corp.;20942,99213;nationale_nederlanden_fixed_structure.csv
4Q25;Nationale-Nederlanden;NN DFE Nasze Jutro 2030;Mercadolibre Inc.;20,03504626;nationale_nederlanden_fixed_structure.csv
4Q25;Nationale-Nederlanden;NN DFE Nasze Jutro 2030;Meta Platforms Inc.;56,09812893;nationale_nederlanden_fixed_structure.csv
4Q25;Nationale-Nederlanden;NN DFE Nasze Jutro 2030;Micron Technology Inc.;1337,339298;nationale_nederlanden_fixed_structure.csv
4Q25;Nationale-Nederlanden;NN DFE Nasze Jutro 2030;Microsoft Corp.;749,3107156;nationale_nederlanden_fixed_structure.csv
4Q25;Nationale-Nederlanden;NN DFE Nasze Jutro 2030;Mirbud S.A.;23941,55533;nationale_nederlanden_fixed_structure.csv
4Q25;Nationale-Nederlanden;NN DFE Nasze Jutro 2030;Münchener Rück AG;22,02055346;nationale_nederlanden_fixed_structure.csv
4Q25;Nationale-Nederlanden;NN DFE Nasze Jutro 2030;Nektar Therapeutics;7552,210429;nationale_nederlanden_fixed_structure.csv
4Q25;Nationale-Nederlanden;NN DFE Nasze Jutro 2030;Nvidia Corp.;3070,370768;nationale_nederlanden_fixed_structure.csv
4Q25;Nationale-Nederlanden;NN DFE Nasze Jutro 2030;Oracle Corp.;990,7330131;nationale_nederlanden_fixed_structure.csv
4Q25;Nationale-Nederlanden;NN DFE Nasze Jutro 2030;Orange Polska S.A.;125383,0128;nationale_nederlanden_fixed_structure.csv
4Q25;Nationale-Nederlanden;NN DFE Nasze Jutro 2030;Orlen S.A.;39046,79752;nationale_nederlanden_fixed_structure.csv
4Q25;Nationale-Nederlanden;NN DFE Nasze Jutro 2030;PGE Polska Grupa Energetyczna S.A.;91233,63358;nationale_nederlanden_fixed_structure.csv
4Q25;Nationale-Nederlanden;NN DFE Nasze Jutro 2030;PKO Bank Polski S.A.;77651,1267;nationale_nederlanden_fixed_structure.csv
4Q25;Nationale-Nederlanden;NN DFE Nasze Jutro 2030;PKP Cargo S.A.;31384,17319;nationale_nederlanden_fixed_structure.csv
4Q25;Nationale-Nederlanden;NN DFE Nasze Jutro 2030;Pepco Group N.V.;10774,21367;nationale_nederlanden_fixed_structure.csv
4Q25;Nationale-Nederlanden;NN DFE Nasze Jutro 2030;PepsiCo Inc.;14,02452651;nationale_nederlanden_fixed_structure.csv
4Q25;Nationale-Nederlanden;NN DFE Nasze Jutro 2030;Powszechny Zakład Ubezpieczeń S.A.;80562,01783;nationale_nederlanden_fixed_structure.csv
4Q25;Nationale-Nederlanden;NN DFE Nasze Jutro 2030;Procter & Gamble Co;175,3066372;nationale_nederlanden_fixed_structure.csv
4Q25;Nationale-Nederlanden;NN DFE Nasze Jutro 2030;RTX Corp.;878,5367611;nationale_nederlanden_fixed_structure.csv
4Q25;Nationale-Nederlanden;NN DFE Nasze Jutro 2030;Rainbow Tours S.A.;5757,619419;nationale_nederlanden_fixed_structure.csv
4Q25;Nationale-Nederlanden;NN DFE Nasze Jutro 2030;Render Cube S.A.;2237,318689;nationale_nederlanden_fixed_structure.csv
4Q25;Nationale-Nederlanden;NN DFE Nasze Jutro 2030;Rheinmetall AG;80,07473323;nationale_nederlanden_fixed_structure.csv
4Q25;Nationale-Nederlanden;NN DFE Nasze Jutro 2030;SAP SE;245,2288716;nationale_nederlanden_fixed_structure.csv
4Q25;Nationale-Nederlanden;NN DFE Nasze Jutro 2030;Santander Bank Polska S.A.;6689,754877;nationale_nederlanden_fixed_structure.csv
4Q25;Nationale-Nederlanden;NN DFE Nasze Jutro 2030;Schneider Electric SE;553,9509583;nationale_nederlanden_fixed_structure.csv
4Q25;Nationale-Nederlanden;NN DFE Nasze Jutro 2030;Shoper S.A.;21434,55297;nationale_nederlanden_fixed_structure.csv
4Q25;Nationale-Nederlanden;NN DFE Nasze Jutro 2030;Siemens Energy AG;1025,957537;nationale_nederlanden_fixed_structure.csv
4Q25;Nationale-Nederlanden;NN DFE Nasze Jutro 2030;Snowflake Inc.;1308,288487;nationale_nederlanden_fixed_structure.csv
4Q25;Nationale-Nederlanden;NN DFE Nasze Jutro 2030;Synektik S.A.;5065,267976;nationale_nederlanden_fixed_structure.csv
4Q25;Nationale-Nederlanden;NN DFE Nasze Jutro 2030;Torpol S.A.;17799,74957;nationale_nederlanden_fixed_structure.csv
4Q25;Nationale-Nederlanden;NN DFE Nasze Jutro 2030;UniCredit S.p.A.;2754,308377;nationale_nederlanden_fixed_structure.csv
4Q25;Nationale-Nederlanden;NN DFE Nasze Jutro 2030;Vercom S.A.;1930,979366;nationale_nederlanden_fixed_structure.csv
4Q25;Nationale-Nederlanden;NN DFE Nasze Jutro 2030;Vertiv Holdings Co.;1226,14481;nationale_nederlanden_fixed_structure.csv
4Q25;Nationale-Nederlanden;NN DFE Nasze Jutro 2030;Visa Inc.;242,4240561;nationale_nederlanden_fixed_structure.csv
4Q25;Nationale-Nederlanden;NN DFE Nasze Jutro 2030;Walmart Inc.;287,5029029;nationale_nederlanden_fixed_structure.csv
4Q25;Nationale-Nederlanden;NN DFE Nasze Jutro 2030;Waste Management Inc.;274,4801333;nationale_nederlanden_fixed_structure.csv
4Q25;Nationale-Nederlanden;NN DFE Nasze Jutro 2030;Wells Fargo & Co;2197,844492;nationale_nederlanden_fixed_structure.csv
4Q25;Nationale-Nederlanden;NN DFE Nasze Jutro 2030;Western Digital Corp.;1442,523278;nationale_nederlanden_fixed_structure.csv
4Q25;Nationale-Nederlanden;NN DFE Nasze Jutro 2030;Wheaton Precious Metals Corp.;1209,44489;nationale_nederlanden_fixed_structure.csv
4Q25;Nationale-Nederlanden;NN DFE Nasze Jutro 2030;XTB S.A.;32321,60874;nationale_nederlanden_fixed_structure.csv
4Q25;Nationale-Nederlanden;NN DFE Nasze Jutro 2030;Zabka Group SA;77274,98777;nationale_nederlanden_fixed_structure.csv
4Q25;Nationale-Nederlanden;NN DFE Nasze Jutro 2030;mBank S.A.;2642,734611;nationale_nederlanden_fixed_structure.csv
4Q25;Nationale-Nederlanden;NN DFE Nasze Jutro 2035;ASML Holding N.V.;874,5012435;nationale_nederlanden_fixed_structure.csv
4Q25;Nationale-Nederlanden;NN DFE Nasze Jutro 2035;Advanced Micro Devices Inc.;2161,781437;nationale_nederlanden_fixed_structure.csv
4Q25;Nationale-Nederlanden;NN DFE Nasze Jutro 2035;Agnico Eagle Mines Ltd;2194,07145;nationale_nederlanden_fixed_structure.csv
4Q25;Nationale-Nederlanden;NN DFE Nasze Jutro 2035;Alior Bank S.A.;87608,83576;nationale_nederlanden_fixed_structure.csv
4Q25;Nationale-Nederlanden;NN DFE Nasze Jutro 2035;Allegro.eu S.A.;276344,481;nationale_nederlanden_fixed_structure.csv
4Q25;Nationale-Nederlanden;NN DFE Nasze Jutro 2035;Allianz SE;1021,953799;nationale_nederlanden_fixed_structure.csv
4Q25;Nationale-Nederlanden;NN DFE Nasze Jutro 2035;Alphabet Inc.;5924,440481;nationale_nederlanden_fixed_structure.csv
4Q25;Nationale-Nederlanden;NN DFE Nasze Jutro 2035;Amazon.com Inc.;3210,616076;nationale_nederlanden_fixed_structure.csv
4Q25;Nationale-Nederlanden;NN DFE Nasze Jutro 2035;Apple Inc.;211,3697369;nationale_nederlanden_fixed_structure.csv
4Q25;Nationale-Nederlanden;NN DFE Nasze Jutro 2035;Applied Materials Inc.;78,13667373;nationale_nederlanden_fixed_structure.csv
4Q25;Nationale-Nederlanden;NN DFE Nasze Jutro 2035;Asseco Poland S.A.;34265,06173;nationale_nederlanden_fixed_structure.csv
4Q25;Nationale-Nederlanden;NN DFE Nasze Jutro 2035;BNP Paribas Bank Polska S.A.;#VALUE!;nationale_nederlanden_fixed_structure.csv
4Q25;Nationale-Nederlanden;NN DFE Nasze Jutro 2035;BNP Paribas SA;216,3714417;nationale_nederlanden_fixed_structure.csv
4Q25;Nationale-Nederlanden;NN DFE Nasze Jutro 2035;Banco Bilbao Vizcaya Argentaria S.A.;16001,85472;nationale_nederlanden_fixed_structure.csv
4Q25;Nationale-Nederlanden;NN DFE Nasze Jutro 2035;Banco Comercial Portugues S.A.;430927,7626;nationale_nederlanden_fixed_structure.csv
4Q25;Nationale-Nederlanden;NN DFE Nasze Jutro 2035;Banco Santander S.A.;57740,25204;nationale_nederlanden_fixed_structure.csv
4Q25;Nationale-Nederlanden;NN DFE Nasze Jutro 2035;Bank Millennium S.A.;338367,0216;nationale_nederlanden_fixed_structure.csv
4Q25;Nationale-Nederlanden;NN DFE Nasze Jutro 2035;Bank Pekao S.A.;69141,78479;nationale_nederlanden_fixed_structure.csv
4Q25;Nationale-Nederlanden;NN DFE Nasze Jutro 2035;Bank of America Corp.;4574,000956;nationale_nederlanden_fixed_structure.csv
4Q25;Nationale-Nederlanden;NN DFE Nasze Jutro 2035;Benefit Systems S.A.;3149,982291;nationale_nederlanden_fixed_structure.csv
4Q25;Nationale-Nederlanden;NN DFE Nasze Jutro 2035;Berkshire Hathaway Inc.;0,43161688;nationale_nederlanden_fixed_structure.csv
4Q25;Nationale-Nederlanden;NN DFE Nasze Jutro 2035;Broadcom Inc.;3347,856141;nationale_nederlanden_fixed_structure.csv
4Q25;Nationale-Nederlanden;NN DFE Nasze Jutro 2035;Budimex S.A.;6101,089197;nationale_nederlanden_fixed_structure.csv
4Q25;Nationale-Nederlanden;NN DFE Nasze Jutro 2035;CCC S.A.;10654,76405;nationale_nederlanden_fixed_structure.csv
4Q25;Nationale-Nederlanden;NN DFE Nasze Jutro 2035;CD Projekt S.A.;37688,01199;nationale_nederlanden_fixed_structure.csv
4Q25;Nationale-Nederlanden;NN DFE Nasze Jutro 2035;CaixaBank SA;74120,78181;nationale_nederlanden_fixed_structure.csv
4Q25;Nationale-Nederlanden;NN DFE Nasze Jutro 2035;Caterpillar Inc.;729,275663;nationale_nederlanden_fixed_structure.csv
4Q25;Nationale-Nederlanden;NN DFE Nasze Jutro 2035;Coca-Cola Company;555,9725194;nationale_nederlanden_fixed_structure.csv
4Q25;Nationale-Nederlanden;NN DFE Nasze Jutro 2035;Compremum S.A.;348876,9569;nationale_nederlanden_fixed_structure.csv
4Q25;Nationale-Nederlanden;NN DFE Nasze Jutro 2035;CrowdStrike Holdings Inc.;1430,502266;nationale_nederlanden_fixed_structure.csv
4Q25;Nationale-Nederlanden;NN DFE Nasze Jutro 2035;Cyber_Folks S.A.;21658,82665;nationale_nederlanden_fixed_structure.csv
4Q25;Nationale-Nederlanden;NN DFE Nasze Jutro 2035;DataWalk S.A.;36577,04947;nationale_nederlanden_fixed_structure.csv
4Q25;Nationale-Nederlanden;NN DFE Nasze Jutro 2035;Deutsche Post AG;83,07755516;nationale_nederlanden_fixed_structure.csv
4Q25;Nationale-Nederlanden;NN DFE Nasze Jutro 2035;Diagnostyka S.A.;18284,95749;nationale_nederlanden_fixed_structure.csv
4Q25;Nationale-Nederlanden;NN DFE Nasze Jutro 2035;Dino Polska S.A.;230572,4106;nationale_nederlanden_fixed_structure.csv
4Q25;Nationale-Nederlanden;NN DFE Nasze Jutro 2035;Erste Group Bank AG;2082,944041;nationale_nederlanden_fixed_structure.csv
4Q25;Nationale-Nederlanden;NN DFE Nasze Jutro 2035;GE Vernova Inc.;371,6500982;nationale_nederlanden_fixed_structure.csv
4Q25;Nationale-Nederlanden;NN DFE Nasze Jutro 2035;General Electric Co.;1484,596893;nationale_nederlanden_fixed_structure.csv
4Q25;Nationale-Nederlanden;NN DFE Nasze Jutro 2035;Grenergy Renovables S.A.;8010,038031;nationale_nederlanden_fixed_structure.csv
4Q25;Nationale-Nederlanden;NN DFE Nasze Jutro 2035;Grupa Kęty S.A.;6572,491637;nationale_nederlanden_fixed_structure.csv
4Q25;Nationale-Nederlanden;NN DFE Nasze Jutro 2035;Grupa Pracuj S.A.;538423,0727;nationale_nederlanden_fixed_structure.csv
4Q25;Nationale-Nederlanden;NN DFE Nasze Jutro 2035;ING Bank Śląski S.A.;24588,41772;nationale_nederlanden_fixed_structure.csv
4Q25;Nationale-Nederlanden;NN DFE Nasze Jutro 2035;ING Groep N.V.;6545,236122;nationale_nederlanden_fixed_structure.csv
4Q25;Nationale-Nederlanden;NN DFE Nasze Jutro 2035;InPost S.A.;28110,25623;nationale_nederlanden_fixed_structure.csv
4Q25;Nationale-Nederlanden;NN DFE Nasze Jutro 2035;Intel Corp.;477,8358256;nationale_nederlanden_fixed_structure.csv
4Q25;Nationale-Nederlanden;NN DFE Nasze Jutro 2035;JP Morgan Chase & Co.;1932,380165;nationale_nederlanden_fixed_structure.csv
4Q25;Nationale-Nederlanden;NN DFE Nasze Jutro 2035;KGHM Polska Miedź S.A.;37399,15139;nationale_nederlanden_fixed_structure.csv
4Q25;Nationale-Nederlanden;NN DFE Nasze Jutro 2035;Kruk S.A.;8721,650395;nationale_nederlanden_fixed_structure.csv
4Q25;Nationale-Nederlanden;NN DFE Nasze Jutro 2035;LPP S.A.;907,0319414;nationale_nederlanden_fixed_structure.csv
4Q25;Nationale-Nederlanden;NN DFE Nasze Jutro 2035;LVMH S.A.;373,6414255;nationale_nederlanden_fixed_structure.csv
4Q25;Nationale-Nederlanden;NN DFE Nasze Jutro 2035;Linde Plc;123,2155278;nationale_nederlanden_fixed_structure.csv
4Q25;Nationale-Nederlanden;NN DFE Nasze Jutro 2035;Lundin Mining Corp.;54154,08456;nationale_nederlanden_fixed_structure.csv
4Q25;Nationale-Nederlanden;NN DFE Nasze Jutro 2035;Mercadolibre Inc.;52,09111918;nationale_nederlanden_fixed_structure.csv
4Q25;Nationale-Nederlanden;NN DFE Nasze Jutro 2035;Meta Platforms Inc.;148,259338;nationale_nederlanden_fixed_structure.csv
4Q25;Nationale-Nederlanden;NN DFE Nasze Jutro 2035;Micron Technology Inc.;3604,304735;nationale_nederlanden_fixed_structure.csv
4Q25;Nationale-Nederlanden;NN DFE Nasze Jutro 2035;Microsoft Corp.;1991,483545;nationale_nederlanden_fixed_structure.csv
4Q25;Nationale-Nederlanden;NN DFE Nasze Jutro 2035;Mirbud S.A.;62928,42915;nationale_nederlanden_fixed_structure.csv
4Q25;Nationale-Nederlanden;NN DFE Nasze Jutro 2035;Münchener Rück AG;59,0551191;nationale_nederlanden_fixed_structure.csv
4Q25;Nationale-Nederlanden;NN DFE Nasze Jutro 2035;Nektar Therapeutics;20038,05103;nationale_nederlanden_fixed_structure.csv
4Q25;Nationale-Nederlanden;NN DFE Nasze Jutro 2035;Nvidia Corp.;8273,472151;nationale_nederlanden_fixed_structure.csv
4Q25;Nationale-Nederlanden;NN DFE Nasze Jutro 2035;Oracle Corp.;2631,603249;nationale_nederlanden_fixed_structure.csv
4Q25;Nationale-Nederlanden;NN DFE Nasze Jutro 2035;Orange Polska S.A.;337920,0736;nationale_nederlanden_fixed_structure.csv
4Q25;Nationale-Nederlanden;NN DFE Nasze Jutro 2035;Orlen S.A.;105320,6109;nationale_nederlanden_fixed_structure.csv
4Q25;Nationale-Nederlanden;NN DFE Nasze Jutro 2035;PGE Polska Grupa Energetyczna S.A.;245870,9166;nationale_nederlanden_fixed_structure.csv
4Q25;Nationale-Nederlanden;NN DFE Nasze Jutro 2035;PKO Bank Polski S.A.;209809,4166;nationale_nederlanden_fixed_structure.csv
4Q25;Nationale-Nederlanden;NN DFE Nasze Jutro 2035;PKP Cargo S.A.;80797,08509;nationale_nederlanden_fixed_structure.csv
4Q25;Nationale-Nederlanden;NN DFE Nasze Jutro 2035;Pepco Group N.V.;29038,44267;nationale_nederlanden_fixed_structure.csv
4Q25;Nationale-Nederlanden;NN DFE Nasze Jutro 2035;PepsiCo Inc.;37,0648339;nationale_nederlanden_fixed_structure.csv
4Q25;Nationale-Nederlanden;NN DFE Nasze Jutro 2035;Powszechny Zakład Ubezpieczeń S.A.;214236,6576;nationale_nederlanden_fixed_structure.csv
4Q25;Nationale-Nederlanden;NN DFE Nasze Jutro 2035;Procter & Gamble Co;462,8095438;nationale_nederlanden_fixed_structure.csv
4Q25;Nationale-Nederlanden;NN DFE Nasze Jutro 2035;RTX Corp.;2368,142405;nationale_nederlanden_fixed_structure.csv
4Q25;Nationale-Nederlanden;NN DFE Nasze Jutro 2035;Rainbow Tours S.A.;15509,32569;nationale_nederlanden_fixed_structure.csv
4Q25;Nationale-Nederlanden;NN DFE Nasze Jutro 2035;Render Cube S.A.;6360,66517;nationale_nederlanden_fixed_structure.csv
4Q25;Nationale-Nederlanden;NN DFE Nasze Jutro 2035;Rheinmetall AG;215,2008479;nationale_nederlanden_fixed_structure.csv
4Q25;Nationale-Nederlanden;NN DFE Nasze Jutro 2035;SAP SE;654,6109561;nationale_nederlanden_fixed_structure.csv
4Q25;Nationale-Nederlanden;NN DFE Nasze Jutro 2035;Santander Bank Polska S.A.;17782,98139;nationale_nederlanden_fixed_structure.csv
4Q25;Nationale-Nederlanden;NN DFE Nasze Jutro 2035;Schneider Electric SE;1491,560558;nationale_nederlanden_fixed_structure.csv
4Q25;Nationale-Nederlanden;NN DFE Nasze Jutro 2035;Selvita S.A.;461,0615741;nationale_nederlanden_fixed_structure.csv
4Q25;Nationale-Nederlanden;NN DFE Nasze Jutro 2035;Shoper S.A.;57001,36691;nationale_nederlanden_fixed_structure.csv
4Q25;Nationale-Nederlanden;NN DFE Nasze Jutro 2035;Siemens Energy AG;2764,580204;nationale_nederlanden_fixed_structure.csv
4Q25;Nationale-Nederlanden;NN DFE Nasze Jutro 2035;Snowflake Inc.;3476,080443;nationale_nederlanden_fixed_structure.csv
4Q25;Nationale-Nederlanden;NN DFE Nasze Jutro 2035;Synektik S.A.;13456,57371;nationale_nederlanden_fixed_structure.csv
4Q25;Nationale-Nederlanden;NN DFE Nasze Jutro 2035;Torpol S.A.;48081,06707;nationale_nederlanden_fixed_structure.csv
4Q25;Nationale-Nederlanden;NN DFE Nasze Jutro 2035;UniCredit S.p.A.;7320,845281;nationale_nederlanden_fixed_structure.csv
4Q25;Nationale-Nederlanden;NN DFE Nasze Jutro 2035;Vercom S.A.;5210,877202;nationale_nederlanden_fixed_structure.csv
4Q25;Nationale-Nederlanden;NN DFE Nasze Jutro 2035;Vertiv Holdings Co.;3261,705443;nationale_nederlanden_fixed_structure.csv
4Q25;Nationale-Nederlanden;NN DFE Nasze Jutro 2035;Visa Inc.;636,1127016;nationale_nederlanden_fixed_structure.csv
4Q25;Nationale-Nederlanden;NN DFE Nasze Jutro 2035;Walmart Inc.;757,3247357;nationale_nederlanden_fixed_structure.csv
4Q25;Nationale-Nederlanden;NN DFE Nasze Jutro 2035;Waste Management Inc.;724,2669059;nationale_nederlanden_fixed_structure.csv
4Q25;Nationale-Nederlanden;NN DFE Nasze Jutro 2035;Wells Fargo & Co;5937,385826;nationale_nederlanden_fixed_structure.csv
4Q25;Nationale-Nederlanden;NN DFE Nasze Jutro 2035;Western Digital Corp.;3833,706009;nationale_nederlanden_fixed_structure.csv
4Q25;Nationale-Nederlanden;NN DFE Nasze Jutro 2035;Wheaton Precious Metals Corp.;3184,335644;nationale_nederlanden_fixed_structure.csv
4Q25;Nationale-Nederlanden;NN DFE Nasze Jutro 2035;XTB S.A.;87180,46784;nationale_nederlanden_fixed_structure.csv
4Q25;Nationale-Nederlanden;NN DFE Nasze Jutro 2035;Zabka Group SA;206295,2978;nationale_nederlanden_fixed_structure.csv
4Q25;Nationale-Nederlanden;NN DFE Nasze Jutro 2035;mBank S.A.;7093,023618;nationale_nederlanden_fixed_structure.csv
4Q25;Nationale-Nederlanden;NN DFE Nasze Jutro 2040;ASML Holding N.V.;1304,238965;nationale_nederlanden_fixed_structure.csv
4Q25;Nationale-Nederlanden;NN DFE Nasze Jutro 2040;Advanced Micro Devices Inc.;3276,731728;nationale_nederlanden_fixed_structure.csv
4Q25;Nationale-Nederlanden;NN DFE Nasze Jutro 2040;Agnico Eagle Mines Ltd;3227,226585;nationale_nederlanden_fixed_structure.csv
4Q25;Nationale-Nederlanden;NN DFE Nasze Jutro 2040;Alior Bank S.A.;130771,6776;nationale_nederlanden_fixed_structure.csv
4Q25;Nationale-Nederlanden;NN DFE Nasze Jutro 2040;Allegro.eu S.A.;418482,2418;nationale_nederlanden_fixed_structure.csv
4Q25;Nationale-Nederlanden;NN DFE Nasze Jutro 2040;Allianz SE;1525,423681;nationale_nederlanden_fixed_structure.csv
4Q25;Nationale-Nederlanden;NN DFE Nasze Jutro 2040;Alphabet Inc.;8834,938621;nationale_nederlanden_fixed_structure.csv
4Q25;Nationale-Nederlanden;NN DFE Nasze Jutro 2040;Amazon.com Inc.;4792,382948;nationale_nederlanden_fixed_structure.csv
4Q25;Nationale-Nederlanden;NN DFE Nasze Jutro 2040;Apple Inc.;303,5309373;nationale_nederlanden_fixed_structure.csv
4Q25;Nationale-Nederlanden;NN DFE Nasze Jutro 2040;Applied Materials Inc.;118,2067681;nationale_nederlanden_fixed_structure.csv
4Q25;Nationale-Nederlanden;NN DFE Nasze Jutro 2040;Asseco Poland S.A.;53384,43538;nationale_nederlanden_fixed_structure.csv
4Q25;Nationale-Nederlanden;NN DFE Nasze Jutro 2040;BNP Paribas Bank Polska S.A.;#VALUE!;nationale_nederlanden_fixed_structure.csv
4Q25;Nationale-Nederlanden;NN DFE Nasze Jutro 2040;BNP Paribas SA;367,63111;nationale_nederlanden_fixed_structure.csv
4Q25;Nationale-Nederlanden;NN DFE Nasze Jutro 2040;Banco Bilbao Vizcaya Argentaria S.A.;24231,58053;nationale_nederlanden_fixed_structure.csv
4Q25;Nationale-Nederlanden;NN DFE Nasze Jutro 2040;Banco Comercial Portugues S.A.;652575,2686;nationale_nederlanden_fixed_structure.csv
4Q25;Nationale-Nederlanden;NN DFE Nasze Jutro 2040;Banco Santander S.A.;86822,71736;nationale_nederlanden_fixed_structure.csv
4Q25;Nationale-Nederlanden;NN DFE Nasze Jutro 2040;Bank Millennium S.A.;513264,745;nationale_nederlanden_fixed_structure.csv
4Q25;Nationale-Nederlanden;NN DFE Nasze Jutro 2040;Bank Pekao S.A.;104875,5117;nationale_nederlanden_fixed_structure.csv
4Q25;Nationale-Nederlanden;NN DFE Nasze Jutro 2040;Bank of America Corp.;6927,11707;nationale_nederlanden_fixed_structure.csv
4Q25;Nationale-Nederlanden;NN DFE Nasze Jutro 2040;Benefit Systems S.A.;4798,403077;nationale_nederlanden_fixed_structure.csv
4Q25;Nationale-Nederlanden;NN DFE Nasze Jutro 2040;Berkshire Hathaway Inc.;0,645757557;nationale_nederlanden_fixed_structure.csv
4Q25;Nationale-Nederlanden;NN DFE Nasze Jutro 2040;Broadcom Inc.;5069,868313;nationale_nederlanden_fixed_structure.csv
4Q25;Nationale-Nederlanden;NN DFE Nasze Jutro 2040;Budimex S.A.;9244,680872;nationale_nederlanden_fixed_structure.csv
4Q25;Nationale-Nederlanden;NN DFE Nasze Jutro 2040;CCC S.A.;16145,90259;nationale_nederlanden_fixed_structure.csv
4Q25;Nationale-Nederlanden;NN DFE Nasze Jutro 2040;CD Projekt S.A.;57103,95996;nationale_nederlanden_fixed_structure.csv
4Q25;Nationale-Nederlanden;NN DFE Nasze Jutro 2040;CaixaBank SA;112245,247;nationale_nederlanden_fixed_structure.csv
4Q25;Nationale-Nederlanden;NN DFE Nasze Jutro 2040;Caterpillar Inc.;1104,932775;nationale_nederlanden_fixed_structure.csv
4Q25;Nationale-Nederlanden;NN DFE Nasze Jutro 2040;Coca-Cola Company;818,4316256;nationale_nederlanden_fixed_structure.csv
4Q25;Nationale-Nederlanden;NN DFE Nasze Jutro 2040;Compremum S.A.;420892,1379;nationale_nederlanden_fixed_structure.csv
4Q25;Nationale-Nederlanden;NN DFE Nasze Jutro 2040;CrowdStrike Holdings Inc.;2134,734125;nationale_nederlanden_fixed_structure.csv
4Q25;Nationale-Nederlanden;NN DFE Nasze Jutro 2040;Cyber_Folks S.A.;32469,30743;nationale_nederlanden_fixed_structure.csv
4Q25;Nationale-Nederlanden;NN DFE Nasze Jutro 2040;DataWalk S.A.;53607,66489;nationale_nederlanden_fixed_structure.csv
4Q25;Nationale-Nederlanden;NN DFE Nasze Jutro 2040;Deutsche Post AG;117,1092893;nationale_nederlanden_fixed_structure.csv
4Q25;Nationale-Nederlanden;NN DFE Nasze Jutro 2040;Diagnostyka S.A.;27289,84374;nationale_nederlanden_fixed_structure.csv
4Q25;Nationale-Nederlanden;NN DFE Nasze Jutro 2040;Dino Polska S.A.;343391,5115;nationale_nederlanden_fixed_structure.csv
4Q25;Nationale-Nederlanden;NN DFE Nasze Jutro 2040;Erste Group Bank AG;3107,900619;nationale_nederlanden_fixed_structure.csv
4Q25;Nationale-Nederlanden;NN DFE Nasze Jutro 2040;GE Vernova Inc.;561,9830349;nationale_nederlanden_fixed_structure.csv
4Q25;Nationale-Nederlanden;NN DFE Nasze Jutro 2040;General Electric Co.;2247,932131;nationale_nederlanden_fixed_structure.csv
4Q25;Nationale-Nederlanden;NN DFE Nasze Jutro 2040;Grenergy Renovables S.A.;11949,0565;nationale_nederlanden_fixed_structure.csv
4Q25;Nationale-Nederlanden;NN DFE Nasze Jutro 2040;Grupa Kęty S.A.;9805,474187;nationale_nederlanden_fixed_structure.csv
4Q25;Nationale-Nederlanden;NN DFE Nasze Jutro 2040;Grupa Pracuj S.A.;815260,4636;nationale_nederlanden_fixed_structure.csv
4Q25;Nationale-Nederlanden;NN DFE Nasze Jutro 2040;ING Bank Śląski S.A.;36683,26638;nationale_nederlanden_fixed_structure.csv
4Q25;Nationale-Nederlanden;NN DFE Nasze Jutro 2040;ING Groep N.V.;9766,766447;nationale_nederlanden_fixed_structure.csv
4Q25;Nationale-Nederlanden;NN DFE Nasze Jutro 2040;InPost S.A.;41416,09839;nationale_nederlanden_fixed_structure.csv
4Q25;Nationale-Nederlanden;NN DFE Nasze Jutro 2040;Intel Corp.;723,2651752;nationale_nederlanden_fixed_structure.csv
4Q25;Nationale-Nederlanden;NN DFE Nasze Jutro 2040;JP Morgan Chase & Co.;2930,125442;nationale_nederlanden_fixed_structure.csv
4Q25;Nationale-Nederlanden;NN DFE Nasze Jutro 2040;KGHM Polska Miedź S.A.;55794,14772;nationale_nederlanden_fixed_structure.csv
4Q25;Nationale-Nederlanden;NN DFE Nasze Jutro 2040;Kruk S.A.;13011,31538;nationale_nederlanden_fixed_structure.csv
4Q25;Nationale-Nederlanden;NN DFE Nasze Jutro 2040;LPP S.A.;1365,531604;nationale_nederlanden_fixed_structure.csv
4Q25;Nationale-Nederlanden;NN DFE Nasze Jutro 2040;LVMH S.A.;549,9440804;nationale_nederlanden_fixed_structure.csv
4Q25;Nationale-Nederlanden;NN DFE Nasze Jutro 2040;Linde Plc;187,3276753;nationale_nederlanden_fixed_structure.csv
4Q25;Nationale-Nederlanden;NN DFE Nasze Jutro 2040;Lundin Mining Corp.;81048,9565;nationale_nederlanden_fixed_structure.csv
4Q25;Nationale-Nederlanden;NN DFE Nasze Jutro 2040;Mercadolibre Inc.;75,13142141;nationale_nederlanden_fixed_structure.csv
4Q25;Nationale-Nederlanden;NN DFE Nasze Jutro 2040;Meta Platforms Inc.;217,3802459;nationale_nederlanden_fixed_structure.csv
4Q25;Nationale-Nederlanden;NN DFE Nasze Jutro 2040;Micron Technology Inc.;5458,548213;nationale_nederlanden_fixed_structure.csv
4Q25;Nationale-Nederlanden;NN DFE Nasze Jutro 2040;Microsoft Corp.;2971,197286;nationale_nederlanden_fixed_structure.csv
4Q25;Nationale-Nederlanden;NN DFE Nasze Jutro 2040;Mirbud S.A.;92491,48718;nationale_nederlanden_fixed_structure.csv
4Q25;Nationale-Nederlanden;NN DFE Nasze Jutro 2040;Münchener Rück AG;90,08407313;nationale_nederlanden_fixed_structure.csv
4Q25;Nationale-Nederlanden;NN DFE Nasze Jutro 2040;Nektar Therapeutics;29894,29172;nationale_nederlanden_fixed_structure.csv
4Q25;Nationale-Nederlanden;NN DFE Nasze Jutro 2040;Nvidia Corp.;12527,91412;nationale_nederlanden_fixed_structure.csv
4Q25;Nationale-Nederlanden;NN DFE Nasze Jutro 2040;Oracle Corp.;3923,863722;nationale_nederlanden_fixed_structure.csv
4Q25;Nationale-Nederlanden;NN DFE Nasze Jutro 2040;Orange Polska S.A.;512095,423;nationale_nederlanden_fixed_structure.csv
4Q25;Nationale-Nederlanden;NN DFE Nasze Jutro 2040;Orlen S.A.;159682,6044;nationale_nederlanden_fixed_structure.csv
4Q25;Nationale-Nederlanden;NN DFE Nasze Jutro 2040;PGE Polska Grupa Energetyczna S.A.;372333,9789;nationale_nederlanden_fixed_structure.csv
4Q25;Nationale-Nederlanden;NN DFE Nasze Jutro 2040;PKO Bank Polski S.A.;318242,5349;nationale_nederlanden_fixed_structure.csv
4Q25;Nationale-Nederlanden;NN DFE Nasze Jutro 2040;PKP Cargo S.A.;115810,0821;nationale_nederlanden_fixed_structure.csv
4Q25;Nationale-Nederlanden;NN DFE Nasze Jutro 2040;Pepco Group N.V.;44005,46433;nationale_nederlanden_fixed_structure.csv
4Q25;Nationale-Nederlanden;NN DFE Nasze Jutro 2040;PepsiCo Inc.;54,09462716;nationale_nederlanden_fixed_structure.csv
4Q25;Nationale-Nederlanden;NN DFE Nasze Jutro 2040;Powszechny Zakład Ubezpieczeń S.A.;322665,5803;nationale_nederlanden_fixed_structure.csv
4Q25;Nationale-Nederlanden;NN DFE Nasze Jutro 2040;Procter & Gamble Co;682,1933146;nationale_nederlanden_fixed_structure.csv
4Q25;Nationale-Nederlanden;NN DFE Nasze Jutro 2040;RTX Corp.;3589,278438;nationale_nederlanden_fixed_structure.csv
4Q25;Nationale-Nederlanden;NN DFE Nasze Jutro 2040;Rainbow Tours S.A.;23138,02206;nationale_nederlanden_fixed_structure.csv
4Q25;Nationale-Nederlanden;NN DFE Nasze Jutro 2040;Render Cube S.A.;9062,532403;nationale_nederlanden_fixed_structure.csv
4Q25;Nationale-Nederlanden;NN DFE Nasze Jutro 2040;Rheinmetall AG;325,3036078;nationale_nederlanden_fixed_structure.csv
4Q25;Nationale-Nederlanden;NN DFE Nasze Jutro 2040;SAP SE;975,9108208;nationale_nederlanden_fixed_structure.csv
4Q25;Nationale-Nederlanden;NN DFE Nasze Jutro 2040;Santander Bank Polska S.A.;26542,89828;nationale_nederlanden_fixed_structure.csv
4Q25;Nationale-Nederlanden;NN DFE Nasze Jutro 2040;Schneider Electric SE;2259,879497;nationale_nederlanden_fixed_structure.csv
4Q25;Nationale-Nederlanden;NN DFE Nasze Jutro 2040;Selvita S.A.;551,269213;nationale_nederlanden_fixed_structure.csv
4Q25;Nationale-Nederlanden;NN DFE Nasze Jutro 2040;Shoper S.A.;85429,7355;nationale_nederlanden_fixed_structure.csv
4Q25;Nationale-Nederlanden;NN DFE Nasze Jutro 2040;Siemens Energy AG;4186,907669;nationale_nederlanden_fixed_structure.csv
4Q25;Nationale-Nederlanden;NN DFE Nasze Jutro 2040;Snowflake Inc.;5186,071587;nationale_nederlanden_fixed_structure.csv
4Q25;Nationale-Nederlanden;NN DFE Nasze Jutro 2040;Synektik S.A.;20075,33843;nationale_nederlanden_fixed_structure.csv
4Q25;Nationale-Nederlanden;NN DFE Nasze Jutro 2040;Torpol S.A.;72913,74357;nationale_nederlanden_fixed_structure.csv
4Q25;Nationale-Nederlanden;NN DFE Nasze Jutro 2040;UniCredit S.p.A.;10921,3266;nationale_nederlanden_fixed_structure.csv
4Q25;Nationale-Nederlanden;NN DFE Nasze Jutro 2040;Vercom S.A.;7901,796754;nationale_nederlanden_fixed_structure.csv
4Q25;Nationale-Nederlanden;NN DFE Nasze Jutro 2040;Vertiv Holdings Co.;4868,516119;nationale_nederlanden_fixed_structure.csv
4Q25;Nationale-Nederlanden;NN DFE Nasze Jutro 2040;Visa Inc.;937,6401419;nationale_nederlanden_fixed_structure.csv
4Q25;Nationale-Nederlanden;NN DFE Nasze Jutro 2040;Walmart Inc.;1115,952046;nationale_nederlanden_fixed_structure.csv
4Q25;Nationale-Nederlanden;NN DFE Nasze Jutro 2040;Waste Management Inc.;1066,866179;nationale_nederlanden_fixed_structure.csv
4Q25;Nationale-Nederlanden;NN DFE Nasze Jutro 2040;Wells Fargo & Co;9004,751285;nationale_nederlanden_fixed_structure.csv
4Q25;Nationale-Nederlanden;NN DFE Nasze Jutro 2040;Western Digital Corp.;5723,010833;nationale_nederlanden_fixed_structure.csv
4Q25;Nationale-Nederlanden;NN DFE Nasze Jutro 2040;Wheaton Precious Metals Corp.;4834,765794;nationale_nederlanden_fixed_structure.csv
4Q25;Nationale-Nederlanden;NN DFE Nasze Jutro 2040;XTB S.A.;132178,9055;nationale_nederlanden_fixed_structure.csv
4Q25;Nationale-Nederlanden;NN DFE Nasze Jutro 2040;Zabka Group SA;309358,9476;nationale_nederlanden_fixed_structure.csv
4Q25;Nationale-Nederlanden;NN DFE Nasze Jutro 2040;mBank S.A.;10871,36304;nationale_nederlanden_fixed_structure.csv
4Q25;Nationale-Nederlanden;NN DFE Nasze Jutro 2045;ASML Holding N.V.;1399,402339;nationale_nederlanden_fixed_structure.csv
4Q25;Nationale-Nederlanden;NN DFE Nasze Jutro 2045;Advanced Micro Devices Inc.;3532,178565;nationale_nederlanden_fixed_structure.csv
4Q25;Nationale-Nederlanden;NN DFE Nasze Jutro 2045;Agnico Eagle Mines Ltd;3453,575053;nationale_nederlanden_fixed_structure.csv
4Q25;Nationale-Nederlanden;NN DFE Nasze Jutro 2045;Alior Bank S.A.;140321,7902;nationale_nederlanden_fixed_structure.csv
4Q25;Nationale-Nederlanden;NN DFE Nasze Jutro 2045;Allegro.eu S.A.;450860,4919;nationale_nederlanden_fixed_structure.csv
4Q25;Nationale-Nederlanden;NN DFE Nasze Jutro 2045;Allianz SE;1636,527378;nationale_nederlanden_fixed_structure.csv
4Q25;Nationale-Nederlanden;NN DFE Nasze Jutro 2045;Alphabet Inc.;9468,659918;nationale_nederlanden_fixed_structure.csv
4Q25;Nationale-Nederlanden;NN DFE Nasze Jutro 2045;Amazon.com Inc.;5141,994487;nationale_nederlanden_fixed_structure.csv
4Q25;Nationale-Nederlanden;NN DFE Nasze Jutro 2045;Apple Inc.;327,5729887;nationale_nederlanden_fixed_structure.csv
4Q25;Nationale-Nederlanden;NN DFE Nasze Jutro 2045;Applied Materials Inc.;127,2225423;nationale_nederlanden_fixed_structure.csv
4Q25;Nationale-Nederlanden;NN DFE Nasze Jutro 2045;Asseco Poland S.A.;57634,4042;nationale_nederlanden_fixed_structure.csv
4Q25;Nationale-Nederlanden;NN DFE Nasze Jutro 2045;BNP Paribas Bank Polska S.A.;#VALUE!;nationale_nederlanden_fixed_structure.csv
4Q25;Nationale-Nederlanden;NN DFE Nasze Jutro 2045;BNP Paribas SA;336,577795;nationale_nederlanden_fixed_structure.csv
4Q25;Nationale-Nederlanden;NN DFE Nasze Jutro 2045;Banco Bilbao Vizcaya Argentaria S.A.;26107,02455;nationale_nederlanden_fixed_structure.csv
4Q25;Nationale-Nederlanden;NN DFE Nasze Jutro 2045;Banco Comercial Portugues S.A.;703064,944;nationale_nederlanden_fixed_structure.csv
4Q25;Nationale-Nederlanden;NN DFE Nasze Jutro 2045;Banco Santander S.A.;93237,96803;nationale_nederlanden_fixed_structure.csv
4Q25;Nationale-Nederlanden;NN DFE Nasze Jutro 2045;Bank Millennium S.A.;554331,371;nationale_nederlanden_fixed_structure.csv
4Q25;Nationale-Nederlanden;NN DFE Nasze Jutro 2045;Bank Pekao S.A.;113280,6317;nationale_nederlanden_fixed_structure.csv
4Q25;Nationale-Nederlanden;NN DFE Nasze Jutro 2045;Bank of America Corp.;7463,054543;nationale_nederlanden_fixed_structure.csv
4Q25;Nationale-Nederlanden;NN DFE Nasze Jutro 2045;Benefit Systems S.A.;5182,035561;nationale_nederlanden_fixed_structure.csv
4Q25;Nationale-Nederlanden;NN DFE Nasze Jutro 2045;Berkshire Hathaway Inc.;0,691787791;nationale_nederlanden_fixed_structure.csv
4Q25;Nationale-Nederlanden;NN DFE Nasze Jutro 2045;Broadcom Inc.;5462,555222;nationale_nederlanden_fixed_structure.csv
4Q25;Nationale-Nederlanden;NN DFE Nasze Jutro 2045;Budimex S.A.;9971,04862;nationale_nederlanden_fixed_structure.csv
4Q25;Nationale-Nederlanden;NN DFE Nasze Jutro 2045;CCC S.A.;17406,57692;nationale_nederlanden_fixed_structure.csv
4Q25;Nationale-Nederlanden;NN DFE Nasze Jutro 2045;CD Projekt S.A.;61587,26232;nationale_nederlanden_fixed_structure.csv
4Q25;Nationale-Nederlanden;NN DFE Nasze Jutro 2045;CaixaBank SA;120930,0096;nationale_nederlanden_fixed_structure.csv
4Q25;Nationale-Nederlanden;NN DFE Nasze Jutro 2045;Caterpillar Inc.;1190,081719;nationale_nederlanden_fixed_structure.csv
4Q25;Nationale-Nederlanden;NN DFE Nasze Jutro 2045;Coca-Cola Company;875,5315148;nationale_nederlanden_fixed_structure.csv
4Q25;Nationale-Nederlanden;NN DFE Nasze Jutro 2045;Compremum S.A.;428156,5;nationale_nederlanden_fixed_structure.csv
4Q25;Nationale-Nederlanden;NN DFE Nasze Jutro 2045;CrowdStrike Holdings Inc.;2289,003979;nationale_nederlanden_fixed_structure.csv
4Q25;Nationale-Nederlanden;NN DFE Nasze Jutro 2045;Cyber_Folks S.A.;34830,89277;nationale_nederlanden_fixed_structure.csv
4Q25;Nationale-Nederlanden;NN DFE Nasze Jutro 2045;DataWalk S.A.;57664,47197;nationale_nederlanden_fixed_structure.csv
4Q25;Nationale-Nederlanden;NN DFE Nasze Jutro 2045;Deutsche Post AG;122,113968;nationale_nederlanden_fixed_structure.csv
4Q25;Nationale-Nederlanden;NN DFE Nasze Jutro 2045;Diagnostyka S.A.;29306,21766;nationale_nederlanden_fixed_structure.csv
4Q25;Nationale-Nederlanden;NN DFE Nasze Jutro 2045;Dino Polska S.A.;367850,9705;nationale_nederlanden_fixed_structure.csv
4Q25;Nationale-Nederlanden;NN DFE Nasze Jutro 2045;Erste Group Bank AG;3335,112662;nationale_nederlanden_fixed_structure.csv
4Q25;Nationale-Nederlanden;NN DFE Nasze Jutro 2045;GE Vernova Inc.;605,0583826;nationale_nederlanden_fixed_structure.csv
4Q25;Nationale-Nederlanden;NN DFE Nasze Jutro 2045;General Electric Co.;2422,237031;nationale_nederlanden_fixed_structure.csv
4Q25;Nationale-Nederlanden;NN DFE Nasze Jutro 2045;Grenergy Renovables S.A.;12818,06054;nationale_nederlanden_fixed_structure.csv
4Q25;Nationale-Nederlanden;NN DFE Nasze Jutro 2045;Grupa Kęty S.A.;10519,00157;nationale_nederlanden_fixed_structure.csv
4Q25;Nationale-Nederlanden;NN DFE Nasze Jutro 2045;Grupa Pracuj S.A.;879984,0182;nationale_nederlanden_fixed_structure.csv
4Q25;Nationale-Nederlanden;NN DFE Nasze Jutro 2045;ING Bank Śląski S.A.;39378,85458;nationale_nederlanden_fixed_structure.csv
4Q25;Nationale-Nederlanden;NN DFE Nasze Jutro 2045;ING Groep N.V.;10492,01146;nationale_nederlanden_fixed_structure.csv
4Q25;Nationale-Nederlanden;NN DFE Nasze Jutro 2045;InPost S.A.;44308,06331;nationale_nederlanden_fixed_structure.csv
4Q25;Nationale-Nederlanden;NN DFE Nasze Jutro 2045;Intel Corp.;780,3650158;nationale_nederlanden_fixed_structure.csv
4Q25;Nationale-Nederlanden;NN DFE Nasze Jutro 2045;JP Morgan Chase & Co.;3163,533734;nationale_nederlanden_fixed_structure.csv
4Q25;Nationale-Nederlanden;NN DFE Nasze Jutro 2045;KGHM Polska Miedź S.A.;59851,56068;nationale_nederlanden_fixed_structure.csv
4Q25;Nationale-Nederlanden;NN DFE Nasze Jutro 2045;Kruk S.A.;13957,44707;nationale_nederlanden_fixed_structure.csv
4Q25;Nationale-Nederlanden;NN DFE Nasze Jutro 2045;LPP S.A.;1471,185875;nationale_nederlanden_fixed_structure.csv
4Q25;Nationale-Nederlanden;NN DFE Nasze Jutro 2045;LVMH S.A.;588,0094315;nationale_nederlanden_fixed_structure.csv
4Q25;Nationale-Nederlanden;NN DFE Nasze Jutro 2045;Linde Plc;201,3522092;nationale_nederlanden_fixed_structure.csv
4Q25;Nationale-Nederlanden;NN DFE Nasze Jutro 2045;Lundin Mining Corp.;87076,11429;nationale_nederlanden_fixed_structure.csv
4Q25;Nationale-Nederlanden;NN DFE Nasze Jutro 2045;Mercadolibre Inc.;80,14018367;nationale_nederlanden_fixed_structure.csv
4Q25;Nationale-Nederlanden;NN DFE Nasze Jutro 2045;Meta Platforms Inc.;232,4065293;nationale_nederlanden_fixed_structure.csv
4Q25;Nationale-Nederlanden;NN DFE Nasze Jutro 2045;Micron Technology Inc.;5880,285928;nationale_nederlanden_fixed_structure.csv
4Q25;Nationale-Nederlanden;NN DFE Nasze Jutro 2045;Microsoft Corp.;3187,575785;nationale_nederlanden_fixed_structure.csv
4Q25;Nationale-Nederlanden;NN DFE Nasze Jutro 2045;Mirbud S.A.;98929,68758;nationale_nederlanden_fixed_structure.csv
4Q25;Nationale-Nederlanden;NN DFE Nasze Jutro 2045;Münchener Rück AG;97,0906144;nationale_nederlanden_fixed_structure.csv
4Q25;Nationale-Nederlanden;NN DFE Nasze Jutro 2045;Nektar Therapeutics;32037,03992;nationale_nederlanden_fixed_structure.csv
4Q25;Nationale-Nederlanden;NN DFE Nasze Jutro 2045;Nvidia Corp.;13497,61032;nationale_nederlanden_fixed_structure.csv
4Q25;Nationale-Nederlanden;NN DFE Nasze Jutro 2045;Oracle Corp.;4207,359615;nationale_nederlanden_fixed_structure.csv
4Q25;Nationale-Nederlanden;NN DFE Nasze Jutro 2045;Orange Polska S.A.;552074,1335;nationale_nederlanden_fixed_structure.csv
4Q25;Nationale-Nederlanden;NN DFE Nasze Jutro 2045;Orlen S.A.;172307,7124;nationale_nederlanden_fixed_structure.csv
4Q25;Nationale-Nederlanden;NN DFE Nasze Jutro 2045;PGE Polska Grupa Energetyczna S.A.;401141,1029;nationale_nederlanden_fixed_structure.csv
4Q25;Nationale-Nederlanden;NN DFE Nasze Jutro 2045;PKO Bank Polski S.A.;343747,4711;nationale_nederlanden_fixed_structure.csv
4Q25;Nationale-Nederlanden;NN DFE Nasze Jutro 2045;PKP Cargo S.A.;124596,6566;nationale_nederlanden_fixed_structure.csv
4Q25;Nationale-Nederlanden;NN DFE Nasze Jutro 2045;Pepco Group N.V.;47440,764;nationale_nederlanden_fixed_structure.csv
4Q25;Nationale-Nederlanden;NN DFE Nasze Jutro 2045;PepsiCo Inc.;58,10162366;nationale_nederlanden_fixed_structure.csv
4Q25;Nationale-Nederlanden;NN DFE Nasze Jutro 2045;Powszechny Zakład Ubezpieczeń S.A.;347629,9537;nationale_nederlanden_fixed_structure.csv
4Q25;Nationale-Nederlanden;NN DFE Nasze Jutro 2045;Procter & Gamble Co;730,2774356;nationale_nederlanden_fixed_structure.csv
4Q25;Nationale-Nederlanden;NN DFE Nasze Jutro 2045;RTX Corp.;3869,769074;nationale_nederlanden_fixed_structure.csv
4Q25;Nationale-Nederlanden;NN DFE Nasze Jutro 2045;Rainbow Tours S.A.;24820,8959;nationale_nederlanden_fixed_structure.csv
4Q25;Nationale-Nederlanden;NN DFE Nasze Jutro 2045;Render Cube S.A.;9614,423301;nationale_nederlanden_fixed_structure.csv
4Q25;Nationale-Nederlanden;NN DFE Nasze Jutro 2045;Rheinmetall AG;351,327897;nationale_nederlanden_fixed_structure.csv
4Q25;Nationale-Nederlanden;NN DFE Nasze Jutro 2045;SAP SE;1047,978079;nationale_nederlanden_fixed_structure.csv
4Q25;Nationale-Nederlanden;NN DFE Nasze Jutro 2045;Santander Bank Polska S.A.;28478,98504;nationale_nederlanden_fixed_structure.csv
4Q25;Nationale-Nederlanden;NN DFE Nasze Jutro 2045;Schneider Electric SE;2434,178736;nationale_nederlanden_fixed_structure.csv
4Q25;Nationale-Nederlanden;NN DFE Nasze Jutro 2045;Selvita S.A.;573,3201389;nationale_nederlanden_fixed_structure.csv
4Q25;Nationale-Nederlanden;NN DFE Nasze Jutro 2045;Shoper S.A.;91642,75186;nationale_nederlanden_fixed_structure.csv
4Q25;Nationale-Nederlanden;NN DFE Nasze Jutro 2045;Siemens Energy AG;4511,210329;nationale_nederlanden_fixed_structure.csv
4Q25;Nationale-Nederlanden;NN DFE Nasze Jutro 2045;Snowflake Inc.;5563,732213;nationale_nederlanden_fixed_structure.csv
4Q25;Nationale-Nederlanden;NN DFE Nasze Jutro 2045;Synektik S.A.;21534,95931;nationale_nederlanden_fixed_structure.csv
4Q25;Nationale-Nederlanden;NN DFE Nasze Jutro 2045;Torpol S.A.;78719,16998;nationale_nederlanden_fixed_structure.csv
4Q25;Nationale-Nederlanden;NN DFE Nasze Jutro 2045;UniCredit S.p.A.;11707,55817;nationale_nederlanden_fixed_structure.csv
4Q25;Nationale-Nederlanden;NN DFE Nasze Jutro 2045;Vercom S.A.;8530,303864;nationale_nederlanden_fixed_structure.csv
4Q25;Nationale-Nederlanden;NN DFE Nasze Jutro 2045;Vertiv Holdings Co.;5225,139921;nationale_nederlanden_fixed_structure.csv
4Q25;Nationale-Nederlanden;NN DFE Nasze Jutro 2045;Visa Inc.;1003,755792;nationale_nederlanden_fixed_structure.csv
4Q25;Nationale-Nederlanden;NN DFE Nasze Jutro 2045;Walmart Inc.;1195,090486;nationale_nederlanden_fixed_structure.csv
4Q25;Nationale-Nederlanden;NN DFE Nasze Jutro 2045;Waste Management Inc.;1142,999362;nationale_nederlanden_fixed_structure.csv
4Q25;Nationale-Nederlanden;NN DFE Nasze Jutro 2045;Wells Fargo & Co;9722,005924;nationale_nederlanden_fixed_structure.csv
4Q25;Nationale-Nederlanden;NN DFE Nasze Jutro 2045;Western Digital Corp.;6139,739777;nationale_nederlanden_fixed_structure.csv
4Q25;Nationale-Nederlanden;NN DFE Nasze Jutro 2045;Wheaton Precious Metals Corp.;5183,335053;nationale_nederlanden_fixed_structure.csv
4Q25;Nationale-Nederlanden;NN DFE Nasze Jutro 2045;XTB S.A.;142629,8326;nationale_nederlanden_fixed_structure.csv
4Q25;Nationale-Nederlanden;NN DFE Nasze Jutro 2045;Zabka Group SA;332492,6437;nationale_nederlanden_fixed_structure.csv
4Q25;Nationale-Nederlanden;NN DFE Nasze Jutro 2045;mBank S.A.;11740,5914;nationale_nederlanden_fixed_structure.csv
4Q25;Nationale-Nederlanden;NN DFE Nasze Jutro 2050;ASML Holding N.V.;1167,003375;nationale_nederlanden_fixed_structure.csv
4Q25;Nationale-Nederlanden;NN DFE Nasze Jutro 2050;Advanced Micro Devices Inc.;2957,17275;nationale_nederlanden_fixed_structure.csv
4Q25;Nationale-Nederlanden;NN DFE Nasze Jutro 2050;Agnico Eagle Mines Ltd;2907,320681;nationale_nederlanden_fixed_structure.csv
4Q25;Nationale-Nederlanden;NN DFE Nasze Jutro 2050;Alior Bank S.A.;116998,4456;nationale_nederlanden_fixed_structure.csv
4Q25;Nationale-Nederlanden;NN DFE Nasze Jutro 2050;Allegro.eu S.A.;377350,5974;nationale_nederlanden_fixed_structure.csv
4Q25;Nationale-Nederlanden;NN DFE Nasze Jutro 2050;Allianz SE;1364,27328;nationale_nederlanden_fixed_structure.csv
4Q25;Nationale-Nederlanden;NN DFE Nasze Jutro 2050;Alphabet Inc.;7876,824331;nationale_nederlanden_fixed_structure.csv
4Q25;Nationale-Nederlanden;NN DFE Nasze Jutro 2050;Amazon.com Inc.;4287,499785;nationale_nederlanden_fixed_structure.csv
4Q25;Nationale-Nederlanden;NN DFE Nasze Jutro 2050;Apple Inc.;266,4661089;nationale_nederlanden_fixed_structure.csv
4Q25;Nationale-Nederlanden;NN DFE Nasze Jutro 2050;Applied Materials Inc.;107,1874897;nationale_nederlanden_fixed_structure.csv
4Q25;Nationale-Nederlanden;NN DFE Nasze Jutro 2050;Asseco Poland S.A.;48338,53257;nationale_nederlanden_fixed_structure.csv
4Q25;Nationale-Nederlanden;NN DFE Nasze Jutro 2050;BNP Paribas Bank Polska S.A.;#VALUE!;nationale_nederlanden_fixed_structure.csv
4Q25;Nationale-Nederlanden;NN DFE Nasze Jutro 2050;BNP Paribas SA;322,5537239;nationale_nederlanden_fixed_structure.csv
4Q25;Nationale-Nederlanden;NN DFE Nasze Jutro 2050;Banco Bilbao Vizcaya Argentaria S.A.;21850,47653;nationale_nederlanden_fixed_structure.csv
4Q25;Nationale-Nederlanden;NN DFE Nasze Jutro 2050;Banco Comercial Portugues S.A.;588434,1567;nationale_nederlanden_fixed_structure.csv
4Q25;Nationale-Nederlanden;NN DFE Nasze Jutro 2050;Banco Santander S.A.;77598,98196;nationale_nederlanden_fixed_structure.csv
4Q25;Nationale-Nederlanden;NN DFE Nasze Jutro 2050;Bank Millennium S.A.;464793,825;nationale_nederlanden_fixed_structure.csv
4Q25;Nationale-Nederlanden;NN DFE Nasze Jutro 2050;Bank Pekao S.A.;94997,40156;nationale_nederlanden_fixed_structure.csv
4Q25;Nationale-Nederlanden;NN DFE Nasze Jutro 2050;Bank of America Corp.;6245,925514;nationale_nederlanden_fixed_structure.csv
4Q25;Nationale-Nederlanden;NN DFE Nasze Jutro 2050;Benefit Systems S.A.;4344,837598;nationale_nederlanden_fixed_structure.csv
4Q25;Nationale-Nederlanden;NN DFE Nasze Jutro 2050;Berkshire Hathaway Inc.;0,573710226;nationale_nederlanden_fixed_structure.csv
4Q25;Nationale-Nederlanden;NN DFE Nasze Jutro 2050;Broadcom Inc.;4571,997449;nationale_nederlanden_fixed_structure.csv
4Q25;Nationale-Nederlanden;NN DFE Nasze Jutro 2050;Budimex S.A.;8351,228442;nationale_nederlanden_fixed_structure.csv
4Q25;Nationale-Nederlanden;NN DFE Nasze Jutro 2050;CCC S.A.;14572,83094;nationale_nederlanden_fixed_structure.csv
4Q25;Nationale-Nederlanden;NN DFE Nasze Jutro 2050;CD Projekt S.A.;51581,03656;nationale_nederlanden_fixed_structure.csv
4Q25;Nationale-Nederlanden;NN DFE Nasze Jutro 2050;CaixaBank SA;101213,1173;nationale_nederlanden_fixed_structure.csv
4Q25;Nationale-Nederlanden;NN DFE Nasze Jutro 2050;Caterpillar Inc.;995,7417738;nationale_nederlanden_fixed_structure.csv
4Q25;Nationale-Nederlanden;NN DFE Nasze Jutro 2050;Coca-Cola Company;725,2686653;nationale_nederlanden_fixed_structure.csv
4Q25;Nationale-Nederlanden;NN DFE Nasze Jutro 2050;Compremum S.A.;396832,6034;nationale_nederlanden_fixed_structure.csv
4Q25;Nationale-Nederlanden;NN DFE Nasze Jutro 2050;CrowdStrike Holdings Inc.;1906,334598;nationale_nederlanden_fixed_structure.csv
4Q25;Nationale-Nederlanden;NN DFE Nasze Jutro 2050;Cyber_Folks S.A.;29039,5282;nationale_nederlanden_fixed_structure.csv
4Q25;Nationale-Nederlanden;NN DFE Nasze Jutro 2050;DataWalk S.A.;47522,45441;nationale_nederlanden_fixed_structure.csv
4Q25;Nationale-Nederlanden;NN DFE Nasze Jutro 2050;Deutsche Post AG;95,08874353;nationale_nederlanden_fixed_structure.csv
4Q25;Nationale-Nederlanden;NN DFE Nasze Jutro 2050;Diagnostyka S.A.;24390,50199;nationale_nederlanden_fixed_structure.csv
4Q25;Nationale-Nederlanden;NN DFE Nasze Jutro 2050;Dino Polska S.A.;306098,5233;nationale_nederlanden_fixed_structure.csv
4Q25;Nationale-Nederlanden;NN DFE Nasze Jutro 2050;Erste Group Bank AG;2775,590465;nationale_nederlanden_fixed_structure.csv
4Q25;Nationale-Nederlanden;NN DFE Nasze Jutro 2050;GE Vernova Inc.;506,8866566;nationale_nederlanden_fixed_structure.csv
4Q25;Nationale-Nederlanden;NN DFE Nasze Jutro 2050;General Electric Co.;2027,546634;nationale_nederlanden_fixed_structure.csv
4Q25;Nationale-Nederlanden;NN DFE Nasze Jutro 2050;Grenergy Renovables S.A.;10686,0504;nationale_nederlanden_fixed_structure.csv
4Q25;Nationale-Nederlanden;NN DFE Nasze Jutro 2050;Grupa Kęty S.A.;8769,352031;nationale_nederlanden_fixed_structure.csv
4Q25;Nationale-Nederlanden;NN DFE Nasze Jutro 2050;Grupa Pracuj S.A.;737549,4727;nationale_nederlanden_fixed_structure.csv
4Q25;Nationale-Nederlanden;NN DFE Nasze Jutro 2050;ING Bank Śląski S.A.;32707,99452;nationale_nederlanden_fixed_structure.csv
4Q25;Nationale-Nederlanden;NN DFE Nasze Jutro 2050;ING Groep N.V.;8732,99183;nationale_nederlanden_fixed_structure.csv
4Q25;Nationale-Nederlanden;NN DFE Nasze Jutro 2050;InPost S.A.;36737,06613;nationale_nederlanden_fixed_structure.csv
4Q25;Nationale-Nederlanden;NN DFE Nasze Jutro 2050;Intel Corp.;653,1424608;nationale_nederlanden_fixed_structure.csv
4Q25;Nationale-Nederlanden;NN DFE Nasze Jutro 2050;JP Morgan Chase & Co.;2653,641806;nationale_nederlanden_fixed_structure.csv
4Q25;Nationale-Nederlanden;NN DFE Nasze Jutro 2050;KGHM Polska Miedź S.A.;49897,33458;nationale_nederlanden_fixed_structure.csv
4Q25;Nationale-Nederlanden;NN DFE Nasze Jutro 2050;Kruk S.A.;11636,21716;nationale_nederlanden_fixed_structure.csv
4Q25;Nationale-Nederlanden;NN DFE Nasze Jutro 2050;LPP S.A.;1230,971925;nationale_nederlanden_fixed_structure.csv
4Q25;Nationale-Nederlanden;NN DFE Nasze Jutro 2050;LVMH S.A.;487,8374639;nationale_nederlanden_fixed_structure.csv
4Q25;Nationale-Nederlanden;NN DFE Nasze Jutro 2050;Linde Plc;169,2961289;nationale_nederlanden_fixed_structure.csv
4Q25;Nationale-Nederlanden;NN DFE Nasze Jutro 2050;Lundin Mining Corp.;72304,81047;nationale_nederlanden_fixed_structure.csv
4Q25;Nationale-Nederlanden;NN DFE Nasze Jutro 2050;Mercadolibre Inc.;66,11565211;nationale_nederlanden_fixed_structure.csv
4Q25;Nationale-Nederlanden;NN DFE Nasze Jutro 2050;Meta Platforms Inc.;196,3434491;nationale_nederlanden_fixed_structure.csv
4Q25;Nationale-Nederlanden;NN DFE Nasze Jutro 2050;Micron Technology Inc.;4921,608981;nationale_nederlanden_fixed_structure.csv
4Q25;Nationale-Nederlanden;NN DFE Nasze Jutro 2050;Microsoft Corp.;2657,648821;nationale_nederlanden_fixed_structure.csv
4Q25;Nationale-Nederlanden;NN DFE Nasze Jutro 2050;Mirbud S.A.;82094,98718;nationale_nederlanden_fixed_structure.csv
4Q25;Nationale-Nederlanden;NN DFE Nasze Jutro 2050;Münchener Rück AG;81,07566835;nationale_nederlanden_fixed_structure.csv
4Q25;Nationale-Nederlanden;NN DFE Nasze Jutro 2050;Nektar Therapeutics;26676,66345;nationale_nederlanden_fixed_structure.csv
4Q25;Nationale-Nederlanden;NN DFE Nasze Jutro 2050;Nvidia Corp.;11296,76057;nationale_nederlanden_fixed_structure.csv
4Q25;Nationale-Nederlanden;NN DFE Nasze Jutro 2050;Oracle Corp.;3506,132998;nationale_nederlanden_fixed_structure.csv
4Q25;Nationale-Nederlanden;NN DFE Nasze Jutro 2050;Orange Polska S.A.;462192,156;nationale_nederlanden_fixed_structure.csv
4Q25;Nationale-Nederlanden;NN DFE Nasze Jutro 2050;Orlen S.A.;144346,3999;nationale_nederlanden_fixed_structure.csv
4Q25;Nationale-Nederlanden;NN DFE Nasze Jutro 2050;PGE Polska Grupa Energetyczna S.A.;335737,5557;nationale_nederlanden_fixed_structure.csv
4Q25;Nationale-Nederlanden;NN DFE Nasze Jutro 2050;PKO Bank Polski S.A.;288266,6071;nationale_nederlanden_fixed_structure.csv
4Q25;Nationale-Nederlanden;NN DFE Nasze Jutro 2050;PKP Cargo S.A.;103228,5602;nationale_nederlanden_fixed_structure.csv
4Q25;Nationale-Nederlanden;NN DFE Nasze Jutro 2050;Pepco Group N.V.;39717,59333;nationale_nederlanden_fixed_structure.csv
4Q25;Nationale-Nederlanden;NN DFE Nasze Jutro 2050;PepsiCo Inc.;48,08411303;nationale_nederlanden_fixed_structure.csv
4Q25;Nationale-Nederlanden;NN DFE Nasze Jutro 2050;Powszechny Zakład Ubezpieczeń S.A.;290950,9934;nationale_nederlanden_fixed_structure.csv
4Q25;Nationale-Nederlanden;NN DFE Nasze Jutro 2050;Procter & Gamble Co;605,0583841;nationale_nederlanden_fixed_structure.csv
4Q25;Nationale-Nederlanden;NN DFE Nasze Jutro 2050;RTX Corp.;3239,666891;nationale_nederlanden_fixed_structure.csv
4Q25;Nationale-Nederlanden;NN DFE Nasze Jutro 2050;Rainbow Tours S.A.;20692,37807;nationale_nederlanden_fixed_structure.csv
4Q25;Nationale-Nederlanden;NN DFE Nasze Jutro 2050;Render Cube S.A.;7642,97233;nationale_nederlanden_fixed_structure.csv
4Q25;Nationale-Nederlanden;NN DFE Nasze Jutro 2050;Rheinmetall AG;294,2746483;nationale_nederlanden_fixed_structure.csv
4Q25;Nationale-Nederlanden;NN DFE Nasze Jutro 2050;SAP SE;872,8146044;nationale_nederlanden_fixed_structure.csv
4Q25;Nationale-Nederlanden;NN DFE Nasze Jutro 2050;Santander Bank Polska S.A.;23744,32747;nationale_nederlanden_fixed_structure.csv
4Q25;Nationale-Nederlanden;NN DFE Nasze Jutro 2050;Schneider Electric SE;2037,497743;nationale_nederlanden_fixed_structure.csv
4Q25;Nationale-Nederlanden;NN DFE Nasze Jutro 2050;Selvita S.A.;506,1652778;nationale_nederlanden_fixed_structure.csv
4Q25;Nationale-Nederlanden;NN DFE Nasze Jutro 2050;Shoper S.A.;76401,99888;nationale_nederlanden_fixed_structure.csv
4Q25;Nationale-Nederlanden;NN DFE Nasze Jutro 2050;Siemens Energy AG;3775,523709;nationale_nederlanden_fixed_structure.csv
4Q25;Nationale-Nederlanden;NN DFE Nasze Jutro 2050;Snowflake Inc.;4638,113081;nationale_nederlanden_fixed_structure.csv
4Q25;Nationale-Nederlanden;NN DFE Nasze Jutro 2050;Synektik S.A.;17748,62608;nationale_nederlanden_fixed_structure.csv
4Q25;Nationale-Nederlanden;NN DFE Nasze Jutro 2050;Torpol S.A.;66022,14717;nationale_nederlanden_fixed_structure.csv
4Q25;Nationale-Nederlanden;NN DFE Nasze Jutro 2050;UniCredit S.p.A.;9743,47772;nationale_nederlanden_fixed_structure.csv
4Q25;Nationale-Nederlanden;NN DFE Nasze Jutro 2050;Vercom S.A.;7148,774111;nationale_nederlanden_fixed_structure.csv
4Q25;Nationale-Nederlanden;NN DFE Nasze Jutro 2050;Vertiv Holdings Co.;4356,620709;nationale_nederlanden_fixed_structure.csv
4Q25;Nationale-Nederlanden;NN DFE Nasze Jutro 2050;Visa Inc.;833,4579056;nationale_nederlanden_fixed_structure.csv
4Q25;Nationale-Nederlanden;NN DFE Nasze Jutro 2050;Walmart Inc.;992,7365229;nationale_nederlanden_fixed_structure.csv
4Q25;Nationale-Nederlanden;NN DFE Nasze Jutro 2050;Waste Management Inc.;947,6576654;nationale_nederlanden_fixed_structure.csv
4Q25;Nationale-Nederlanden;NN DFE Nasze Jutro 2050;Wells Fargo & Co;8154,263632;nationale_nederlanden_fixed_structure.csv
4Q25;Nationale-Nederlanden;NN DFE Nasze Jutro 2050;Western Digital Corp.;5118,954191;nationale_nederlanden_fixed_structure.csv
4Q25;Nationale-Nederlanden;NN DFE Nasze Jutro 2050;Wheaton Precious Metals Corp.;4313,418741;nationale_nederlanden_fixed_structure.csv
4Q25;Nationale-Nederlanden;NN DFE Nasze Jutro 2050;XTB S.A.;119484,0615;nationale_nederlanden_fixed_structure.csv
4Q25;Nationale-Nederlanden;NN DFE Nasze Jutro 2050;Zabka Group SA;277648,3624;nationale_nederlanden_fixed_structure.csv
4Q25;Nationale-Nederlanden;NN DFE Nasze Jutro 2050;mBank S.A.;9843,911098;nationale_nederlanden_fixed_structure.csv
4Q25;Nationale-Nederlanden;NN DFE Nasze Jutro 2055;ASML Holding N.V.;807,3860335;nationale_nederlanden_fixed_structure.csv
4Q25;Nationale-Nederlanden;NN DFE Nasze Jutro 2055;Advanced Micro Devices Inc.;2059,602708;nationale_nederlanden_fixed_structure.csv
4Q25;Nationale-Nederlanden;NN DFE Nasze Jutro 2055;Agnico Eagle Mines Ltd;2009,974621;nationale_nederlanden_fixed_structure.csv
4Q25;Nationale-Nederlanden;NN DFE Nasze Jutro 2055;Alior Bank S.A.;80923,15265;nationale_nederlanden_fixed_structure.csv
4Q25;Nationale-Nederlanden;NN DFE Nasze Jutro 2055;Allegro.eu S.A.;262647,9545;nationale_nederlanden_fixed_structure.csv
4Q25;Nationale-Nederlanden;NN DFE Nasze Jutro 2055;Allianz SE;943,880936;nationale_nederlanden_fixed_structure.csv
4Q25;Nationale-Nederlanden;NN DFE Nasze Jutro 2055;Alphabet Inc.;5446,387638;nationale_nederlanden_fixed_structure.csv
4Q25;Nationale-Nederlanden;NN DFE Nasze Jutro 2055;Amazon.com Inc.;2965,186779;nationale_nederlanden_fixed_structure.csv
4Q25;Nationale-Nederlanden;NN DFE Nasze Jutro 2055;Apple Inc.;175,3066495;nationale_nederlanden_fixed_structure.csv
4Q25;Nationale-Nederlanden;NN DFE Nasze Jutro 2055;Applied Materials Inc.;74,12966538;nationale_nederlanden_fixed_structure.csv
4Q25;Nationale-Nederlanden;NN DFE Nasze Jutro 2055;Asseco Poland S.A.;33678,58406;nationale_nederlanden_fixed_structure.csv
4Q25;Nationale-Nederlanden;NN DFE Nasze Jutro 2055;BNP Paribas Bank Polska S.A.;#VALUE!;nationale_nederlanden_fixed_structure.csv
4Q25;Nationale-Nederlanden;NN DFE Nasze Jutro 2055;BNP Paribas SA;212,3645643;nationale_nederlanden_fixed_structure.csv
4Q25;Nationale-Nederlanden;NN DFE Nasze Jutro 2055;Banco Bilbao Vizcaya Argentaria S.A.;15208,82144;nationale_nederlanden_fixed_structure.csv
4Q25;Nationale-Nederlanden;NN DFE Nasze Jutro 2055;Banco Comercial Portugues S.A.;409569,1005;nationale_nederlanden_fixed_structure.csv
4Q25;Nationale-Nederlanden;NN DFE Nasze Jutro 2055;Banco Santander S.A.;53592,62644;nationale_nederlanden_fixed_structure.csv
4Q25;Nationale-Nederlanden;NN DFE Nasze Jutro 2055;Bank Millennium S.A.;323826,8455;nationale_nederlanden_fixed_structure.csv
4Q25;Nationale-Nederlanden;NN DFE Nasze Jutro 2055;Bank Pekao S.A.;66165,88557;nationale_nederlanden_fixed_structure.csv
4Q25;Nationale-Nederlanden;NN DFE Nasze Jutro 2055;Bank of America Corp.;4347,604929;nationale_nederlanden_fixed_structure.csv
4Q25;Nationale-Nederlanden;NN DFE Nasze Jutro 2055;Benefit Systems S.A.;3027,1;nationale_nederlanden_fixed_structure.csv
4Q25;Nationale-Nederlanden;NN DFE Nasze Jutro 2055;Berkshire Hathaway Inc.;0,391590591;nationale_nederlanden_fixed_structure.csv
4Q25;Nationale-Nederlanden;NN DFE Nasze Jutro 2055;Broadcom Inc.;3182,567014;nationale_nederlanden_fixed_structure.csv
4Q25;Nationale-Nederlanden;NN DFE Nasze Jutro 2055;Budimex S.A.;5817,945782;nationale_nederlanden_fixed_structure.csv
4Q25;Nationale-Nederlanden;NN DFE Nasze Jutro 2055;CCC S.A.;10149,88955;nationale_nederlanden_fixed_structure.csv
4Q25;Nationale-Nederlanden;NN DFE Nasze Jutro 2055;CD Projekt S.A.;35938,60178;nationale_nederlanden_fixed_structure.csv
4Q25;Nationale-Nederlanden;NN DFE Nasze Jutro 2055;CaixaBank SA;70447,07454;nationale_nederlanden_fixed_structure.csv
4Q25;Nationale-Nederlanden;NN DFE Nasze Jutro 2055;Caterpillar Inc.;693,2125852;nationale_nederlanden_fixed_structure.csv
4Q25;Nationale-Nederlanden;NN DFE Nasze Jutro 2055;Coca-Cola Company;495,8673477;nationale_nederlanden_fixed_structure.csv
4Q25;Nationale-Nederlanden;NN DFE Nasze Jutro 2055;Compremum S.A.;269528,5259;nationale_nederlanden_fixed_structure.csv
4Q25;Nationale-Nederlanden;NN DFE Nasze Jutro 2055;CrowdStrike Holdings Inc.;1318,306006;nationale_nederlanden_fixed_structure.csv
4Q25;Nationale-Nederlanden;NN DFE Nasze Jutro 2055;Cyber_Folks S.A.;20093,40447;nationale_nederlanden_fixed_structure.csv
4Q25;Nationale-Nederlanden;NN DFE Nasze Jutro 2055;DataWalk S.A.;31920,19379;nationale_nederlanden_fixed_structure.csv
4Q25;Nationale-Nederlanden;NN DFE Nasze Jutro 2055;Deutsche Post AG;62,05792483;nationale_nederlanden_fixed_structure.csv
4Q25;Nationale-Nederlanden;NN DFE Nasze Jutro 2055;Diagnostyka S.A.;16829,84234;nationale_nederlanden_fixed_structure.csv
4Q25;Nationale-Nederlanden;NN DFE Nasze Jutro 2055;Dino Polska S.A.;211602,0585;nationale_nederlanden_fixed_structure.csv
4Q25;Nationale-Nederlanden;NN DFE Nasze Jutro 2055;Erste Group Bank AG;1916,788952;nationale_nederlanden_fixed_structure.csv
4Q25;Nationale-Nederlanden;NN DFE Nasze Jutro 2055;GE Vernova Inc.;352,6168033;nationale_nederlanden_fixed_structure.csv
4Q25;Nationale-Nederlanden;NN DFE Nasze Jutro 2055;General Electric Co.;1410,467217;nationale_nederlanden_fixed_structure.csv
4Q25;Nationale-Nederlanden;NN DFE Nasze Jutro 2055;Grenergy Renovables S.A.;7394,034913;nationale_nederlanden_fixed_structure.csv
4Q25;Nationale-Nederlanden;NN DFE Nasze Jutro 2055;Grupa Kęty S.A.;6067,997668;nationale_nederlanden_fixed_structure.csv
4Q25;Nationale-Nederlanden;NN DFE Nasze Jutro 2055;Grupa Pracuj S.A.;513003,5909;nationale_nederlanden_fixed_structure.csv
4Q25;Nationale-Nederlanden;NN DFE Nasze Jutro 2055;ING Bank Śląski S.A.;22707,17347;nationale_nederlanden_fixed_structure.csv
4Q25;Nationale-Nederlanden;NN DFE Nasze Jutro 2055;ING Groep N.V.;6031,353882;nationale_nederlanden_fixed_structure.csv
4Q25;Nationale-Nederlanden;NN DFE Nasze Jutro 2055;InPost S.A.;25100,08928;nationale_nederlanden_fixed_structure.csv
4Q25;Nationale-Nederlanden;NN DFE Nasze Jutro 2055;Intel Corp.;454,7955073;nationale_nederlanden_fixed_structure.csv
4Q25;Nationale-Nederlanden;NN DFE Nasze Jutro 2055;JP Morgan Chase & Co.;1848,232968;nationale_nederlanden_fixed_structure.csv
4Q25;Nationale-Nederlanden;NN DFE Nasze Jutro 2055;KGHM Polska Miedź S.A.;34524,28105;nationale_nederlanden_fixed_structure.csv
4Q25;Nationale-Nederlanden;NN DFE Nasze Jutro 2055;Kruk S.A.;8051,139676;nationale_nederlanden_fixed_structure.csv
4Q25;Nationale-Nederlanden;NN DFE Nasze Jutro 2055;LPP S.A.;856,198283;nationale_nederlanden_fixed_structure.csv
4Q25;Nationale-Nederlanden;NN DFE Nasze Jutro 2055;LVMH S.A.;333,5726399;nationale_nederlanden_fixed_structure.csv
4Q25;Nationale-Nederlanden;NN DFE Nasze Jutro 2055;Linde Plc;117,2050188;nationale_nederlanden_fixed_structure.csv
4Q25;Nationale-Nederlanden;NN DFE Nasze Jutro 2055;Lundin Mining Corp.;51209,25792;nationale_nederlanden_fixed_structure.csv
4Q25;Nationale-Nederlanden;NN DFE Nasze Jutro 2055;Mercadolibre Inc.;44,07710095;nationale_nederlanden_fixed_structure.csv
4Q25;Nationale-Nederlanden;NN DFE Nasze Jutro 2055;Meta Platforms Inc.;136,2383113;nationale_nederlanden_fixed_structure.csv
4Q25;Nationale-Nederlanden;NN DFE Nasze Jutro 2055;Micron Technology Inc.;3425,992821;nationale_nederlanden_fixed_structure.csv
4Q25;Nationale-Nederlanden;NN DFE Nasze Jutro 2055;Microsoft Corp.;1838,215449;nationale_nederlanden_fixed_structure.csv
4Q25;Nationale-Nederlanden;NN DFE Nasze Jutro 2055;Mirbud S.A.;56002,39811;nationale_nederlanden_fixed_structure.csv
4Q25;Nationale-Nederlanden;NN DFE Nasze Jutro 2055;Münchener Rück AG;57,05324716;nationale_nederlanden_fixed_structure.csv
4Q25;Nationale-Nederlanden;NN DFE Nasze Jutro 2055;Nektar Therapeutics;18444,26318;nationale_nederlanden_fixed_structure.csv
4Q25;Nationale-Nederlanden;NN DFE Nasze Jutro 2055;Nvidia Corp.;7862,753749;nationale_nederlanden_fixed_structure.csv
4Q25;Nationale-Nederlanden;NN DFE Nasze Jutro 2055;Oracle Corp.;2426,244045;nationale_nederlanden_fixed_structure.csv
4Q25;Nationale-Nederlanden;NN DFE Nasze Jutro 2055;Orange Polska S.A.;321909,8263;nationale_nederlanden_fixed_structure.csv
4Q25;Nationale-Nederlanden;NN DFE Nasze Jutro 2055;Orlen S.A.;100581,6933;nationale_nederlanden_fixed_structure.csv
4Q25;Nationale-Nederlanden;NN DFE Nasze Jutro 2055;PGE Polska Grupa Energetyczna S.A.;233684,0118;nationale_nederlanden_fixed_structure.csv
4Q25;Nationale-Nederlanden;NN DFE Nasze Jutro 2055;PKO Bank Polski S.A.;200779,0961;nationale_nederlanden_fixed_structure.csv
4Q25;Nationale-Nederlanden;NN DFE Nasze Jutro 2055;PKP Cargo S.A.;71316,17922;nationale_nederlanden_fixed_structure.csv
4Q25;Nationale-Nederlanden;NN DFE Nasze Jutro 2055;Pepco Group N.V.;27662,52167;nationale_nederlanden_fixed_structure.csv
4Q25;Nationale-Nederlanden;NN DFE Nasze Jutro 2055;PepsiCo Inc.;33,05781802;nationale_nederlanden_fixed_structure.csv
4Q25;Nationale-Nederlanden;NN DFE Nasze Jutro 2055;Powszechny Zakład Ubezpieczeń S.A.;202511,3911;nationale_nederlanden_fixed_structure.csv
4Q25;Nationale-Nederlanden;NN DFE Nasze Jutro 2055;Procter & Gamble Co;412,7219387;nationale_nederlanden_fixed_structure.csv
4Q25;Nationale-Nederlanden;NN DFE Nasze Jutro 2055;RTX Corp.;2255,946157;nationale_nederlanden_fixed_structure.csv
4Q25;Nationale-Nederlanden;NN DFE Nasze Jutro 2055;Rainbow Tours S.A.;14317,37312;nationale_nederlanden_fixed_structure.csv
4Q25;Nationale-Nederlanden;NN DFE Nasze Jutro 2055;Render Cube S.A.;4991,015413;nationale_nederlanden_fixed_structure.csv
4Q25;Nationale-Nederlanden;NN DFE Nasze Jutro 2055;Rheinmetall AG;205,1915057;nationale_nederlanden_fixed_structure.csv
4Q25;Nationale-Nederlanden;NN DFE Nasze Jutro 2055;SAP SE;602,5623712;nationale_nederlanden_fixed_structure.csv
4Q25;Nationale-Nederlanden;NN DFE Nasze Jutro 2055;Santander Bank Polska S.A.;16422,21766;nationale_nederlanden_fixed_structure.csv
4Q25;Nationale-Nederlanden;NN DFE Nasze Jutro 2055;Schneider Electric SE;1418,435017;nationale_nederlanden_fixed_structure.csv
4Q25;Nationale-Nederlanden;NN DFE Nasze Jutro 2055;Selvita S.A.;330,7615741;nationale_nederlanden_fixed_structure.csv
4Q25;Nationale-Nederlanden;NN DFE Nasze Jutro 2055;Shoper S.A.;52862,72732;nationale_nederlanden_fixed_structure.csv
4Q25;Nationale-Nederlanden;NN DFE Nasze Jutro 2055;Siemens Energy AG;2628,453149;nationale_nederlanden_fixed_structure.csv
4Q25;Nationale-Nederlanden;NN DFE Nasze Jutro 2055;Snowflake Inc.;3209,614341;nationale_nederlanden_fixed_structure.csv
4Q25;Nationale-Nederlanden;NN DFE Nasze Jutro 2055;Synektik S.A.;12421,91854;nationale_nederlanden_fixed_structure.csv
4Q25;Nationale-Nederlanden;NN DFE Nasze Jutro 2055;Torpol S.A.;45999,653;nationale_nederlanden_fixed_structure.csv
4Q25;Nationale-Nederlanden;NN DFE Nasze Jutro 2055;UniCredit S.p.A.;6736,416583;nationale_nederlanden_fixed_structure.csv
4Q25;Nationale-Nederlanden;NN DFE Nasze Jutro 2055;Vercom S.A.;4979,634003;nationale_nederlanden_fixed_structure.csv
4Q25;Nationale-Nederlanden;NN DFE Nasze Jutro 2055;Vertiv Holdings Co.;3013,270882;nationale_nederlanden_fixed_structure.csv
4Q25;Nationale-Nederlanden;NN DFE Nasze Jutro 2055;Visa Inc.;567,9935423;nationale_nederlanden_fixed_structure.csv
4Q25;Nationale-Nederlanden;NN DFE Nasze Jutro 2055;Walmart Inc.;675,1810456;nationale_nederlanden_fixed_structure.csv
4Q25;Nationale-Nederlanden;NN DFE Nasze Jutro 2055;Waste Management Inc.;645,1284693;nationale_nederlanden_fixed_structure.csv
4Q25;Nationale-Nederlanden;NN DFE Nasze Jutro 2055;Wells Fargo & Co;5678,933715;nationale_nederlanden_fixed_structure.csv
4Q25;Nationale-Nederlanden;NN DFE Nasze Jutro 2055;Western Digital Corp.;3541,194338;nationale_nederlanden_fixed_structure.csv
4Q25;Nationale-Nederlanden;NN DFE Nasze Jutro 2055;Wheaton Precious Metals Corp.;2982,426704;nationale_nederlanden_fixed_structure.csv
4Q25;Nationale-Nederlanden;NN DFE Nasze Jutro 2055;XTB S.A.;83258,11821;nationale_nederlanden_fixed_structure.csv
4Q25;Nationale-Nederlanden;NN DFE Nasze Jutro 2055;Zabka Group SA;192495,4786;nationale_nederlanden_fixed_structure.csv
4Q25;Nationale-Nederlanden;NN DFE Nasze Jutro 2055;mBank S.A.;6858,692501;nationale_nederlanden_fixed_structure.csv
4Q25;Nationale-Nederlanden;NN DFE Nasze Jutro 2060;ASML Holding N.V.;394,6775368;nationale_nederlanden_fixed_structure.csv
4Q25;Nationale-Nederlanden;NN DFE Nasze Jutro 2060;Advanced Micro Devices Inc.;1010,768053;nationale_nederlanden_fixed_structure.csv
4Q25;Nationale-Nederlanden;NN DFE Nasze Jutro 2060;Agnico Eagle Mines Ltd;942,6157411;nationale_nederlanden_fixed_structure.csv
4Q25;Nationale-Nederlanden;NN DFE Nasze Jutro 2060;Alior Bank S.A.;39583,31281;nationale_nederlanden_fixed_structure.csv
4Q25;Nationale-Nederlanden;NN DFE Nasze Jutro 2060;Allegro.eu S.A.;128693,6512;nationale_nederlanden_fixed_structure.csv
4Q25;Nationale-Nederlanden;NN DFE Nasze Jutro 2060;Allianz SE;461,4306511;nationale_nederlanden_fixed_structure.csv
4Q25;Nationale-Nederlanden;NN DFE Nasze Jutro 2060;Alphabet Inc.;2639,333727;nationale_nederlanden_fixed_structure.csv
4Q25;Nationale-Nederlanden;NN DFE Nasze Jutro 2060;Amazon.com Inc.;1450,537313;nationale_nederlanden_fixed_structure.csv
4Q25;Nationale-Nederlanden;NN DFE Nasze Jutro 2060;Apple Inc.;78,1366824;nationale_nederlanden_fixed_structure.csv
4Q25;Nationale-Nederlanden;NN DFE Nasze Jutro 2060;Applied Materials Inc.;36,06308601;nationale_nederlanden_fixed_structure.csv
4Q25;Nationale-Nederlanden;NN DFE Nasze Jutro 2060;Asseco Poland S.A.;16571,98577;nationale_nederlanden_fixed_structure.csv
4Q25;Nationale-Nederlanden;NN DFE Nasze Jutro 2060;BNP Paribas Bank Polska S.A.;#VALUE!;nationale_nederlanden_fixed_structure.csv
4Q25;Nationale-Nederlanden;NN DFE Nasze Jutro 2060;BNP Paribas SA;95,16338378;nationale_nederlanden_fixed_structure.csv
4Q25;Nationale-Nederlanden;NN DFE Nasze Jutro 2060;Banco Bilbao Vizcaya Argentaria S.A.;7451,711459;nationale_nederlanden_fixed_structure.csv
4Q25;Nationale-Nederlanden;NN DFE Nasze Jutro 2060;Banco Comercial Portugues S.A.;200683,5083;nationale_nederlanden_fixed_structure.csv
4Q25;Nationale-Nederlanden;NN DFE Nasze Jutro 2060;Banco Santander S.A.;25866,32654;nationale_nederlanden_fixed_structure.csv
4Q25;Nationale-Nederlanden;NN DFE Nasze Jutro 2060;Bank Millennium S.A.;159374,0511;nationale_nederlanden_fixed_structure.csv
4Q25;Nationale-Nederlanden;NN DFE Nasze Jutro 2060;Bank Pekao S.A.;32558,37075;nationale_nederlanden_fixed_structure.csv
4Q25;Nationale-Nederlanden;NN DFE Nasze Jutro 2060;Bank of America Corp.;2130,727136;nationale_nederlanden_fixed_structure.csv
4Q25;Nationale-Nederlanden;NN DFE Nasze Jutro 2060;Benefit Systems S.A.;1489,572974;nationale_nederlanden_fixed_structure.csv
4Q25;Nationale-Nederlanden;NN DFE Nasze Jutro 2060;Berkshire Hathaway Inc.;0,180785428;nationale_nederlanden_fixed_structure.csv
4Q25;Nationale-Nederlanden;NN DFE Nasze Jutro 2060;Broadcom Inc.;1558,726551;nationale_nederlanden_fixed_structure.csv
4Q25;Nationale-Nederlanden;NN DFE Nasze Jutro 2060;Budimex S.A.;2862,44931;nationale_nederlanden_fixed_structure.csv
4Q25;Nationale-Nederlanden;NN DFE Nasze Jutro 2060;CCC S.A.;4980,217977;nationale_nederlanden_fixed_structure.csv
4Q25;Nationale-Nederlanden;NN DFE Nasze Jutro 2060;CD Projekt S.A.;17679,57054;nationale_nederlanden_fixed_structure.csv
4Q25;Nationale-Nederlanden;NN DFE Nasze Jutro 2060;CaixaBank SA;34518,82727;nationale_nederlanden_fixed_structure.csv
4Q25;Nationale-Nederlanden;NN DFE Nasze Jutro 2060;Caterpillar Inc.;339,5940242;nationale_nederlanden_fixed_structure.csv
4Q25;Nationale-Nederlanden;NN DFE Nasze Jutro 2060;Coca-Cola Company;237,4152847;nationale_nederlanden_fixed_structure.csv
4Q25;Nationale-Nederlanden;NN DFE Nasze Jutro 2060;Compremum S.A.;116656,3707;nationale_nederlanden_fixed_structure.csv
4Q25;Nationale-Nederlanden;NN DFE Nasze Jutro 2060;CrowdStrike Holdings Inc.;641,121464;nationale_nederlanden_fixed_structure.csv
4Q25;Nationale-Nederlanden;NN DFE Nasze Jutro 2060;Cyber_Folks S.A.;9823,995777;nationale_nederlanden_fixed_structure.csv
4Q25;Nationale-Nederlanden;NN DFE Nasze Jutro 2060;DataWalk S.A.;14744,0516;nationale_nederlanden_fixed_structure.csv
4Q25;Nationale-Nederlanden;NN DFE Nasze Jutro 2060;Deutsche Post AG;27,02522451;nationale_nederlanden_fixed_structure.csv
4Q25;Nationale-Nederlanden;NN DFE Nasze Jutro 2060;Diagnostyka S.A.;8036,78924;nationale_nederlanden_fixed_structure.csv
4Q25;Nationale-Nederlanden;NN DFE Nasze Jutro 2060;Dino Polska S.A.;103591,4152;nationale_nederlanden_fixed_structure.csv
4Q25;Nationale-Nederlanden;NN DFE Nasze Jutro 2060;Erste Group Bank AG;923,8622501;nationale_nederlanden_fixed_structure.csv
4Q25;Nationale-Nederlanden;NN DFE Nasze Jutro 2060;GE Vernova Inc.;173,303144;nationale_nederlanden_fixed_structure.csv
4Q25;Nationale-Nederlanden;NN DFE Nasze Jutro 2060;General Electric Co.;691,2090829;nationale_nederlanden_fixed_structure.csv
4Q25;Nationale-Nederlanden;NN DFE Nasze Jutro 2060;Grenergy Renovables S.A.;3615,017124;nationale_nederlanden_fixed_structure.csv
4Q25;Nationale-Nederlanden;NN DFE Nasze Jutro 2060;Grupa Kęty S.A.;2966,665999;nationale_nederlanden_fixed_structure.csv
4Q25;Nationale-Nederlanden;NN DFE Nasze Jutro 2060;Grupa Pracuj S.A.;252016,0091;nationale_nederlanden_fixed_structure.csv
4Q25;Nationale-Nederlanden;NN DFE Nasze Jutro 2060;ING Bank Śląski S.A.;11038,88597;nationale_nederlanden_fixed_structure.csv
4Q25;Nationale-Nederlanden;NN DFE Nasze Jutro 2060;ING Groep N.V.;2908,993766;nationale_nederlanden_fixed_structure.csv
4Q25;Nationale-Nederlanden;NN DFE Nasze Jutro 2060;InPost S.A.;12003,60671;nationale_nederlanden_fixed_structure.csv
4Q25;Nationale-Nederlanden;NN DFE Nasze Jutro 2060;Intel Corp.;223,3907909;nationale_nederlanden_fixed_structure.csv
4Q25;Nationale-Nederlanden;NN DFE Nasze Jutro 2060;JP Morgan Chase & Co.;909,591071;nationale_nederlanden_fixed_structure.csv
4Q25;Nationale-Nederlanden;NN DFE Nasze Jutro 2060;KGHM Polska Miedź S.A.;17470,82454;nationale_nederlanden_fixed_structure.csv
4Q25;Nationale-Nederlanden;NN DFE Nasze Jutro 2060;Kruk S.A.;3935,867761;nationale_nederlanden_fixed_structure.csv
4Q25;Nationale-Nederlanden;NN DFE Nasze Jutro 2060;LPP S.A.;420,6236074;nationale_nederlanden_fixed_structure.csv
4Q25;Nationale-Nederlanden;NN DFE Nasze Jutro 2060;LVMH S.A.;159,2734195;nationale_nederlanden_fixed_structure.csv
4Q25;Nationale-Nederlanden;NN DFE Nasze Jutro 2060;Linde Plc;57,09988381;nationale_nederlanden_fixed_structure.csv
4Q25;Nationale-Nederlanden;NN DFE Nasze Jutro 2060;Lundin Mining Corp.;24824,26006;nationale_nederlanden_fixed_structure.csv
4Q25;Nationale-Nederlanden;NN DFE Nasze Jutro 2060;Mercadolibre Inc.;20,03504626;nationale_nederlanden_fixed_structure.csv
4Q25;Nationale-Nederlanden;NN DFE Nasze Jutro 2060;Meta Platforms Inc.;68,11915565;nationale_nederlanden_fixed_structure.csv
4Q25;Nationale-Nederlanden;NN DFE Nasze Jutro 2060;Micron Technology Inc.;1678,936843;nationale_nederlanden_fixed_structure.csv
4Q25;Nationale-Nederlanden;NN DFE Nasze Jutro 2060;Microsoft Corp.;899,5735594;nationale_nederlanden_fixed_structure.csv
4Q25;Nationale-Nederlanden;NN DFE Nasze Jutro 2060;Mirbud S.A.;26925,18489;nationale_nederlanden_fixed_structure.csv
4Q25;Nationale-Nederlanden;NN DFE Nasze Jutro 2060;Münchener Rück AG;28,02616086;nationale_nederlanden_fixed_structure.csv
4Q25;Nationale-Nederlanden;NN DFE Nasze Jutro 2060;Nektar Therapeutics;8973,697028;nationale_nederlanden_fixed_structure.csv
4Q25;Nationale-Nederlanden;NN DFE Nasze Jutro 2060;Nvidia Corp.;3852,739319;nationale_nederlanden_fixed_structure.csv
4Q25;Nationale-Nederlanden;NN DFE Nasze Jutro 2060;Oracle Corp.;1186,074721;nationale_nederlanden_fixed_structure.csv
4Q25;Nationale-Nederlanden;NN DFE Nasze Jutro 2060;Orange Polska S.A.;157971,4553;nationale_nederlanden_fixed_structure.csv
4Q25;Nationale-Nederlanden;NN DFE Nasze Jutro 2060;Orlen S.A.;49466,0128;nationale_nederlanden_fixed_structure.csv
4Q25;Nationale-Nederlanden;NN DFE Nasze Jutro 2060;PGE Polska Grupa Energetyczna S.A.;114502,3387;nationale_nederlanden_fixed_structure.csv
4Q25;Nationale-Nederlanden;NN DFE Nasze Jutro 2060;PKO Bank Polski S.A.;98797,49706;nationale_nederlanden_fixed_structure.csv
4Q25;Nationale-Nederlanden;NN DFE Nasze Jutro 2060;PKP Cargo S.A.;35063,73042;nationale_nederlanden_fixed_structure.csv
4Q25;Nationale-Nederlanden;NN DFE Nasze Jutro 2060;Pepco Group N.V.;13575,08933;nationale_nederlanden_fixed_structure.csv
4Q25;Nationale-Nederlanden;NN DFE Nasze Jutro 2060;PepsiCo Inc.;16,02804414;nationale_nederlanden_fixed_structure.csv
4Q25;Nationale-Nederlanden;NN DFE Nasze Jutro 2060;Powszechny Zakład Ubezpieczeń S.A.;99227,72835;nationale_nederlanden_fixed_structure.csv
4Q25;Nationale-Nederlanden;NN DFE Nasze Jutro 2060;Procter & Gamble Co;195,3416908;nationale_nederlanden_fixed_structure.csv
4Q25;Nationale-Nederlanden;NN DFE Nasze Jutro 2060;RTX Corp.;1106,936276;nationale_nederlanden_fixed_structure.csv
4Q25;Nationale-Nederlanden;NN DFE Nasze Jutro 2060;Rainbow Tours S.A.;6999,361162;nationale_nederlanden_fixed_structure.csv
4Q25;Nationale-Nederlanden;NN DFE Nasze Jutro 2060;Render Cube S.A.;2435,039927;nationale_nederlanden_fixed_structure.csv
4Q25;Nationale-Nederlanden;NN DFE Nasze Jutro 2060;Rheinmetall AG;101,0943521;nationale_nederlanden_fixed_structure.csv
4Q25;Nationale-Nederlanden;NN DFE Nasze Jutro 2060;SAP SE;291,2718489;nationale_nederlanden_fixed_structure.csv
4Q25;Nationale-Nederlanden;NN DFE Nasze Jutro 2060;Santander Bank Polska S.A.;8256,634397;nationale_nederlanden_fixed_structure.csv
4Q25;Nationale-Nederlanden;NN DFE Nasze Jutro 2060;Schneider Electric SE;695,1934394;nationale_nederlanden_fixed_structure.csv
4Q25;Nationale-Nederlanden;NN DFE Nasze Jutro 2060;Selvita S.A.;152,3509259;nationale_nederlanden_fixed_structure.csv
4Q25;Nationale-Nederlanden;NN DFE Nasze Jutro 2060;Shoper S.A.;25844,2474;nationale_nederlanden_fixed_structure.csv
4Q25;Nationale-Nederlanden;NN DFE Nasze Jutro 2060;Siemens Energy AG;1287,201354;nationale_nederlanden_fixed_structure.csv
4Q25;Nationale-Nederlanden;NN DFE Nasze Jutro 2060;Snowflake Inc.;1568,744077;nationale_nederlanden_fixed_structure.csv
4Q25;Nationale-Nederlanden;NN DFE Nasze Jutro 2060;Synektik S.A.;6394,673673;nationale_nederlanden_fixed_structure.csv
4Q25;Nationale-Nederlanden;NN DFE Nasze Jutro 2060;Torpol S.A.;22634,63997;nationale_nederlanden_fixed_structure.csv
4Q25;Nationale-Nederlanden;NN DFE Nasze Jutro 2060;UniCredit S.p.A.;3264,809325;nationale_nederlanden_fixed_structure.csv
4Q25;Nationale-Nederlanden;NN DFE Nasze Jutro 2060;Vercom S.A.;2449,794204;nationale_nederlanden_fixed_structure.csv
4Q25;Nationale-Nederlanden;NN DFE Nasze Jutro 2060;Vertiv Holdings Co.;1473,577628;nationale_nederlanden_fixed_structure.csv
4Q25;Nationale-Nederlanden;NN DFE Nasze Jutro 2060;Visa Inc.;271,4748669;nationale_nederlanden_fixed_structure.csv
4Q25;Nationale-Nederlanden;NN DFE Nasze Jutro 2060;Walmart Inc.;320,5607273;nationale_nederlanden_fixed_structure.csv
4Q25;Nationale-Nederlanden;NN DFE Nasze Jutro 2060;Waste Management Inc.;307,5379478;nationale_nederlanden_fixed_structure.csv
4Q25;Nationale-Nederlanden;NN DFE Nasze Jutro 2060;Wells Fargo & Co;2795,890593;nationale_nederlanden_fixed_structure.csv
4Q25;Nationale-Nederlanden;NN DFE Nasze Jutro 2060;Western Digital Corp.;1732,029712;nationale_nederlanden_fixed_structure.csv
4Q25;Nationale-Nederlanden;NN DFE Nasze Jutro 2060;Wheaton Precious Metals Corp.;1445,507586;nationale_nederlanden_fixed_structure.csv
4Q25;Nationale-Nederlanden;NN DFE Nasze Jutro 2060;XTB S.A.;40945,97522;nationale_nederlanden_fixed_structure.csv
4Q25;Nationale-Nederlanden;NN DFE Nasze Jutro 2060;Zabka Group SA;94298,76463;nationale_nederlanden_fixed_structure.csv
4Q25;Nationale-Nederlanden;NN DFE Nasze Jutro 2060;mBank S.A.;3375,770523;nationale_nederlanden_fixed_structure.csv
4Q25;Nationale-Nederlanden;NN DFE Nasze Jutro 2065;ASML Holding N.V.;64,11005989;nationale_nederlanden_fixed_structure.csv
4Q25;Nationale-Nederlanden;NN DFE Nasze Jutro 2065;Advanced Micro Devices Inc.;170,2978869;nationale_nederlanden_fixed_structure.csv
4Q25;Nationale-Nederlanden;NN DFE Nasze Jutro 2065;Agnico Eagle Mines Ltd;168,0008784;nationale_nederlanden_fixed_structure.csv
4Q25;Nationale-Nederlanden;NN DFE Nasze Jutro 2065;Alior Bank S.A.;6757,193119;nationale_nederlanden_fixed_structure.csv
4Q25;Nationale-Nederlanden;NN DFE Nasze Jutro 2065;Allegro.eu S.A.;22019,21341;nationale_nederlanden_fixed_structure.csv
4Q25;Nationale-Nederlanden;NN DFE Nasze Jutro 2065;Allianz SE;74,06912914;nationale_nederlanden_fixed_structure.csv
4Q25;Nationale-Nederlanden;NN DFE Nasze Jutro 2065;Alphabet Inc.;437,8803121;nationale_nederlanden_fixed_structure.csv
4Q25;Nationale-Nederlanden;NN DFE Nasze Jutro 2065;Amazon.com Inc.;240,4205673;nationale_nederlanden_fixed_structure.csv
4Q25;Nationale-Nederlanden;NN DFE Nasze Jutro 2065;Apple Inc.;14,02453851;nationale_nederlanden_fixed_structure.csv
4Q25;Nationale-Nederlanden;NN DFE Nasze Jutro 2065;Applied Materials Inc.;6,010512531;nationale_nederlanden_fixed_structure.csv
4Q25;Nationale-Nederlanden;NN DFE Nasze Jutro 2065;Asseco Poland S.A.;2788,761515;nationale_nederlanden_fixed_structure.csv
4Q25;Nationale-Nederlanden;NN DFE Nasze Jutro 2065;BNP Paribas Bank Polska S.A.;#VALUE!;nationale_nederlanden_fixed_structure.csv
4Q25;Nationale-Nederlanden;NN DFE Nasze Jutro 2065;BNP Paribas SA;37,06363121;nationale_nederlanden_fixed_structure.csv
4Q25;Nationale-Nederlanden;NN DFE Nasze Jutro 2065;Banco Bilbao Vizcaya Argentaria S.A.;1249,62911;nationale_nederlanden_fixed_structure.csv
4Q25;Nationale-Nederlanden;NN DFE Nasze Jutro 2065;Banco Comercial Portugues S.A.;33645,76258;nationale_nederlanden_fixed_structure.csv
4Q25;Nationale-Nederlanden;NN DFE Nasze Jutro 2065;Banco Santander S.A.;4490,17509;nationale_nederlanden_fixed_structure.csv
4Q25;Nationale-Nederlanden;NN DFE Nasze Jutro 2065;Bank Millennium S.A.;26770,82682;nationale_nederlanden_fixed_structure.csv
4Q25;Nationale-Nederlanden;NN DFE Nasze Jutro 2065;Bank Pekao S.A.;5470,10941;nationale_nederlanden_fixed_structure.csv
4Q25;Nationale-Nederlanden;NN DFE Nasze Jutro 2065;Bank of America Corp.;357,6255869;nationale_nederlanden_fixed_structure.csv
4Q25;Nationale-Nederlanden;NN DFE Nasze Jutro 2065;Benefit Systems S.A.;250,7597521;nationale_nederlanden_fixed_structure.csv
4Q25;Nationale-Nederlanden;NN DFE Nasze Jutro 2065;Berkshire Hathaway Inc.;0,033355245;nationale_nederlanden_fixed_structure.csv
4Q25;Nationale-Nederlanden;NN DFE Nasze Jutro 2065;Broadcom Inc.;261,457346;nationale_nederlanden_fixed_structure.csv
4Q25;Nationale-Nederlanden;NN DFE Nasze Jutro 2065;Budimex S.A.;484,2452179;nationale_nederlanden_fixed_structure.csv
4Q25;Nationale-Nederlanden;NN DFE Nasze Jutro 2065;CCC S.A.;840,4495819;nationale_nederlanden_fixed_structure.csv
4Q25;Nationale-Nederlanden;NN DFE Nasze Jutro 2065;CD Projekt S.A.;3019,612407;nationale_nederlanden_fixed_structure.csv
4Q25;Nationale-Nederlanden;NN DFE Nasze Jutro 2065;CaixaBank SA;5786,839023;nationale_nederlanden_fixed_structure.csv
4Q25;Nationale-Nederlanden;NN DFE Nasze Jutro 2065;Caterpillar Inc.;57,09988052;nationale_nederlanden_fixed_structure.csv
4Q25;Nationale-Nederlanden;NN DFE Nasze Jutro 2065;Coca-Cola Company;36,06307115;nationale_nederlanden_fixed_structure.csv
4Q25;Nationale-Nederlanden;NN DFE Nasze Jutro 2065;CrowdStrike Holdings Inc.;105,1839892;nationale_nederlanden_fixed_structure.csv
4Q25;Nationale-Nederlanden;NN DFE Nasze Jutro 2065;Cyber_Folks S.A.;1705,921553;nationale_nederlanden_fixed_structure.csv
4Q25;Nationale-Nederlanden;NN DFE Nasze Jutro 2065;DataWalk S.A.;2021,426188;nationale_nederlanden_fixed_structure.csv
4Q25;Nationale-Nederlanden;NN DFE Nasze Jutro 2065;Deutsche Post AG;2,001881621;nationale_nederlanden_fixed_structure.csv
4Q25;Nationale-Nederlanden;NN DFE Nasze Jutro 2065;Diagnostyka S.A.;1388,793684;nationale_nederlanden_fixed_structure.csv
4Q25;Nationale-Nederlanden;NN DFE Nasze Jutro 2065;Dino Polska S.A.;17646,97533;nationale_nederlanden_fixed_structure.csv
4Q25;Nationale-Nederlanden;NN DFE Nasze Jutro 2065;Erste Group Bank AG;146,1364018;nationale_nederlanden_fixed_structure.csv
4Q25;Nationale-Nederlanden;NN DFE Nasze Jutro 2065;GE Vernova Inc.;29,05081479;nationale_nederlanden_fixed_structure.csv
4Q25;Nationale-Nederlanden;NN DFE Nasze Jutro 2065;General Electric Co.;116,2032668;nationale_nederlanden_fixed_structure.csv
4Q25;Nationale-Nederlanden;NN DFE Nasze Jutro 2065;Grenergy Renovables S.A.;583,0026126;nationale_nederlanden_fixed_structure.csv
4Q25;Nationale-Nederlanden;NN DFE Nasze Jutro 2065;Grupa Kęty S.A.;512,5337822;nationale_nederlanden_fixed_structure.csv
4Q25;Nationale-Nederlanden;NN DFE Nasze Jutro 2065;Grupa Pracuj S.A.;43448,09091;nationale_nederlanden_fixed_structure.csv
4Q25;Nationale-Nederlanden;NN DFE Nasze Jutro 2065;ING Bank Śląski S.A.;1837,49429;nationale_nederlanden_fixed_structure.csv
4Q25;Nationale-Nederlanden;NN DFE Nasze Jutro 2065;ING Groep N.V.;460,7910258;nationale_nederlanden_fixed_structure.csv
4Q25;Nationale-Nederlanden;NN DFE Nasze Jutro 2065;InPost S.A.;1969,381097;nationale_nederlanden_fixed_structure.csv
4Q25;Nationale-Nederlanden;NN DFE Nasze Jutro 2065;Intel Corp.;38,0665604;nationale_nederlanden_fixed_structure.csv
4Q25;Nationale-Nederlanden;NN DFE Nasze Jutro 2065;JP Morgan Chase & Co.;153,2681039;nationale_nederlanden_fixed_structure.csv
4Q25;Nationale-Nederlanden;NN DFE Nasze Jutro 2065;KGHM Polska Miedź S.A.;2940,456588;nationale_nederlanden_fixed_structure.csv
4Q25;Nationale-Nederlanden;NN DFE Nasze Jutro 2065;Kruk S.A.;686,546849;nationale_nederlanden_fixed_structure.csv
4Q25;Nationale-Nederlanden;NN DFE Nasze Jutro 2065;LPP S.A.;71,76517107;nationale_nederlanden_fixed_structure.csv
4Q25;Nationale-Nederlanden;NN DFE Nasze Jutro 2065;LVMH S.A.;27,04642639;nationale_nederlanden_fixed_structure.csv
4Q25;Nationale-Nederlanden;NN DFE Nasze Jutro 2065;Linde Plc;10,01752142;nationale_nederlanden_fixed_structure.csv
4Q25;Nationale-Nederlanden;NN DFE Nasze Jutro 2065;Lundin Mining Corp.;4111,113745;nationale_nederlanden_fixed_structure.csv
4Q25;Nationale-Nederlanden;NN DFE Nasze Jutro 2065;Mercadolibre Inc.;4,007009805;nationale_nederlanden_fixed_structure.csv
4Q25;Nationale-Nederlanden;NN DFE Nasze Jutro 2065;Meta Platforms Inc.;11,0192745;nationale_nederlanden_fixed_structure.csv
4Q25;Nationale-Nederlanden;NN DFE Nasze Jutro 2065;Micron Technology Inc.;281,4923964;nationale_nederlanden_fixed_structure.csv
4Q25;Nationale-Nederlanden;NN DFE Nasze Jutro 2065;Microsoft Corp.;149,2610891;nationale_nederlanden_fixed_structure.csv
4Q25;Nationale-Nederlanden;NN DFE Nasze Jutro 2065;Mirbud S.A.;4453,089069;nationale_nederlanden_fixed_structure.csv
4Q25;Nationale-Nederlanden;NN DFE Nasze Jutro 2065;Münchener Rück AG;5,004669326;nationale_nederlanden_fixed_structure.csv
4Q25;Nationale-Nederlanden;NN DFE Nasze Jutro 2065;Nektar Therapeutics;1470,572416;nationale_nederlanden_fixed_structure.csv
4Q25;Nationale-Nederlanden;NN DFE Nasze Jutro 2065;Nvidia Corp.;646,1302286;nationale_nederlanden_fixed_structure.csv
4Q25;Nationale-Nederlanden;NN DFE Nasze Jutro 2065;Oracle Corp.;202,3539665;nationale_nederlanden_fixed_structure.csv
4Q25;Nationale-Nederlanden;NN DFE Nasze Jutro 2065;Orange Polska S.A.;26659,46222;nationale_nederlanden_fixed_structure.csv
4Q25;Nationale-Nederlanden;NN DFE Nasze Jutro 2065;Orlen S.A.;8365,384559;nationale_nederlanden_fixed_structure.csv
4Q25;Nationale-Nederlanden;NN DFE Nasze Jutro 2065;PGE Polska Grupa Energetyczna S.A.;19197,47388;nationale_nederlanden_fixed_structure.csv
4Q25;Nationale-Nederlanden;NN DFE Nasze Jutro 2065;PKO Bank Polski S.A.;16600,09183;nationale_nederlanden_fixed_structure.csv
4Q25;Nationale-Nederlanden;NN DFE Nasze Jutro 2065;PKP Cargo S.A.;5921,71009;nationale_nederlanden_fixed_structure.csv
4Q25;Nationale-Nederlanden;NN DFE Nasze Jutro 2065;Pepco Group N.V.;2290,533333;nationale_nederlanden_fixed_structure.csv
4Q25;Nationale-Nederlanden;NN DFE Nasze Jutro 2065;PepsiCo Inc.;2,00349825;nationale_nederlanden_fixed_structure.csv
4Q25;Nationale-Nederlanden;NN DFE Nasze Jutro 2065;Powszechny Zakład Ubezpieczeń S.A.;16636,24064;nationale_nederlanden_fixed_structure.csv
4Q25;Nationale-Nederlanden;NN DFE Nasze Jutro 2065;Procter & Gamble Co;28,04906738;nationale_nederlanden_fixed_structure.csv
4Q25;Nationale-Nederlanden;NN DFE Nasze Jutro 2065;RTX Corp.;187,3276728;nationale_nederlanden_fixed_structure.csv
4Q25;Nationale-Nederlanden;NN DFE Nasze Jutro 2065;Rainbow Tours S.A.;1159,09181;nationale_nederlanden_fixed_structure.csv
4Q25;Nationale-Nederlanden;NN DFE Nasze Jutro 2065;Render Cube S.A.;311,9384709;nationale_nederlanden_fixed_structure.csv
4Q25;Nationale-Nederlanden;NN DFE Nasze Jutro 2065;Rheinmetall AG;17,01588132;nationale_nederlanden_fixed_structure.csv
4Q25;Nationale-Nederlanden;NN DFE Nasze Jutro 2065;SAP SE;46,04297728;nationale_nederlanden_fixed_structure.csv
4Q25;Nationale-Nederlanden;NN DFE Nasze Jutro 2065;Santander Bank Polska S.A.;1389,78018;nationale_nederlanden_fixed_structure.csv
4Q25;Nationale-Nederlanden;NN DFE Nasze Jutro 2065;Schneider Electric SE;116,1994657;nationale_nederlanden_fixed_structure.csv
4Q25;Nationale-Nederlanden;NN DFE Nasze Jutro 2065;Selvita S.A.;9,020833333;nationale_nederlanden_fixed_structure.csv
4Q25;Nationale-Nederlanden;NN DFE Nasze Jutro 2065;Shoper S.A.;4549,267286;nationale_nederlanden_fixed_structure.csv
4Q25;Nationale-Nederlanden;NN DFE Nasze Jutro 2065;Siemens Energy AG;216,2017805;nationale_nederlanden_fixed_structure.csv
4Q25;Nationale-Nederlanden;NN DFE Nasze Jutro 2065;Snowflake Inc.;259,4538339;nationale_nederlanden_fixed_structure.csv
4Q25;Nationale-Nederlanden;NN DFE Nasze Jutro 2065;Synektik S.A.;1076,041366;nationale_nederlanden_fixed_structure.csv
4Q25;Nationale-Nederlanden;NN DFE Nasze Jutro 2065;Torpol S.A.;3809,996398;nationale_nederlanden_fixed_structure.csv
4Q25;Nationale-Nederlanden;NN DFE Nasze Jutro 2065;UniCredit S.p.A.;561,451402;nationale_nederlanden_fixed_structure.csv
4Q25;Nationale-Nederlanden;NN DFE Nasze Jutro 2065;Vercom S.A.;414,0636785;nationale_nederlanden_fixed_structure.csv
4Q25;Nationale-Nederlanden;NN DFE Nasze Jutro 2065;Vertiv Holdings Co.;244,4275707;nationale_nederlanden_fixed_structure.csv
4Q25;Nationale-Nederlanden;NN DFE Nasze Jutro 2065;Visa Inc.;48,08412367;nationale_nederlanden_fixed_structure.csv
4Q25;Nationale-Nederlanden;NN DFE Nasze Jutro 2065;Walmart Inc.;46,08061578;nationale_nederlanden_fixed_structure.csv
4Q25;Nationale-Nederlanden;NN DFE Nasze Jutro 2065;Waste Management Inc.;51,08936118;nationale_nederlanden_fixed_structure.csv
4Q25;Nationale-Nederlanden;NN DFE Nasze Jutro 2065;Wells Fargo & Co;470,823586;nationale_nederlanden_fixed_structure.csv
4Q25;Nationale-Nederlanden;NN DFE Nasze Jutro 2065;Western Digital Corp.;287,502906;nationale_nederlanden_fixed_structure.csv
4Q25;Nationale-Nederlanden;NN DFE Nasze Jutro 2065;Wheaton Precious Metals Corp.;248,1170709;nationale_nederlanden_fixed_structure.csv
4Q25;Nationale-Nederlanden;NN DFE Nasze Jutro 2065;XTB S.A.;6924,914926;nationale_nederlanden_fixed_structure.csv
4Q25;Nationale-Nederlanden;NN DFE Nasze Jutro 2065;Zabka Group SA;15851,79258;nationale_nederlanden_fixed_structure.csv
4Q25;Nationale-Nederlanden;NN DFE Nasze Jutro 2065;mBank S.A.;566,801008;nationale_nederlanden_fixed_structure.csv
4Q22;Pocztylion;PPK Pocztylion 2025 DFE;AB S.A.;38.08551165146909;sztuki.xlsx
4Q22;Pocztylion;PPK Pocztylion 2025 DFE;AMICA S.A.;9.930079155672823;sztuki.xlsx
4Q22;Pocztylion;PPK Pocztylion 2025 DFE;Allegro.eu S.A.;5347.595702347791;sztuki.xlsx
4Q22;Pocztylion;PPK Pocztylion 2025 DFE;Ambra S.A.;105.99183673469386;sztuki.xlsx
4Q22;Pocztylion;PPK Pocztylion 2025 DFE;Asseco Poland S.A.;658.8752066115703;sztuki.xlsx
4Q22;Pocztylion;PPK Pocztylion 2025 DFE;Bank Polska Kasa Opieki S.A.;1568.0616184971097;sztuki.xlsx
4Q22;Pocztylion;PPK Pocztylion 2025 DFE;Bank Polska Kasa Opieki S.A. - PEO1027 - 29.10.2027;2614.863468208093;sztuki.xlsx
4Q22;Pocztylion;PPK Pocztylion 2025 DFE;Budimex S.A.;10.887359154929579;sztuki.xlsx
4Q22;Pocztylion;PPK Pocztylion 2025 DFE;CCC S.A.;167.46792628878006;sztuki.xlsx
4Q22;Pocztylion;PPK Pocztylion 2025 DFE;CD Projekt S.A.;743.5843103980254;sztuki.xlsx
4Q22;Pocztylion;PPK Pocztylion 2025 DFE;Cyfrowy Polsat S.A.;1510.7342419080069;sztuki.xlsx
4Q22;Pocztylion;PPK Pocztylion 2025 DFE;Dino Polska S.A.;4598.037569944045;sztuki.xlsx
4Q22;Pocztylion;PPK Pocztylion 2025 DFE;Ferro S.A.;46.841;sztuki.xlsx
4Q22;Pocztylion;PPK Pocztylion 2025 DFE;Grupa Kęty S.A.;140.55450765864333;sztuki.xlsx
4Q22;Pocztylion;PPK Pocztylion 2025 DFE;KGHM Polska Miedź S.A.;1042.0913609467455;sztuki.xlsx
4Q22;Pocztylion;PPK Pocztylion 2025 DFE;LPP S.A.;13.98192018779343;sztuki.xlsx
4Q22;Pocztylion;PPK Pocztylion 2025 DFE;LiveChat Software S.A.;25.145700934579438;sztuki.xlsx
4Q22;Pocztylion;PPK Pocztylion 2025 DFE;Oponeo.pl S.A.;25.31949860724234;sztuki.xlsx
4Q22;Pocztylion;PPK Pocztylion 2025 DFE;Orange Polska S.A.;4876.252641110776;sztuki.xlsx
4Q22;Pocztylion;PPK Pocztylion 2025 DFE;PGE Polska Grupa Energetyczna S.A.;2743.5938407902386;sztuki.xlsx
4Q22;Pocztylion;PPK Pocztylion 2025 DFE;Polski Koncern Naftowy Orlen S.A.;4295.395236612703;sztuki.xlsx
4Q22;Pocztylion;PPK Pocztylion 2025 DFE;Powszechna Kasa Oszczędności Bank Polski S.A.;7581.092109607131;sztuki.xlsx
4Q22;Pocztylion;PPK Pocztylion 2025 DFE;Powszechny Zakład Ubezpieczeń S.A.;5013.663466967815;sztuki.xlsx
4Q22;Pocztylion;PPK Pocztylion 2025 DFE;Poznańska Korporacja Budowlana Pekabex S.A.;58.50526315789474;sztuki.xlsx
4Q22;Pocztylion;PPK Pocztylion 2025 DFE;Santander Bank Polska S.A.;292.3319583654588;sztuki.xlsx
4Q22;Pocztylion;PPK Pocztylion 2025 DFE;Tauron Polska Energia S.A.;1888.277489381784;sztuki.xlsx
4Q22;Pocztylion;PPK Pocztylion 2025 DFE;Wirtualna Polska Holding S.A.;22.99079207920792;sztuki.xlsx
4Q22;Pocztylion;PPK Pocztylion 2025 DFE;mBank S.A.;69.99206081081081;sztuki.xlsx
4Q22;Pocztylion;PPK Pocztylion 2030 DFE;AB S.A.;739.6613981762918;sztuki.xlsx
4Q22;Pocztylion;PPK Pocztylion 2030 DFE;AMICA S.A.;592.8257255936676;sztuki.xlsx
4Q22;Pocztylion;PPK Pocztylion 2030 DFE;Alior Bank S.A.;542.5080245112342;sztuki.xlsx
4Q22;Pocztylion;PPK Pocztylion 2030 DFE;Allegro.eu S.A.;20056.48348587346;sztuki.xlsx
4Q22;Pocztylion;PPK Pocztylion 2030 DFE;AmRest Holdings SE;340.21523517382417;sztuki.xlsx
4Q22;Pocztylion;PPK Pocztylion 2030 DFE;Ambra S.A.;899.9515306122448;sztuki.xlsx
4Q22;Pocztylion;PPK Pocztylion 2030 DFE;Asseco Poland S.A.;2461.2114325068874;sztuki.xlsx
4Q22;Pocztylion;PPK Pocztylion 2030 DFE;Auto Partner S.A.;2548.123695976155;sztuki.xlsx
4Q22;Pocztylion;PPK Pocztylion 2030 DFE;Bank Handlowy w Warszawie S.A.;1917.2685185185187;sztuki.xlsx
4Q22;Pocztylion;PPK Pocztylion 2030 DFE;Bank Millennium S.A.;13378.93231441048;sztuki.xlsx
4Q22;Pocztylion;PPK Pocztylion 2030 DFE;Bank Polska Kasa Opieki S.A.;5859.2302890173405;sztuki.xlsx
4Q22;Pocztylion;PPK Pocztylion 2030 DFE;Bank Polska Kasa Opieki S.A. - PEO1027 - 29.10.2027;2945.858843930636;sztuki.xlsx
4Q22;Pocztylion;PPK Pocztylion 2030 DFE;Benefit Systems S.A.;3.9482392473118275;sztuki.xlsx
4Q22;Pocztylion;PPK Pocztylion 2030 DFE;CCC S.A.;531.6603685560999;sztuki.xlsx
4Q22;Pocztylion;PPK Pocztylion 2030 DFE;CD Projekt S.A.;2770.0010799136076;sztuki.xlsx
4Q22;Pocztylion;PPK Pocztylion 2030 DFE;Comarch S.A.;592.7428048780488;sztuki.xlsx
4Q22;Pocztylion;PPK Pocztylion 2030 DFE;Cyfrowy Polsat S.A.;5770.9840999432145;sztuki.xlsx
4Q22;Pocztylion;PPK Pocztylion 2030 DFE;Develia S.A.;37661.30753564155;sztuki.xlsx
4Q22;Pocztylion;PPK Pocztylion 2030 DFE;Dino Polska S.A.;14263.912603250732;sztuki.xlsx
4Q22;Pocztylion;PPK Pocztylion 2030 DFE;Fabryki Mebli FORTE S.A.;1330.578712871287;sztuki.xlsx
4Q22;Pocztylion;PPK Pocztylion 2030 DFE;Ferro S.A.;1892.3835000000001;sztuki.xlsx
4Q22;Pocztylion;PPK Pocztylion 2030 DFE;Giełda Papierów Wartościowych w Warszawie S.A.;1683.1131756756756;sztuki.xlsx
4Q22;Pocztylion;PPK Pocztylion 2030 DFE;Grupa Kęty S.A.;530.0913129102845;sztuki.xlsx
4Q22;Pocztylion;PPK Pocztylion 2030 DFE;ING Bank Śląski S.A.;763.3371966019417;sztuki.xlsx
4Q22;Pocztylion;PPK Pocztylion 2030 DFE;Inter Cars S.A.;422.2056616052061;sztuki.xlsx
4Q22;Pocztylion;PPK Pocztylion 2030 DFE;KGHM Polska Miedź S.A.;3867.183116370809;sztuki.xlsx
4Q22;Pocztylion;PPK Pocztylion 2030 DFE;Kruk S.A.;677.5297096774193;sztuki.xlsx
4Q22;Pocztylion;PPK Pocztylion 2030 DFE;LPP S.A.;52.93155586854459;sztuki.xlsx
4Q22;Pocztylion;PPK Pocztylion 2030 DFE;LiveChat Software S.A.;1006.8328971962616;sztuki.xlsx
4Q22;Pocztylion;PPK Pocztylion 2030 DFE;Mangata Holding S.A.;422.12558139534883;sztuki.xlsx
4Q22;Pocztylion;PPK Pocztylion 2030 DFE;Onde S.A.;1216.0614300100706;sztuki.xlsx
4Q22;Pocztylion;PPK Pocztylion 2030 DFE;Oponeo.pl S.A.;1026.9559888579388;sztuki.xlsx
4Q22;Pocztylion;PPK Pocztylion 2030 DFE;Orange Polska S.A.;18182.570178086327;sztuki.xlsx
4Q22;Pocztylion;PPK Pocztylion 2030 DFE;PGE Polska Grupa Energetyczna S.A.;11140.685647879138;sztuki.xlsx
4Q22;Pocztylion;PPK Pocztylion 2030 DFE;Polski Koncern Naftowy Orlen S.A.;10167.403642590287;sztuki.xlsx
4Q22;Pocztylion;PPK Pocztylion 2030 DFE;Powszechna Kasa Oszczędności Bank Polski S.A.;28292.860680092443;sztuki.xlsx
4Q22;Pocztylion;PPK Pocztylion 2030 DFE;Powszechny Zakład Ubezpieczeń S.A.;18686.29107848673;sztuki.xlsx
4Q22;Pocztylion;PPK Pocztylion 2030 DFE;Poznańska Korporacja Budowlana Pekabex S.A.;1912.5115789473684;sztuki.xlsx
4Q22;Pocztylion;PPK Pocztylion 2030 DFE;Santander Bank Polska S.A.;1096.2448727833462;sztuki.xlsx
4Q22;Pocztylion;PPK Pocztylion 2030 DFE;Tauron Polska Energia S.A.;26164.733364794716;sztuki.xlsx
4Q22;Pocztylion;PPK Pocztylion 2030 DFE;VRG S.A.;10954.270270270268;sztuki.xlsx
4Q22;Pocztylion;PPK Pocztylion 2030 DFE;Wielton S.A.;1701.8345021037867;sztuki.xlsx
4Q22;Pocztylion;PPK Pocztylion 2030 DFE;Wirtualna Polska Holding S.A.;1201.520396039604;sztuki.xlsx
4Q22;Pocztylion;PPK Pocztylion 2030 DFE;mBank S.A.;275.96868243243244;sztuki.xlsx
4Q22;Pocztylion;PPK Pocztylion 2035 DFE;AB S.A.;1989.4686930091184;sztuki.xlsx
4Q22;Pocztylion;PPK Pocztylion 2035 DFE;AMICA S.A.;1443.8335092348286;sztuki.xlsx
4Q22;Pocztylion;PPK Pocztylion 2035 DFE;Alior Bank S.A.;794.3510358914501;sztuki.xlsx
4Q22;Pocztylion;PPK Pocztylion 2035 DFE;Allegro.eu S.A.;28909.81416633506;sztuki.xlsx
4Q22;Pocztylion;PPK Pocztylion 2035 DFE;AmRest Holdings SE;1101.9800613496934;sztuki.xlsx
4Q22;Pocztylion;PPK Pocztylion 2035 DFE;Ambra S.A.;2704.760714285714;sztuki.xlsx
4Q22;Pocztylion;PPK Pocztylion 2035 DFE;Asseco Poland S.A.;3567.396556473829;sztuki.xlsx
4Q22;Pocztylion;PPK Pocztylion 2035 DFE;Auto Partner S.A.;6358.054396423248;sztuki.xlsx
4Q22;Pocztylion;PPK Pocztylion 2035 DFE;Bank Handlowy w Warszawie S.A.;4997.030158730159;sztuki.xlsx
4Q22;Pocztylion;PPK Pocztylion 2035 DFE;Bank Polska Kasa Opieki S.A.;8517.334797687861;sztuki.xlsx
4Q22;Pocztylion;PPK Pocztylion 2035 DFE;Bank Polska Kasa Opieki S.A. - PEO1027 - 29.10.2027;2294.901271676301;sztuki.xlsx
4Q22;Pocztylion;PPK Pocztylion 2035 DFE;Benefit Systems S.A.;13.818857526881718;sztuki.xlsx
4Q22;Pocztylion;PPK Pocztylion 2035 DFE;Budimex S.A.;202.90091549295775;sztuki.xlsx
4Q22;Pocztylion;PPK Pocztylion 2035 DFE;CCC S.A.;818.1716818287847;sztuki.xlsx
4Q22;Pocztylion;PPK Pocztylion 2035 DFE;CD Projekt S.A.;4053.8302221536574;sztuki.xlsx
4Q22;Pocztylion;PPK Pocztylion 2035 DFE;Comarch S.A.;1478.842987804878;sztuki.xlsx
4Q22;Pocztylion;PPK Pocztylion 2035 DFE;Cyfrowy Polsat S.A.;8262.54514480409;sztuki.xlsx
4Q22;Pocztylion;PPK Pocztylion 2035 DFE;Develia S.A.;93951.34826883911;sztuki.xlsx
4Q22;Pocztylion;PPK Pocztylion 2035 DFE;Dino Polska S.A.;24829.403410604846;sztuki.xlsx
4Q22;Pocztylion;PPK Pocztylion 2035 DFE;Fabryki Mebli FORTE S.A.;3578.9336633663374;sztuki.xlsx
4Q22;Pocztylion;PPK Pocztylion 2035 DFE;Ferro S.A.;5092.156;sztuki.xlsx
4Q22;Pocztylion;PPK Pocztylion 2035 DFE;Giełda Papierów Wartościowych w Warszawie S.A.;4198.316159909909;sztuki.xlsx
4Q22;Pocztylion;PPK Pocztylion 2035 DFE;Grupa Kęty S.A.;768.0300437636761;sztuki.xlsx
4Q22;Pocztylion;PPK Pocztylion 2035 DFE;ING Bank Śląski S.A.;1934.3886529126214;sztuki.xlsx
4Q22;Pocztylion;PPK Pocztylion 2035 DFE;Inter Cars S.A.;1052.020715835141;sztuki.xlsx
4Q22;Pocztylion;PPK Pocztylion 2035 DFE;KGHM Polska Miedź S.A.;5634.120394477317;sztuki.xlsx
4Q22;Pocztylion;PPK Pocztylion 2035 DFE;Kruk S.A.;1690.300741935484;sztuki.xlsx
4Q22;Pocztylion;PPK Pocztylion 2035 DFE;LPP S.A.;76.90056244131455;sztuki.xlsx
4Q22;Pocztylion;PPK Pocztylion 2035 DFE;LiveChat Software S.A.;2552.7891588785046;sztuki.xlsx
4Q22;Pocztylion;PPK Pocztylion 2035 DFE;Mangata Holding S.A.;1151.7856589147289;sztuki.xlsx
4Q22;Pocztylion;PPK Pocztylion 2035 DFE;Onde S.A.;3435.1732124874115;sztuki.xlsx
4Q22;Pocztylion;PPK Pocztylion 2035 DFE;Oponeo.pl S.A.;2761.843175487465;sztuki.xlsx
4Q22;Pocztylion;PPK Pocztylion 2035 DFE;Orange Polska S.A.;26419.862662239662;sztuki.xlsx
4Q22;Pocztylion;PPK Pocztylion 2035 DFE;PGE Polska Grupa Energetyczna S.A.;16648.7870424172;sztuki.xlsx
4Q22;Pocztylion;PPK Pocztylion 2035 DFE;Polski Koncern Naftowy Orlen S.A.;16164.540161892905;sztuki.xlsx
4Q22;Pocztylion;PPK Pocztylion 2035 DFE;Powszechna Kasa Oszczędności Bank Polski S.A.;41153.06965995378;sztuki.xlsx
4Q22;Pocztylion;PPK Pocztylion 2035 DFE;Powszechny Zakład Ubezpieczeń S.A.;27260.29531338227;sztuki.xlsx
4Q22;Pocztylion;PPK Pocztylion 2035 DFE;Poznańska Korporacja Budowlana Pekabex S.A.;5209.981052631579;sztuki.xlsx
4Q22;Pocztylion;PPK Pocztylion 2035 DFE;Santander Bank Polska S.A.;1595.8121434078641;sztuki.xlsx
4Q22;Pocztylion;PPK Pocztylion 2035 DFE;Tauron Polska Energia S.A.;66858.45681925437;sztuki.xlsx
4Q22;Pocztylion;PPK Pocztylion 2035 DFE;VRG S.A.;29457.95795795796;sztuki.xlsx
4Q22;Pocztylion;PPK Pocztylion 2035 DFE;Wielton S.A.;5111.441795231417;sztuki.xlsx
4Q22;Pocztylion;PPK Pocztylion 2035 DFE;Wirtualna Polska Holding S.A.;2998.80297029703;sztuki.xlsx
4Q22;Pocztylion;PPK Pocztylion 2035 DFE;mBank S.A.;458.9479054054053;sztuki.xlsx
4Q22;Pocztylion;PPK Pocztylion 2040 DFE;AB S.A.;2260.0765957446806;sztuki.xlsx
4Q22;Pocztylion;PPK Pocztylion 2040 DFE;AMICA S.A.;1461.7076517150397;sztuki.xlsx
4Q22;Pocztylion;PPK Pocztylion 2040 DFE;Alior Bank S.A.;722.6804785526698;sztuki.xlsx
4Q22;Pocztylion;PPK Pocztylion 2040 DFE;Allegro.eu S.A.;27673.907680063672;sztuki.xlsx
4Q22;Pocztylion;PPK Pocztylion 2040 DFE;AmRest Holdings SE;1357.8854805725973;sztuki.xlsx
4Q22;Pocztylion;PPK Pocztylion 2040 DFE;Ambra S.A.;3234.7214285714285;sztuki.xlsx
4Q22;Pocztylion;PPK Pocztylion 2040 DFE;Asseco Poland S.A.;3415.270936639119;sztuki.xlsx
4Q22;Pocztylion;PPK Pocztylion 2040 DFE;Auto Partner S.A.;6110.9873323397915;sztuki.xlsx
4Q22;Pocztylion;PPK Pocztylion 2040 DFE;Bank Handlowy w Warszawie S.A.;4765.327116402116;sztuki.xlsx
4Q22;Pocztylion;PPK Pocztylion 2040 DFE;Bank Millennium S.A.;32729.508733624454;sztuki.xlsx
4Q22;Pocztylion;PPK Pocztylion 2040 DFE;Bank Polska Kasa Opieki S.A.;8130.319537572254;sztuki.xlsx
4Q22;Pocztylion;PPK Pocztylion 2040 DFE;Bank Polska Kasa Opieki S.A. - PEO1027 - 29.10.2027;1533.6119075144509;sztuki.xlsx
4Q22;Pocztylion;PPK Pocztylion 2040 DFE;Benefit Systems S.A.;15.792983870967742;sztuki.xlsx
4Q22;Pocztylion;PPK Pocztylion 2040 DFE;Budimex S.A.;258.3275;sztuki.xlsx
4Q22;Pocztylion;PPK Pocztylion 2040 DFE;CD Projekt S.A.;3896.3418697932743;sztuki.xlsx
4Q22;Pocztylion;PPK Pocztylion 2040 DFE;Comarch S.A.;1420.5733536585367;sztuki.xlsx
4Q22;Pocztylion;PPK Pocztylion 2040 DFE;Cyfrowy Polsat S.A.;7872.613855763772;sztuki.xlsx
4Q22;Pocztylion;PPK Pocztylion 2040 DFE;Develia S.A.;90304.77393075357;sztuki.xlsx
4Q22;Pocztylion;PPK Pocztylion 2040 DFE;Dino Polska S.A.;23749.86410871303;sztuki.xlsx
4Q22;Pocztylion;PPK Pocztylion 2040 DFE;Fabryki Mebli FORTE S.A.;4068.217821782179;sztuki.xlsx
4Q22;Pocztylion;PPK Pocztylion 2040 DFE;Ferro S.A.;5784.364499999999;sztuki.xlsx
4Q22;Pocztylion;PPK Pocztylion 2040 DFE;Giełda Papierów Wartościowych w Warszawie S.A.;4035.8842905405395;sztuki.xlsx
4Q22;Pocztylion;PPK Pocztylion 2040 DFE;Grupa Kęty S.A.;723.8557549234137;sztuki.xlsx
4Q22;Pocztylion;PPK Pocztylion 2040 DFE;ING Bank Śląski S.A.;1862.2622572815535;sztuki.xlsx
4Q22;Pocztylion;PPK Pocztylion 2040 DFE;Inter Cars S.A.;1012.0958351409979;sztuki.xlsx
4Q22;Pocztylion;PPK Pocztylion 2040 DFE;KGHM Polska Miedź S.A.;5368.075818540434;sztuki.xlsx
4Q22;Pocztylion;PPK Pocztylion 2040 DFE;Kruk S.A.;1624.863258064516;sztuki.xlsx
4Q22;Pocztylion;PPK Pocztylion 2040 DFE;LPP S.A.;72.90572769953052;sztuki.xlsx
4Q22;Pocztylion;PPK Pocztylion 2040 DFE;LiveChat Software S.A.;2475.3404672897195;sztuki.xlsx
4Q22;Pocztylion;PPK Pocztylion 2040 DFE;Mangata Holding S.A.;1317.3058139534883;sztuki.xlsx
4Q22;Pocztylion;PPK Pocztylion 2040 DFE;Onde S.A.;4104.20644511581;sztuki.xlsx
4Q22;Pocztylion;PPK Pocztylion 2040 DFE;Oponeo.pl S.A.;3137.5835654596103;sztuki.xlsx
4Q22;Pocztylion;PPK Pocztylion 2040 DFE;Orange Polska S.A.;25275.211288862058;sztuki.xlsx
4Q22;Pocztylion;PPK Pocztylion 2040 DFE;PGE Polska Grupa Energetyczna S.A.;15886.953805926785;sztuki.xlsx
4Q22;Pocztylion;PPK Pocztylion 2040 DFE;Polski Koncern Naftowy Orlen S.A.;17141.5398505604;sztuki.xlsx
4Q22;Pocztylion;PPK Pocztylion 2040 DFE;Powszechna Kasa Oszczędności Bank Polski S.A.;39434.10102344008;sztuki.xlsx
4Q22;Pocztylion;PPK Pocztylion 2040 DFE;Powszechny Zakład Ubezpieczeń S.A.;25984.88961038961;sztuki.xlsx
4Q22;Pocztylion;PPK Pocztylion 2040 DFE;Poznańska Korporacja Budowlana Pekabex S.A.;5960.460350877193;sztuki.xlsx
4Q22;Pocztylion;PPK Pocztylion 2040 DFE;Santander Bank Polska S.A.;1521.7280262143408;sztuki.xlsx
4Q22;Pocztylion;PPK Pocztylion 2040 DFE;Tauron Polska Energia S.A.;64533.5016517225;sztuki.xlsx
4Q22;Pocztylion;PPK Pocztylion 2040 DFE;VRG S.A.;33542.381381381376;sztuki.xlsx
4Q22;Pocztylion;PPK Pocztylion 2040 DFE;Wielton S.A.;6113.743338008415;sztuki.xlsx
4Q22;Pocztylion;PPK Pocztylion 2040 DFE;Wirtualna Polska Holding S.A.;2881.849702970297;sztuki.xlsx
4Q22;Pocztylion;PPK Pocztylion 2040 DFE;mBank S.A.;442.9497297297297;sztuki.xlsx
4Q22;Pocztylion;PPK Pocztylion 2045 DFE;AB S.A.;1957.3967578520767;sztuki.xlsx
4Q22;Pocztylion;PPK Pocztylion 2045 DFE;AMICA S.A.;1251.1899736147757;sztuki.xlsx
4Q22;Pocztylion;PPK Pocztylion 2045 DFE;Alior Bank S.A.;648.0233440326815;sztuki.xlsx
4Q22;Pocztylion;PPK Pocztylion 2045 DFE;Allegro.eu S.A.;22080.33028253084;sztuki.xlsx
4Q22;Pocztylion;PPK Pocztylion 2045 DFE;Ambra S.A.;2946.187244897959;sztuki.xlsx
4Q22;Pocztylion;PPK Pocztylion 2045 DFE;Asseco Poland S.A.;2724.1570247933887;sztuki.xlsx
4Q22;Pocztylion;PPK Pocztylion 2045 DFE;Auto Partner S.A.;5833.527570789866;sztuki.xlsx
4Q22;Pocztylion;PPK Pocztylion 2045 DFE;Bank Handlowy w Warszawie S.A.;3756.9711640211644;sztuki.xlsx
4Q22;Pocztylion;PPK Pocztylion 2045 DFE;Bank Millennium S.A.;26298.740174672486;sztuki.xlsx
4Q22;Pocztylion;PPK Pocztylion 2045 DFE;Bank Polska Kasa Opieki S.A.;6499.255491329479;sztuki.xlsx
4Q22;Pocztylion;PPK Pocztylion 2045 DFE;Bank Polska Kasa Opieki S.A. - PEO1027 - 29.10.2027;761.2893641618497;sztuki.xlsx
4Q22;Pocztylion;PPK Pocztylion 2045 DFE;Benefit Systems S.A.;11.844731182795698;sztuki.xlsx
4Q22;Pocztylion;PPK Pocztylion 2045 DFE;Budimex S.A.;243.4810915492958;sztuki.xlsx
4Q22;Pocztylion;PPK Pocztylion 2045 DFE;CCC S.A.;700.1371588523443;sztuki.xlsx
4Q22;Pocztylion;PPK Pocztylion 2045 DFE;CD Projekt S.A.;3124.8482721382293;sztuki.xlsx
4Q22;Pocztylion;PPK Pocztylion 2045 DFE;Comarch S.A.;1142.2856707317073;sztuki.xlsx
4Q22;Pocztylion;PPK Pocztylion 2045 DFE;Cyfrowy Polsat S.A.;6188.910278250994;sztuki.xlsx
4Q22;Pocztylion;PPK Pocztylion 2045 DFE;Develia S.A.;72612.366598778;sztuki.xlsx
4Q22;Pocztylion;PPK Pocztylion 2045 DFE;Dino Polska S.A.;18961.907540634158;sztuki.xlsx
4Q22;Pocztylion;PPK Pocztylion 2045 DFE;Fabryki Mebli FORTE S.A.;3523.043069306931;sztuki.xlsx
4Q22;Pocztylion;PPK Pocztylion 2045 DFE;Ferro S.A.;5008.883;sztuki.xlsx
4Q22;Pocztylion;PPK Pocztylion 2045 DFE;Giełda Papierów Wartościowych w Warszawie S.A.;3244.651745495495;sztuki.xlsx
4Q22;Pocztylion;PPK Pocztylion 2045 DFE;Grupa Kęty S.A.;586.3131291028446;sztuki.xlsx
4Q22;Pocztylion;PPK Pocztylion 2045 DFE;ING Bank Śląski S.A.;1495.6200242718446;sztuki.xlsx
4Q22;Pocztylion;PPK Pocztylion 2045 DFE;Inter Cars S.A.;813.4695227765727;sztuki.xlsx
4Q22;Pocztylion;PPK Pocztylion 2045 DFE;KGHM Polska Miedź S.A.;4287.834635108481;sztuki.xlsx
4Q22;Pocztylion;PPK Pocztylion 2045 DFE;Kruk S.A.;1306.7363870967743;sztuki.xlsx
4Q22;Pocztylion;PPK Pocztylion 2045 DFE;LPP S.A.;58.923807511737095;sztuki.xlsx
4Q22;Pocztylion;PPK Pocztylion 2045 DFE;LiveChat Software S.A.;2017.6891588785045;sztuki.xlsx
4Q22;Pocztylion;PPK Pocztylion 2045 DFE;Mangata Holding S.A.;1152.7651162790698;sztuki.xlsx
4Q22;Pocztylion;PPK Pocztylion 2045 DFE;Onde S.A.;3589.1802618328297;sztuki.xlsx
4Q22;Pocztylion;PPK Pocztylion 2045 DFE;Oponeo.pl S.A.;2717.2810584958215;sztuki.xlsx
4Q22;Pocztylion;PPK Pocztylion 2045 DFE;Orange Polska S.A.;20176.22094778147;sztuki.xlsx
4Q22;Pocztylion;PPK Pocztylion 2045 DFE;PGE Polska Grupa Energetyczna S.A.;13556.641487507262;sztuki.xlsx
4Q22;Pocztylion;PPK Pocztylion 2045 DFE;Polski Koncern Naftowy Orlen S.A.;14653.994551681197;sztuki.xlsx
4Q22;Pocztylion;PPK Pocztylion 2045 DFE;Powszechna Kasa Oszczędności Bank Polski S.A.;31420.261472433147;sztuki.xlsx
4Q22;Pocztylion;PPK Pocztylion 2045 DFE;Powszechny Zakład Ubezpieczeń S.A.;20725.340767927722;sztuki.xlsx
4Q22;Pocztylion;PPK Pocztylion 2045 DFE;Poznańska Korporacja Budowlana Pekabex S.A.;5215.024561403509;sztuki.xlsx
4Q22;Pocztylion;PPK Pocztylion 2045 DFE;Santander Bank Polska S.A.;1216.381264456438;sztuki.xlsx
4Q22;Pocztylion;PPK Pocztylion 2045 DFE;Tauron Polska Energia S.A.;51624.60594620103;sztuki.xlsx
4Q22;Pocztylion;PPK Pocztylion 2045 DFE;VRG S.A.;29040.996996996997;sztuki.xlsx
4Q22;Pocztylion;PPK Pocztylion 2045 DFE;Wielton S.A.;5244.02664796634;sztuki.xlsx
4Q22;Pocztylion;PPK Pocztylion 2045 DFE;Wirtualna Polska Holding S.A.;2317.07504950495;sztuki.xlsx
4Q22;Pocztylion;PPK Pocztylion 2045 DFE;mBank S.A.;381.95662162162165;sztuki.xlsx
4Q22;Pocztylion;PPK Pocztylion 2050 DFE;AB S.A.;1387.115704154002;sztuki.xlsx
4Q22;Pocztylion;PPK Pocztylion 2050 DFE;AMICA S.A.;896.686147757256;sztuki.xlsx
4Q22;Pocztylion;PPK Pocztylion 2050 DFE;Alior Bank S.A.;409.1208053691275;sztuki.xlsx
4Q22;Pocztylion;PPK Pocztylion 2050 DFE;Allegro.eu S.A.;14275.92041384799;sztuki.xlsx
4Q22;Pocztylion;PPK Pocztylion 2050 DFE;AmRest Holdings SE;865.9125766871167;sztuki.xlsx
4Q22;Pocztylion;PPK Pocztylion 2050 DFE;Ambra S.A.;2063.9015306122446;sztuki.xlsx
4Q22;Pocztylion;PPK Pocztylion 2050 DFE;Asseco Poland S.A.;1780.1721763085402;sztuki.xlsx
4Q22;Pocztylion;PPK Pocztylion 2050 DFE;Auto Partner S.A.;4088.3710879284654;sztuki.xlsx
4Q22;Pocztylion;PPK Pocztylion 2050 DFE;Bank Millennium S.A.;17455.805676855896;sztuki.xlsx
4Q22;Pocztylion;PPK Pocztylion 2050 DFE;Bank Polska Kasa Opieki S.A.;4266.167630057804;sztuki.xlsx
4Q22;Pocztylion;PPK Pocztylion 2050 DFE;Bank Polska Kasa Opieki S.A. - PEO1027 - 29.10.2027;441.3271676300579;sztuki.xlsx
4Q22;Pocztylion;PPK Pocztylion 2050 DFE;Benefit Systems S.A.;7.896491935483871;sztuki.xlsx
4Q22;Pocztylion;PPK Pocztylion 2050 DFE;Budimex S.A.;165.29;sztuki.xlsx
4Q22;Pocztylion;PPK Pocztylion 2050 DFE;CCC S.A.;466.08537438768377;sztuki.xlsx
4Q22;Pocztylion;PPK Pocztylion 2050 DFE;CD Projekt S.A.;2022.4297284788647;sztuki.xlsx
4Q22;Pocztylion;PPK Pocztylion 2050 DFE;Comarch S.A.;755.4958536585366;sztuki.xlsx
4Q22;Pocztylion;PPK Pocztylion 2050 DFE;Cyfrowy Polsat S.A.;4298.243043725156;sztuki.xlsx
4Q22;Pocztylion;PPK Pocztylion 2050 DFE;Develia S.A.;48020.684317718944;sztuki.xlsx
4Q22;Pocztylion;PPK Pocztylion 2050 DFE;Dino Polska S.A.;12464.680522248867;sztuki.xlsx
4Q22;Pocztylion;PPK Pocztylion 2050 DFE;Fabryki Mebli FORTE S.A.;2497.4089108910894;sztuki.xlsx
4Q22;Pocztylion;PPK Pocztylion 2050 DFE;Ferro S.A.;3549.5199999999995;sztuki.xlsx
4Q22;Pocztylion;PPK Pocztylion 2050 DFE;Giełda Papierów Wartościowych w Warszawie S.A.;2145.4960585585586;sztuki.xlsx
4Q22;Pocztylion;PPK Pocztylion 2050 DFE;Grupa Kęty S.A.;380.50115973741794;sztuki.xlsx
4Q22;Pocztylion;PPK Pocztylion 2050 DFE;ING Bank Śląski S.A.;992.7390776699028;sztuki.xlsx
4Q22;Pocztylion;PPK Pocztylion 2050 DFE;Inter Cars S.A.;537.9878308026031;sztuki.xlsx
4Q22;Pocztylion;PPK Pocztylion 2050 DFE;KGHM Polska Miedź S.A.;2816.0562524654833;sztuki.xlsx
4Q22;Pocztylion;PPK Pocztylion 2050 DFE;Kruk S.A.;863.7749032258064;sztuki.xlsx
4Q22;Pocztylion;PPK Pocztylion 2050 DFE;LPP S.A.;38.94963568075117;sztuki.xlsx
4Q22;Pocztylion;PPK Pocztylion 2050 DFE;LiveChat Software S.A.;1342.7791588785046;sztuki.xlsx
4Q22;Pocztylion;PPK Pocztylion 2050 DFE;Mangata Holding S.A.;818.786434108527;sztuki.xlsx
4Q22;Pocztylion;PPK Pocztylion 2050 DFE;Onde S.A.;2491.125881168178;sztuki.xlsx
4Q22;Pocztylion;PPK Pocztylion 2050 DFE;Oponeo.pl S.A.;1925.2894150417826;sztuki.xlsx
4Q22;Pocztylion;PPK Pocztylion 2050 DFE;Orange Polska S.A.;13045.62481134923;sztuki.xlsx
4Q22;Pocztylion;PPK Pocztylion 2050 DFE;PGE Polska Grupa Energetyczna S.A.;9013.528471818709;sztuki.xlsx
4Q22;Pocztylion;PPK Pocztylion 2050 DFE;Polski Koncern Naftowy Orlen S.A.;10299.53891656289;sztuki.xlsx
4Q22;Pocztylion;PPK Pocztylion 2050 DFE;Powszechna Kasa Oszczędności Bank Polski S.A.;20565.51568174315;sztuki.xlsx
4Q22;Pocztylion;PPK Pocztylion 2050 DFE;Powszechny Zakład Ubezpieczeń S.A.;13621.651609260307;sztuki.xlsx
4Q22;Pocztylion;PPK Pocztylion 2050 DFE;Poznańska Korporacja Budowlana Pekabex S.A.;3703.978947368421;sztuki.xlsx
4Q22;Pocztylion;PPK Pocztylion 2050 DFE;Santander Bank Polska S.A.;800.9094834232845;sztuki.xlsx
4Q22;Pocztylion;PPK Pocztylion 2050 DFE;Tauron Polska Energia S.A.;34266.19159981123;sztuki.xlsx
4Q22;Pocztylion;PPK Pocztylion 2050 DFE;VRG S.A.;20593.507507507507;sztuki.xlsx
4Q22;Pocztylion;PPK Pocztylion 2050 DFE;Wielton S.A.;3759.8681626928474;sztuki.xlsx
4Q22;Pocztylion;PPK Pocztylion 2050 DFE;Wirtualna Polska Holding S.A.;1532.3883168316831;sztuki.xlsx
4Q22;Pocztylion;PPK Pocztylion 2050 DFE;mBank S.A.;253.97118243243244;sztuki.xlsx
4Q22;Pocztylion;PPK Pocztylion 2055 DFE;AB S.A.;992.2287740628163;sztuki.xlsx
4Q22;Pocztylion;PPK Pocztylion 2055 DFE;AMICA S.A.;624.6019788918206;sztuki.xlsx
4Q22;Pocztylion;PPK Pocztylion 2055 DFE;Alior Bank S.A.;277.7242486139481;sztuki.xlsx
4Q22;Pocztylion;PPK Pocztylion 2055 DFE;Allegro.eu S.A.;10274.223239156388;sztuki.xlsx
4Q22;Pocztylion;PPK Pocztylion 2055 DFE;AmRest Holdings SE;625.8773006134969;sztuki.xlsx
4Q22;Pocztylion;PPK Pocztylion 2055 DFE;Ambra S.A.;1473.0938775510203;sztuki.xlsx
4Q22;Pocztylion;PPK Pocztylion 2055 DFE;Asseco Poland S.A.;1283.4971074380167;sztuki.xlsx
4Q22;Pocztylion;PPK Pocztylion 2055 DFE;Auto Partner S.A.;3030.4925484351716;sztuki.xlsx
4Q22;Pocztylion;PPK Pocztylion 2055 DFE;Bank Handlowy w Warszawie S.A.;1786.0031746031748;sztuki.xlsx
4Q22;Pocztylion;PPK Pocztylion 2055 DFE;Bank Millennium S.A.;12506.895196506552;sztuki.xlsx
4Q22;Pocztylion;PPK Pocztylion 2055 DFE;Bank Polska Kasa Opieki S.A.;3034.1193063583814;sztuki.xlsx
4Q22;Pocztylion;PPK Pocztylion 2055 DFE;Bank Polska Kasa Opieki S.A. - PEO1027 - 29.10.2027;330.9953757225434;sztuki.xlsx
4Q22;Pocztylion;PPK Pocztylion 2055 DFE;Benefit Systems S.A.;4.935309139784946;sztuki.xlsx
4Q22;Pocztylion;PPK Pocztylion 2055 DFE;CCC S.A.;321.82085374387685;sztuki.xlsx
4Q22;Pocztylion;PPK Pocztylion 2055 DFE;CD Projekt S.A.;1442.3143319962976;sztuki.xlsx
4Q22;Pocztylion;PPK Pocztylion 2055 DFE;Comarch S.A.;540.5010365853658;sztuki.xlsx
4Q22;Pocztylion;PPK Pocztylion 2055 DFE;Cyfrowy Polsat S.A.;3042.4645088018174;sztuki.xlsx
4Q22;Pocztylion;PPK Pocztylion 2055 DFE;Develia S.A.;34371.71486761711;sztuki.xlsx
4Q22;Pocztylion;PPK Pocztylion 2055 DFE;Dino Polska S.A.;8926.190514255262;sztuki.xlsx
4Q22;Pocztylion;PPK Pocztylion 2055 DFE;Fabryki Mebli FORTE S.A.;1787.5054455445545;sztuki.xlsx
4Q22;Pocztylion;PPK Pocztylion 2055 DFE;Ferro S.A.;2539.8325000000004;sztuki.xlsx
4Q22;Pocztylion;PPK Pocztylion 2055 DFE;Giełda Papierów Wartościowych w Warszawie S.A.;1535.6289414414412;sztuki.xlsx
4Q22;Pocztylion;PPK Pocztylion 2055 DFE;Grupa Kęty S.A.;278.09715536105034;sztuki.xlsx
4Q22;Pocztylion;PPK Pocztylion 2055 DFE;ING Bank Śląski S.A.;711.2459344660193;sztuki.xlsx
4Q22;Pocztylion;PPK Pocztylion 2055 DFE;Inter Cars S.A.;385.27514099783076;sztuki.xlsx
4Q22;Pocztylion;PPK Pocztylion 2055 DFE;KGHM Polska Miedź S.A.;2014.910848126233;sztuki.xlsx
4Q22;Pocztylion;PPK Pocztylion 2055 DFE;Kruk S.A.;618.1326129032258;sztuki.xlsx
4Q22;Pocztylion;PPK Pocztylion 2055 DFE;LPP S.A.;27.96384037558686;sztuki.xlsx
4Q22;Pocztylion;PPK Pocztylion 2055 DFE;LiveChat Software S.A.;961.5707476635514;sztuki.xlsx
4Q22;Pocztylion;PPK Pocztylion 2055 DFE;Mangata Holding S.A.;585.6869509043927;sztuki.xlsx
4Q22;Pocztylion;PPK Pocztylion 2055 DFE;Onde S.A.;1831.0926485397786;sztuki.xlsx
4Q22;Pocztylion;PPK Pocztylion 2055 DFE;Oponeo.pl S.A.;1377.3768802228412;sztuki.xlsx
4Q22;Pocztylion;PPK Pocztylion 2055 DFE;Orange Polska S.A.;9412.906731059462;sztuki.xlsx
4Q22;Pocztylion;PPK Pocztylion 2055 DFE;PGE Polska Grupa Energetyczna S.A.;6310.764090644973;sztuki.xlsx
4Q22;Pocztylion;PPK Pocztylion 2055 DFE;Polski Koncern Naftowy Orlen S.A.;7400.572540473226;sztuki.xlsx
4Q22;Pocztylion;PPK Pocztylion 2055 DFE;Powszechna Kasa Oszczędności Bank Polski S.A.;14649.298778474744;sztuki.xlsx
4Q22;Pocztylion;PPK Pocztylion 2055 DFE;Powszechny Zakład Ubezpieczeń S.A.;9638.50790513834;sztuki.xlsx
4Q22;Pocztylion;PPK Pocztylion 2055 DFE;Poznańska Korporacja Budowlana Pekabex S.A.;2649.8778947368423;sztuki.xlsx
4Q22;Pocztylion;PPK Pocztylion 2055 DFE;Santander Bank Polska S.A.;566.6434464148034;sztuki.xlsx
4Q22;Pocztylion;PPK Pocztylion 2055 DFE;Tauron Polska Energia S.A.;24551.62340726758;sztuki.xlsx
4Q22;Pocztylion;PPK Pocztylion 2055 DFE;VRG S.A.;14742.009009009007;sztuki.xlsx
4Q22;Pocztylion;PPK Pocztylion 2055 DFE;Wielton S.A.;2701.1683029453015;sztuki.xlsx
4Q22;Pocztylion;PPK Pocztylion 2055 DFE;Wirtualna Polska Holding S.A.;1096.5622772277227;sztuki.xlsx
4Q22;Pocztylion;PPK Pocztylion 2055 DFE;mBank S.A.;182.979222972973;sztuki.xlsx
4Q22;Pocztylion;PPK Pocztylion 2060 DFE;AB S.A.;467.0490374873353;sztuki.xlsx
4Q22;Pocztylion;PPK Pocztylion 2060 DFE;AMICA S.A.;316.7695250659631;sztuki.xlsx
4Q22;Pocztylion;PPK Pocztylion 2060 DFE;Alior Bank S.A.;78.63875109425152;sztuki.xlsx
4Q22;Pocztylion;PPK Pocztylion 2060 DFE;Allegro.eu S.A.;4926.627536808595;sztuki.xlsx
4Q22;Pocztylion;PPK Pocztylion 2060 DFE;AmRest Holdings SE;230.11656441717793;sztuki.xlsx
4Q22;Pocztylion;PPK Pocztylion 2060 DFE;Ambra S.A.;555.4770408163265;sztuki.xlsx
4Q22;Pocztylion;PPK Pocztylion 2060 DFE;Asseco Poland S.A.;607.4950413223141;sztuki.xlsx
4Q22;Pocztylion;PPK Pocztylion 2060 DFE;Auto Partner S.A.;1095.1341281669152;sztuki.xlsx
4Q22;Pocztylion;PPK Pocztylion 2060 DFE;Bank Millennium S.A.;6087.17903930131;sztuki.xlsx
4Q22;Pocztylion;PPK Pocztylion 2060 DFE;Bank Polska Kasa Opieki S.A.;1455.057225433526;sztuki.xlsx
4Q22;Pocztylion;PPK Pocztylion 2060 DFE;Bank Polska Kasa Opieki S.A. - PEO1027 - 29.10.2027;110.33179190751447;sztuki.xlsx
4Q22;Pocztylion;PPK Pocztylion 2060 DFE;Benefit Systems S.A.;0.9870564516129032;sztuki.xlsx
4Q22;Pocztylion;PPK Pocztylion 2060 DFE;Budimex S.A.;46.5187323943662;sztuki.xlsx
4Q22;Pocztylion;PPK Pocztylion 2060 DFE;CCC S.A.;130.1406578026592;sztuki.xlsx
4Q22;Pocztylion;PPK Pocztylion 2060 DFE;CD Projekt S.A.;694.7429805615551;sztuki.xlsx
4Q22;Pocztylion;PPK Pocztylion 2060 DFE;Comarch S.A.;289.33884146341467;sztuki.xlsx
4Q22;Pocztylion;PPK Pocztylion 2060 DFE;Cyfrowy Polsat S.A.;1403.7529812606474;sztuki.xlsx
4Q22;Pocztylion;PPK Pocztylion 2060 DFE;Develia S.A.;16192.696537678206;sztuki.xlsx
4Q22;Pocztylion;PPK Pocztylion 2060 DFE;Dino Polska S.A.;4228.195576871835;sztuki.xlsx
4Q22;Pocztylion;PPK Pocztylion 2060 DFE;Fabryki Mebli FORTE S.A.;1090.3490099009903;sztuki.xlsx
4Q22;Pocztylion;PPK Pocztylion 2060 DFE;Ferro S.A.;1508.286;sztuki.xlsx
4Q22;Pocztylion;PPK Pocztylion 2060 DFE;Giełda Papierów Wartościowych w Warszawie S.A.;723.4695945945945;sztuki.xlsx
4Q22;Pocztylion;PPK Pocztylion 2060 DFE;Grupa Kęty S.A.;126.4990590809628;sztuki.xlsx
4Q22;Pocztylion;PPK Pocztylion 2060 DFE;ING Bank Śląski S.A.;347.60891990291265;sztuki.xlsx
4Q22;Pocztylion;PPK Pocztylion 2060 DFE;Inter Cars S.A.;180.66010845986983;sztuki.xlsx
4Q22;Pocztylion;PPK Pocztylion 2060 DFE;KGHM Polska Miedź S.A.;1000.9297830374754;sztuki.xlsx
4Q22;Pocztylion;PPK Pocztylion 2060 DFE;Kruk S.A.;290.9451612903226;sztuki.xlsx
4Q22;Pocztylion;PPK Pocztylion 2060 DFE;LPP S.A.;12.98321220657277;sztuki.xlsx
4Q22;Pocztylion;PPK Pocztylion 2060 DFE;LiveChat Software S.A.;464.6921495327103;sztuki.xlsx
4Q22;Pocztylion;PPK Pocztylion 2060 DFE;Mangata Holding S.A.;265.42002583979325;sztuki.xlsx
4Q22;Pocztylion;PPK Pocztylion 2060 DFE;Onde S.A.;773.0392749244713;sztuki.xlsx
4Q22;Pocztylion;PPK Pocztylion 2060 DFE;Oponeo.pl S.A.;649.1902506963788;sztuki.xlsx
4Q22;Pocztylion;PPK Pocztylion 2060 DFE;Orange Polska S.A.;4501.694838514942;sztuki.xlsx
4Q22;Pocztylion;PPK Pocztylion 2060 DFE;PGE Polska Grupa Energetyczna S.A.;2644.007844276583;sztuki.xlsx
4Q22;Pocztylion;PPK Pocztylion 2060 DFE;Polski Koncern Naftowy Orlen S.A.;4057.151463262765;sztuki.xlsx
4Q22;Pocztylion;PPK Pocztylion 2060 DFE;Powszechna Kasa Oszczędności Bank Polski S.A.;7018.119841531859;sztuki.xlsx
4Q22;Pocztylion;PPK Pocztylion 2060 DFE;Powszechny Zakład Ubezpieczeń S.A.;4629.842179559571;sztuki.xlsx
4Q22;Pocztylion;PPK Pocztylion 2060 DFE;Poznańska Korporacja Budowlana Pekabex S.A.;1203.3894736842105;sztuki.xlsx
4Q22;Pocztylion;PPK Pocztylion 2060 DFE;Santander Bank Polska S.A.;271.3080956052429;sztuki.xlsx
4Q22;Pocztylion;PPK Pocztylion 2060 DFE;Tauron Polska Energia S.A.;11653.69513921661;sztuki.xlsx
4Q22;Pocztylion;PPK Pocztylion 2060 DFE;VRG S.A.;6943.018018018018;sztuki.xlsx
4Q22;Pocztylion;PPK Pocztylion 2060 DFE;Wielton S.A.;1103.2244039270688;sztuki.xlsx
4Q22;Pocztylion;PPK Pocztylion 2060 DFE;Wirtualna Polska Holding S.A.;516.7936633663367;sztuki.xlsx
4Q22;Pocztylion;PPK Pocztylion 2060 DFE;mBank S.A.;75.99138513513513;sztuki.xlsx
4Q22;Pocztylion;PPK Pocztylion 2065 DFE;AB S.A.;9.020263424518744;sztuki.xlsx
4Q22;Pocztylion;PPK Pocztylion 2065 DFE;AMICA S.A.;4.965039577836412;sztuki.xlsx
4Q22;Pocztylion;PPK Pocztylion 2065 DFE;Alior Bank S.A.;9.954187335862267;sztuki.xlsx
4Q22;Pocztylion;PPK Pocztylion 2065 DFE;Allegro.eu S.A.;106.99204138479904;sztuki.xlsx
4Q22;Pocztylion;PPK Pocztylion 2065 DFE;Ambra S.A.;14.720918367346936;sztuki.xlsx
4Q22;Pocztylion;PPK Pocztylion 2065 DFE;Asseco Poland S.A.;11.081955922865015;sztuki.xlsx
4Q22;Pocztylion;PPK Pocztylion 2065 DFE;Auto Partner S.A.;32.35394932935916;sztuki.xlsx
4Q22;Pocztylion;PPK Pocztylion 2065 DFE;Bank Handlowy w Warszawie S.A.;17.899867724867725;sztuki.xlsx
4Q22;Pocztylion;PPK Pocztylion 2065 DFE;Bank Millennium S.A.;117.54366812227076;sztuki.xlsx
4Q22;Pocztylion;PPK Pocztylion 2065 DFE;Bank Polska Kasa Opieki S.A.;25.001040462427746;sztuki.xlsx
4Q22;Pocztylion;PPK Pocztylion 2065 DFE;Budimex S.A.;1.9795070422535208;sztuki.xlsx
4Q22;Pocztylion;PPK Pocztylion 2065 DFE;CD Projekt S.A.;10.964362850971924;sztuki.xlsx
4Q22;Pocztylion;PPK Pocztylion 2065 DFE;Comarch S.A.;6.027865853658537;sztuki.xlsx
4Q22;Pocztylion;PPK Pocztylion 2065 DFE;Cyfrowy Polsat S.A.;35.99375354911982;sztuki.xlsx
4Q22;Pocztylion;PPK Pocztylion 2065 DFE;Develia S.A.;359.9714867617108;sztuki.xlsx
4Q22;Pocztylion;PPK Pocztylion 2065 DFE;Dino Polska S.A.;89.96163069544365;sztuki.xlsx
4Q22;Pocztylion;PPK Pocztylion 2065 DFE;Fabryki Mebli FORTE S.A.;21.571782178217823;sztuki.xlsx
4Q22;Pocztylion;PPK Pocztylion 2065 DFE;Ferro S.A.;32.2685;sztuki.xlsx
4Q22;Pocztylion;PPK Pocztylion 2065 DFE;Grupa Kęty S.A.;3.0118818380743986;sztuki.xlsx
4Q22;Pocztylion;PPK Pocztylion 2065 DFE;ING Bank Śląski S.A.;7.0122572815533974;sztuki.xlsx
4Q22;Pocztylion;PPK Pocztylion 2065 DFE;Inter Cars S.A.;3.9924945770065077;sztuki.xlsx
4Q22;Pocztylion;PPK Pocztylion 2065 DFE;KGHM Polska Miedź S.A.;17.06698224852071;sztuki.xlsx
4Q22;Pocztylion;PPK Pocztylion 2065 DFE;Kruk S.A.;6.040387096774193;sztuki.xlsx
4Q22;Pocztylion;PPK Pocztylion 2065 DFE;LiveChat Software S.A.;10.058317757009345;sztuki.xlsx
4Q22;Pocztylion;PPK Pocztylion 2065 DFE;Mangata Holding S.A.;4.89702842377261;sztuki.xlsx
4Q22;Pocztylion;PPK Pocztylion 2065 DFE;Onde S.A.;6;sztuki.xlsx
4Q22;Pocztylion;PPK Pocztylion 2065 DFE;Oponeo.pl S.A.;13.166016713091924;sztuki.xlsx
4Q22;Pocztylion;PPK Pocztylion 2065 DFE;Orange Polska S.A.;80.90401448837912;sztuki.xlsx
4Q22;Pocztylion;PPK Pocztylion 2065 DFE;PGE Polska Grupa Energetyczna S.A.;44.814061592097616;sztuki.xlsx
4Q22;Pocztylion;PPK Pocztylion 2065 DFE;Polski Koncern Naftowy Orlen S.A.;52.05323785803238;sztuki.xlsx
4Q22;Pocztylion;PPK Pocztylion 2065 DFE;Powszechna Kasa Oszczędności Bank Polski S.A.;112.19379333113238;sztuki.xlsx
4Q22;Pocztylion;PPK Pocztylion 2065 DFE;Powszechny Zakład Ubezpieczeń S.A.;83.96075663466966;sztuki.xlsx
4Q22;Pocztylion;PPK Pocztylion 2065 DFE;Poznańska Korporacja Budowlana Pekabex S.A.;23.200000000000003;sztuki.xlsx
4Q22;Pocztylion;PPK Pocztylion 2065 DFE;Santander Bank Polska S.A.;7.0079414032382426;sztuki.xlsx
4Q22;Pocztylion;PPK Pocztylion 2065 DFE;Tauron Polska Energia S.A.;223.32232184992924;sztuki.xlsx
4Q22;Pocztylion;PPK Pocztylion 2065 DFE;VRG S.A.;136.31531531531533;sztuki.xlsx
4Q22;Pocztylion;PPK Pocztylion 2065 DFE;Wielton S.A.;9.894810659186536;sztuki.xlsx
4Q22;Pocztylion;PPK Pocztylion 2065 DFE;Wirtualna Polska Holding S.A.;10.995643564356437;sztuki.xlsx
4Q22;Pocztylion;PPK Pocztylion 2065 DFE;mBank S.A.;0.9998986486486487;sztuki.xlsx
4Q23;Pocztylion;PPK Pocztylion 2025 DFE;AB S.A.;37.781733333333335;sztuki.xlsx
4Q23;Pocztylion;PPK Pocztylion 2025 DFE;AMICA S.A.;9.97012048192771;sztuki.xlsx
4Q23;Pocztylion;PPK Pocztylion 2025 DFE;Alior Bank S.A.;726.4973801414723;sztuki.xlsx
4Q23;Pocztylion;PPK Pocztylion 2025 DFE;Allegro.eu S.A.;10067.477869467364;sztuki.xlsx
4Q23;Pocztylion;PPK Pocztylion 2025 DFE;Ambra S.A.;108.41355932203389;sztuki.xlsx
4Q23;Pocztylion;PPK Pocztylion 2025 DFE;Asseco Poland S.A.;656.3198358413133;sztuki.xlsx
4Q23;Pocztylion;PPK Pocztylion 2025 DFE;Bank Polska Kasa Opieki S.A.;2080.271358105886;sztuki.xlsx
4Q23;Pocztylion;PPK Pocztylion 2025 DFE;Bank Polska Kasa Opieki S.A. - PEO1027 - 29.10.2027;1586.2243998684642;sztuki.xlsx
4Q23;Pocztylion;PPK Pocztylion 2025 DFE;Budimex S.A.;11.021309904153355;sztuki.xlsx
4Q23;Pocztylion;PPK Pocztylion 2025 DFE;CCC S.A.;212.89355788096796;sztuki.xlsx
4Q23;Pocztylion;PPK Pocztylion 2025 DFE;CD Projekt S.A.;989.1594782608695;sztuki.xlsx
4Q23;Pocztylion;PPK Pocztylion 2025 DFE;Cyfrowy Polsat S.A.;3831.6780210867805;sztuki.xlsx
4Q23;Pocztylion;PPK Pocztylion 2025 DFE;Dino Polska S.A.;5891.159539830692;sztuki.xlsx
4Q23;Pocztylion;PPK Pocztylion 2025 DFE;Ferro S.A.;44.431210191082805;sztuki.xlsx
4Q23;Pocztylion;PPK Pocztylion 2025 DFE;Giełda Papierów Wartościowych w Warszawie S.A.;21.990588235294116;sztuki.xlsx
4Q23;Pocztylion;PPK Pocztylion 2025 DFE;KGHM Polska Miedź S.A.;1348.6440097799511;sztuki.xlsx
4Q23;Pocztylion;PPK Pocztylion 2025 DFE;Kruk S.A.;348.7321593291404;sztuki.xlsx
4Q23;Pocztylion;PPK Pocztylion 2025 DFE;LPP S.A.;20.99212106238419;sztuki.xlsx
4Q23;Pocztylion;PPK Pocztylion 2025 DFE;Oponeo.pl S.A.;25.08696537678208;sztuki.xlsx
4Q23;Pocztylion;PPK Pocztylion 2025 DFE;Orange Polska S.A.;9108.889434889434;sztuki.xlsx
4Q23;Pocztylion;PPK Pocztylion 2025 DFE;Orlen S.A.;6891.019541984733;sztuki.xlsx
4Q23;Pocztylion;PPK Pocztylion 2025 DFE;PGE Polska Grupa Energetyczna S.A.;7836.872551279096;sztuki.xlsx
4Q23;Pocztylion;PPK Pocztylion 2025 DFE;Powszechna Kasa Oszczędności Bank Polski S.A.;10573.56538155803;sztuki.xlsx
4Q23;Pocztylion;PPK Pocztylion 2025 DFE;Powszechny Zakład Ubezpieczeń S.A.;7026.508356251321;sztuki.xlsx
4Q23;Pocztylion;PPK Pocztylion 2025 DFE;Poznańska Korporacja Budowlana Pekabex S.A.;58.501834862385316;sztuki.xlsx
4Q23;Pocztylion;PPK Pocztylion 2025 DFE;Santander Bank Polska S.A.;470.7406492445896;sztuki.xlsx
4Q23;Pocztylion;PPK Pocztylion 2025 DFE;Tauron Polska Energia S.A.;1890.8543117300483;sztuki.xlsx
4Q23;Pocztylion;PPK Pocztylion 2025 DFE;Text S.A.;25.248704663212436;sztuki.xlsx
4Q23;Pocztylion;PPK Pocztylion 2025 DFE;Wirtualna Polska Holding S.A.;22.937335526315792;sztuki.xlsx
4Q23;Pocztylion;PPK Pocztylion 2025 DFE;mBank S.A.;70.03256074766355;sztuki.xlsx
4Q23;Pocztylion;PPK Pocztylion 2030 DFE;AB S.A.;1077.7734666666668;sztuki.xlsx
4Q23;Pocztylion;PPK Pocztylion 2030 DFE;AMICA S.A.;1080.7545783132532;sztuki.xlsx
4Q23;Pocztylion;PPK Pocztylion 2030 DFE;Alior Bank S.A.;3249.224521875818;sztuki.xlsx
4Q23;Pocztylion;PPK Pocztylion 2030 DFE;Allegro.eu S.A.;33914.61575393848;sztuki.xlsx
4Q23;Pocztylion;PPK Pocztylion 2030 DFE;AmRest Holdings SE;342.92894736842106;sztuki.xlsx
4Q23;Pocztylion;PPK Pocztylion 2030 DFE;Ambra S.A.;2645.093559322034;sztuki.xlsx
4Q23;Pocztylion;PPK Pocztylion 2030 DFE;Asseco Poland S.A.;2451.665800273598;sztuki.xlsx
4Q23;Pocztylion;PPK Pocztylion 2030 DFE;Auto Partner S.A.;5244.169556840078;sztuki.xlsx
4Q23;Pocztylion;PPK Pocztylion 2030 DFE;Bank Handlowy w Warszawie S.A.;2702.9795857988165;sztuki.xlsx
4Q23;Pocztylion;PPK Pocztylion 2030 DFE;Bank Millennium S.A.;16526.578096947935;sztuki.xlsx
4Q23;Pocztylion;PPK Pocztylion 2030 DFE;Bank Polska Kasa Opieki S.A.;6995.6383426504435;sztuki.xlsx
4Q23;Pocztylion;PPK Pocztylion 2030 DFE;Bank Polska Kasa Opieki S.A. - PEO1027 - 29.10.2027;1787.012298585991;sztuki.xlsx
4Q23;Pocztylion;PPK Pocztylion 2030 DFE;Benefit Systems S.A.;45.53482051282051;sztuki.xlsx
4Q23;Pocztylion;PPK Pocztylion 2030 DFE;CCC S.A.;2066.5531393067363;sztuki.xlsx
4Q23;Pocztylion;PPK Pocztylion 2030 DFE;CD Projekt S.A.;3311.5775652173916;sztuki.xlsx
4Q23;Pocztylion;PPK Pocztylion 2030 DFE;Comarch S.A.;1131.2119711538462;sztuki.xlsx
4Q23;Pocztylion;PPK Pocztylion 2030 DFE;Cyfrowy Polsat S.A.;12397.905109489053;sztuki.xlsx
4Q23;Pocztylion;PPK Pocztylion 2030 DFE;Develia S.A.;47054.07488986784;sztuki.xlsx
4Q23;Pocztylion;PPK Pocztylion 2030 DFE;Dino Polska S.A.;19520.706750596913;sztuki.xlsx
4Q23;Pocztylion;PPK Pocztylion 2030 DFE;Fabryki Mebli FORTE S.A.;2640.805701754386;sztuki.xlsx
4Q23;Pocztylion;PPK Pocztylion 2030 DFE;Ferro S.A.;1795.0143312101911;sztuki.xlsx
4Q23;Pocztylion;PPK Pocztylion 2030 DFE;Giełda Papierów Wartościowych w Warszawie S.A.;2196.069411764706;sztuki.xlsx
4Q23;Pocztylion;PPK Pocztylion 2030 DFE;Grenevia S.A.;878.5373134328358;sztuki.xlsx
4Q23;Pocztylion;PPK Pocztylion 2030 DFE;Grupa Kęty S.A.;528.8893020134229;sztuki.xlsx
4Q23;Pocztylion;PPK Pocztylion 2030 DFE;ING Bank Śląski S.A.;1149.4726953125;sztuki.xlsx
4Q23;Pocztylion;PPK Pocztylion 2030 DFE;Inter Cars S.A.;608.9793377483444;sztuki.xlsx
4Q23;Pocztylion;PPK Pocztylion 2030 DFE;KGHM Polska Miedź S.A.;4410.811817440913;sztuki.xlsx
4Q23;Pocztylion;PPK Pocztylion 2030 DFE;Kruk S.A.;1182.7001677148846;sztuki.xlsx
4Q23;Pocztylion;PPK Pocztylion 2030 DFE;LPP S.A.;67.97448610253242;sztuki.xlsx
4Q23;Pocztylion;PPK Pocztylion 2030 DFE;Mangata Holding S.A.;600.4920855614973;sztuki.xlsx
4Q23;Pocztylion;PPK Pocztylion 2030 DFE;Onde S.A.;1208.675438596491;sztuki.xlsx
4Q23;Pocztylion;PPK Pocztylion 2030 DFE;Oponeo.pl S.A.;2025.0116089613036;sztuki.xlsx
4Q23;Pocztylion;PPK Pocztylion 2030 DFE;Orange Polska S.A.;30120.915233415228;sztuki.xlsx
4Q23;Pocztylion;PPK Pocztylion 2030 DFE;Orlen S.A.;22700.485496183206;sztuki.xlsx
4Q23;Pocztylion;PPK Pocztylion 2030 DFE;PGE Polska Grupa Energetyczna S.A.;32801.24913574556;sztuki.xlsx
4Q23;Pocztylion;PPK Pocztylion 2030 DFE;Powszechna Kasa Oszczędności Bank Polski S.A.;35311.58624801272;sztuki.xlsx
4Q23;Pocztylion;PPK Pocztylion 2030 DFE;Powszechny Zakład Ubezpieczeń S.A.;23337.902686693462;sztuki.xlsx
4Q23;Pocztylion;PPK Pocztylion 2030 DFE;Poznańska Korporacja Budowlana Pekabex S.A.;3378.982110091743;sztuki.xlsx
4Q23;Pocztylion;PPK Pocztylion 2030 DFE;Santander Bank Polska S.A.;1549.14652919559;sztuki.xlsx
4Q23;Pocztylion;PPK Pocztylion 2030 DFE;Tauron Polska Energia S.A.;29195.44188537761;sztuki.xlsx
4Q23;Pocztylion;PPK Pocztylion 2030 DFE;Text S.A.;1673.4812607944732;sztuki.xlsx
4Q23;Pocztylion;PPK Pocztylion 2030 DFE;VRG S.A.;20686.652941176468;sztuki.xlsx
4Q23;Pocztylion;PPK Pocztylion 2030 DFE;Wielton S.A.;1715.4189473684212;sztuki.xlsx
4Q23;Pocztylion;PPK Pocztylion 2030 DFE;Wirtualna Polska Holding S.A.;1733.266200657895;sztuki.xlsx
4Q23;Pocztylion;PPK Pocztylion 2030 DFE;mBank S.A.;308.14323364485983;sztuki.xlsx
4Q23;Pocztylion;PPK Pocztylion 2035 DFE;AB S.A.;3010.6072000000004;sztuki.xlsx
4Q23;Pocztylion;PPK Pocztylion 2035 DFE;AMICA S.A.;2784.6378313253012;sztuki.xlsx
4Q23;Pocztylion;PPK Pocztylion 2035 DFE;Alior Bank S.A.;4741.246004715745;sztuki.xlsx
4Q23;Pocztylion;PPK Pocztylion 2035 DFE;Allegro.eu S.A.;46702.35678919729;sztuki.xlsx
4Q23;Pocztylion;PPK Pocztylion 2035 DFE;AmRest Holdings SE;1110.7703007518796;sztuki.xlsx
4Q23;Pocztylion;PPK Pocztylion 2035 DFE;Ambra S.A.;6814.001355932203;sztuki.xlsx
4Q23;Pocztylion;PPK Pocztylion 2035 DFE;Asseco Poland S.A.;3553.5606019151846;sztuki.xlsx
4Q23;Pocztylion;PPK Pocztylion 2035 DFE;Bank Handlowy w Warszawie S.A.;6456.558777120315;sztuki.xlsx
4Q23;Pocztylion;PPK Pocztylion 2035 DFE;Bank Millennium S.A.;39469.52124476361;sztuki.xlsx
4Q23;Pocztylion;PPK Pocztylion 2035 DFE;Bank Polska Kasa Opieki S.A.;9812.714172969416;sztuki.xlsx
4Q23;Pocztylion;PPK Pocztylion 2035 DFE;Bank Polska Kasa Opieki S.A. - PEO1027 - 29.10.2027;1392.1294311081879;sztuki.xlsx
4Q23;Pocztylion;PPK Pocztylion 2035 DFE;Benefit Systems S.A.;110.29545641025642;sztuki.xlsx
4Q23;Pocztylion;PPK Pocztylion 2035 DFE;Budimex S.A.;205.39726837060704;sztuki.xlsx
4Q23;Pocztylion;PPK Pocztylion 2035 DFE;CCC S.A.;4935.170536298235;sztuki.xlsx
4Q23;Pocztylion;PPK Pocztylion 2035 DFE;CD Projekt S.A.;4722.082869565218;sztuki.xlsx
4Q23;Pocztylion;PPK Pocztylion 2035 DFE;Comarch S.A.;2703.5966346153846;sztuki.xlsx
4Q23;Pocztylion;PPK Pocztylion 2035 DFE;Cyfrowy Polsat S.A.;16352.24493106245;sztuki.xlsx
4Q23;Pocztylion;PPK Pocztylion 2035 DFE;Develia S.A.;112373.0859030837;sztuki.xlsx
4Q23;Pocztylion;PPK Pocztylion 2035 DFE;Dino Polska S.A.;27358.944649446494;sztuki.xlsx
4Q23;Pocztylion;PPK Pocztylion 2035 DFE;Fabryki Mebli FORTE S.A.;6908.500438596491;sztuki.xlsx
4Q23;Pocztylion;PPK Pocztylion 2035 DFE;Ferro S.A.;5681.250318471338;sztuki.xlsx
4Q23;Pocztylion;PPK Pocztylion 2035 DFE;Giełda Papierów Wartościowych w Warszawie S.A.;5285.760470588235;sztuki.xlsx
4Q23;Pocztylion;PPK Pocztylion 2035 DFE;Grenevia S.A.;3114.44776119403;sztuki.xlsx
4Q23;Pocztylion;PPK Pocztylion 2035 DFE;Grupa Kęty S.A.;766.2884832214767;sztuki.xlsx
4Q23;Pocztylion;PPK Pocztylion 2035 DFE;ING Bank Śląski S.A.;2744.4540234375;sztuki.xlsx
4Q23;Pocztylion;PPK Pocztylion 2035 DFE;Inter Cars S.A.;1454.3388245033113;sztuki.xlsx
4Q23;Pocztylion;PPK Pocztylion 2035 DFE;KGHM Polska Miedź S.A.;6192.876609616951;sztuki.xlsx
4Q23;Pocztylion;PPK Pocztylion 2035 DFE;Kruk S.A.;1672.9179454926625;sztuki.xlsx
4Q23;Pocztylion;PPK Pocztylion 2035 DFE;LPP S.A.;104.9606040765905;sztuki.xlsx
4Q23;Pocztylion;PPK Pocztylion 2035 DFE;Mangata Holding S.A.;1680.77935828877;sztuki.xlsx
4Q23;Pocztylion;PPK Pocztylion 2035 DFE;Onde S.A.;3414.309941520467;sztuki.xlsx
4Q23;Pocztylion;PPK Pocztylion 2035 DFE;Oponeo.pl S.A.;5215.057230142566;sztuki.xlsx
4Q23;Pocztylion;PPK Pocztylion 2035 DFE;Orange Polska S.A.;43579.64496314496;sztuki.xlsx
4Q23;Pocztylion;PPK Pocztylion 2035 DFE;Orlen S.A.;31753.890992366414;sztuki.xlsx
4Q23;Pocztylion;PPK Pocztylion 2035 DFE;PGE Polska Grupa Energetyczna S.A.;47838.78658677114;sztuki.xlsx
4Q23;Pocztylion;PPK Pocztylion 2035 DFE;Powszechna Kasa Oszczędności Bank Polski S.A.;49508.05862480127;sztuki.xlsx
4Q23;Pocztylion;PPK Pocztylion 2035 DFE;Powszechny Zakład Ubezpieczeń S.A.;32761.996826740004;sztuki.xlsx
4Q23;Pocztylion;PPK Pocztylion 2035 DFE;Poznańska Korporacja Budowlana Pekabex S.A.;9322.964678899083;sztuki.xlsx
4Q23;Pocztylion;PPK Pocztylion 2035 DFE;Santander Bank Polska S.A.;2164.8073295222534;sztuki.xlsx
4Q23;Pocztylion;PPK Pocztylion 2035 DFE;Tauron Polska Energia S.A.;72939.68934118906;sztuki.xlsx
4Q23;Pocztylion;PPK Pocztylion 2035 DFE;Text S.A.;3996.3581174438687;sztuki.xlsx
4Q23;Pocztylion;PPK Pocztylion 2035 DFE;VRG S.A.;54699.564705882345;sztuki.xlsx
4Q23;Pocztylion;PPK Pocztylion 2035 DFE;Wielton S.A.;5152.242105263158;sztuki.xlsx
4Q23;Pocztylion;PPK Pocztylion 2035 DFE;Wirtualna Polska Holding S.A.;4242.413486842105;sztuki.xlsx
4Q23;Pocztylion;PPK Pocztylion 2035 DFE;mBank S.A.;459.2134579439252;sztuki.xlsx
4Q23;Pocztylion;PPK Pocztylion 2040 DFE;AB S.A.;3527.6202666666672;sztuki.xlsx
4Q23;Pocztylion;PPK Pocztylion 2040 DFE;AMICA S.A.;3176.4612048192776;sztuki.xlsx
4Q23;Pocztylion;PPK Pocztylion 2040 DFE;Alior Bank S.A.;4645.180246266702;sztuki.xlsx
4Q23;Pocztylion;PPK Pocztylion 2040 DFE;Allegro.eu S.A.;45668.356189047256;sztuki.xlsx
4Q23;Pocztylion;PPK Pocztylion 2040 DFE;AmRest Holdings SE;1368.716917293233;sztuki.xlsx
4Q23;Pocztylion;PPK Pocztylion 2040 DFE;Ambra S.A.;7770.651864406781;sztuki.xlsx
4Q23;Pocztylion;PPK Pocztylion 2040 DFE;Asseco Poland S.A.;3402.025034199727;sztuki.xlsx
4Q23;Pocztylion;PPK Pocztylion 2040 DFE;Auto Partner S.A.;12085.927552986514;sztuki.xlsx
4Q23;Pocztylion;PPK Pocztylion 2040 DFE;Bank Handlowy w Warszawie S.A.;6230.136390532544;sztuki.xlsx
4Q23;Pocztylion;PPK Pocztylion 2040 DFE;Bank Millennium S.A.;38087.32016756433;sztuki.xlsx
4Q23;Pocztylion;PPK Pocztylion 2040 DFE;Bank Polska Kasa Opieki S.A.;9465.334889838867;sztuki.xlsx
4Q23;Pocztylion;PPK Pocztylion 2040 DFE;Bank Polska Kasa Opieki S.A. - PEO1027 - 29.10.2027;930.3172640578755;sztuki.xlsx
4Q23;Pocztylion;PPK Pocztylion 2040 DFE;Benefit Systems S.A.;106.24791794871794;sztuki.xlsx
4Q23;Pocztylion;PPK Pocztylion 2040 DFE;CCC S.A.;4761.885055591891;sztuki.xlsx
4Q23;Pocztylion;PPK Pocztylion 2040 DFE;CD Projekt S.A.;4589.659913043478;sztuki.xlsx
4Q23;Pocztylion;PPK Pocztylion 2040 DFE;Comarch S.A.;2608.9861538461537;sztuki.xlsx
4Q23;Pocztylion;PPK Pocztylion 2040 DFE;Cyfrowy Polsat S.A.;15960.12895377129;sztuki.xlsx
4Q23;Pocztylion;PPK Pocztylion 2040 DFE;Develia S.A.;108438.25550660794;sztuki.xlsx
4Q23;Pocztylion;PPK Pocztylion 2040 DFE;Dino Polska S.A.;26370.42804428044;sztuki.xlsx
4Q23;Pocztylion;PPK Pocztylion 2040 DFE;Fabryki Mebli FORTE S.A.;8251.01052631579;sztuki.xlsx
4Q23;Pocztylion;PPK Pocztylion 2040 DFE;Ferro S.A.;6497.794267515923;sztuki.xlsx
4Q23;Pocztylion;PPK Pocztylion 2040 DFE;Giełda Papierów Wartościowych w Warszawie S.A.;5111.834117647059;sztuki.xlsx
4Q23;Pocztylion;PPK Pocztylion 2040 DFE;Grenevia S.A.;3320.3850746268663;sztuki.xlsx
4Q23;Pocztylion;PPK Pocztylion 2040 DFE;Grupa Kęty S.A.;722.2143758389262;sztuki.xlsx
4Q23;Pocztylion;PPK Pocztylion 2040 DFE;ING Bank Śląski S.A.;2648.9160546875;sztuki.xlsx
4Q23;Pocztylion;PPK Pocztylion 2040 DFE;Inter Cars S.A.;1403.2566721854305;sztuki.xlsx
4Q23;Pocztylion;PPK Pocztylion 2040 DFE;KGHM Polska Miedź S.A.;6011.444661776692;sztuki.xlsx
4Q23;Pocztylion;PPK Pocztylion 2040 DFE;Kruk S.A.;1608.1533962264152;sztuki.xlsx
4Q23;Pocztylion;PPK Pocztylion 2040 DFE;LPP S.A.;102.96135453983942;sztuki.xlsx
4Q23;Pocztylion;PPK Pocztylion 2040 DFE;Mangata Holding S.A.;1991.0004278074869;sztuki.xlsx
4Q23;Pocztylion;PPK Pocztylion 2040 DFE;Onde S.A.;4079.280116959064;sztuki.xlsx
4Q23;Pocztylion;PPK Pocztylion 2040 DFE;Oponeo.pl S.A.;5947.5936863543775;sztuki.xlsx
4Q23;Pocztylion;PPK Pocztylion 2040 DFE;Orange Polska S.A.;43059.10810810811;sztuki.xlsx
4Q23;Pocztylion;PPK Pocztylion 2040 DFE;Orlen S.A.;30689.44106870229;sztuki.xlsx
4Q23;Pocztylion;PPK Pocztylion 2040 DFE;PGE Polska Grupa Energetyczna S.A.;46788.793500806634;sztuki.xlsx
4Q23;Pocztylion;PPK Pocztylion 2040 DFE;Powszechna Kasa Oszczędności Bank Polski S.A.;47841.181240063604;sztuki.xlsx
4Q23;Pocztylion;PPK Pocztylion 2040 DFE;Powszechny Zakład Ubezpieczeń S.A.;31552.187433890413;sztuki.xlsx
4Q23;Pocztylion;PPK Pocztylion 2040 DFE;Poznańska Korporacja Budowlana Pekabex S.A.;10692.713302752294;sztuki.xlsx
4Q23;Pocztylion;PPK Pocztylion 2040 DFE;Santander Bank Polska S.A.;2090.8480808493264;sztuki.xlsx
4Q23;Pocztylion;PPK Pocztylion 2040 DFE;Tauron Polska Energia S.A.;70911.06320299946;sztuki.xlsx
4Q23;Pocztylion;PPK Pocztylion 2040 DFE;Text S.A.;3856.985492227979;sztuki.xlsx
4Q23;Pocztylion;PPK Pocztylion 2040 DFE;VRG S.A.;62842.38529411764;sztuki.xlsx
4Q23;Pocztylion;PPK Pocztylion 2040 DFE;Wielton S.A.;6162.5442105263155;sztuki.xlsx
4Q23;Pocztylion;PPK Pocztylion 2040 DFE;Wirtualna Polska Holding S.A.;4100.800246710527;sztuki.xlsx
4Q23;Pocztylion;PPK Pocztylion 2040 DFE;mBank S.A.;443.20601869158884;sztuki.xlsx
4Q23;Pocztylion;PPK Pocztylion 2045 DFE;AB S.A.;3069.268266666667;sztuki.xlsx
4Q23;Pocztylion;PPK Pocztylion 2045 DFE;AMICA S.A.;2754.727590361446;sztuki.xlsx
4Q23;Pocztylion;PPK Pocztylion 2045 DFE;Alior Bank S.A.;3758.573225045847;sztuki.xlsx
4Q23;Pocztylion;PPK Pocztylion 2045 DFE;Allegro.eu S.A.;36210.056714178536;sztuki.xlsx
4Q23;Pocztylion;PPK Pocztylion 2045 DFE;AmRest Holdings SE;1418.7067669172932;sztuki.xlsx
4Q23;Pocztylion;PPK Pocztylion 2045 DFE;Ambra S.A.;6740.722033898304;sztuki.xlsx
4Q23;Pocztylion;PPK Pocztylion 2045 DFE;Asseco Poland S.A.;2713.591655266758;sztuki.xlsx
4Q23;Pocztylion;PPK Pocztylion 2045 DFE;Auto Partner S.A.;9734.988439306358;sztuki.xlsx
4Q23;Pocztylion;PPK Pocztylion 2045 DFE;Bank Handlowy w Warszawie S.A.;5017.5190335305715;sztuki.xlsx
4Q23;Pocztylion;PPK Pocztylion 2045 DFE;Bank Millennium S.A.;30677.685218432074;sztuki.xlsx
4Q23;Pocztylion;PPK Pocztylion 2045 DFE;Bank Polska Kasa Opieki S.A.;7599.297402170337;sztuki.xlsx
4Q23;Pocztylion;PPK Pocztylion 2045 DFE;Bank Polska Kasa Opieki S.A. Seria A - PEO1027 - 29.10.2027;461.81216705031227;sztuki.xlsx
4Q23;Pocztylion;PPK Pocztylion 2045 DFE;Benefit Systems S.A.;84.99833333333333;sztuki.xlsx
4Q23;Pocztylion;PPK Pocztylion 2045 DFE;CCC S.A.;3836.045454545455;sztuki.xlsx
4Q23;Pocztylion;PPK Pocztylion 2045 DFE;CD Projekt S.A.;3702.827217391304;sztuki.xlsx
4Q23;Pocztylion;PPK Pocztylion 2045 DFE;Comarch S.A.;2100.9691346153845;sztuki.xlsx
4Q23;Pocztylion;PPK Pocztylion 2045 DFE;Cyfrowy Polsat S.A.;13261.566098945661;sztuki.xlsx
4Q23;Pocztylion;PPK Pocztylion 2045 DFE;Develia S.A.;87341.87885462555;sztuki.xlsx
4Q23;Pocztylion;PPK Pocztylion 2045 DFE;Dino Polska S.A.;21158.249403082267;sztuki.xlsx
4Q23;Pocztylion;PPK Pocztylion 2045 DFE;Fabryki Mebli FORTE S.A.;7186.850438596491;sztuki.xlsx
4Q23;Pocztylion;PPK Pocztylion 2045 DFE;Ferro S.A.;5622.996496815286;sztuki.xlsx
4Q23;Pocztylion;PPK Pocztylion 2045 DFE;Giełda Papierów Wartościowych w Warszawie S.A.;4118.255058823529;sztuki.xlsx
4Q23;Pocztylion;PPK Pocztylion 2045 DFE;Grenevia S.A.;2664.017910447761;sztuki.xlsx
4Q23;Pocztylion;PPK Pocztylion 2045 DFE;Grupa Kęty S.A.;584.9836241610739;sztuki.xlsx
4Q23;Pocztylion;PPK Pocztylion 2045 DFE;ING Bank Śląski S.A.;2133.0109765625;sztuki.xlsx
4Q23;Pocztylion;PPK Pocztylion 2045 DFE;Inter Cars S.A.;1129.8169370860928;sztuki.xlsx
4Q23;Pocztylion;PPK Pocztylion 2045 DFE;KGHM Polska Miedź S.A.;4838.184841075795;sztuki.xlsx
4Q23;Pocztylion;PPK Pocztylion 2045 DFE;Kruk S.A.;1293.2980922431864;sztuki.xlsx
4Q23;Pocztylion;PPK Pocztylion 2045 DFE;LPP S.A.;82.96885855466337;sztuki.xlsx
4Q23;Pocztylion;PPK Pocztylion 2045 DFE;Mangata Holding S.A.;1734.6441711229947;sztuki.xlsx
4Q23;Pocztylion;PPK Pocztylion 2045 DFE;Onde S.A.;3567.381871345029;sztuki.xlsx
4Q23;Pocztylion;PPK Pocztylion 2045 DFE;Oponeo.pl S.A.;5158.8625254582485;sztuki.xlsx
4Q23;Pocztylion;PPK Pocztylion 2045 DFE;Orange Polska S.A.;34839.84520884521;sztuki.xlsx
4Q23;Pocztylion;PPK Pocztylion 2045 DFE;Orlen S.A.;24646.734351145038;sztuki.xlsx
4Q23;Pocztylion;PPK Pocztylion 2045 DFE;PGE Polska Grupa Energetyczna S.A.;37619.392717215946;sztuki.xlsx
4Q23;Pocztylion;PPK Pocztylion 2045 DFE;Powszechna Kasa Oszczędności Bank Polski S.A.;38486.257352941175;sztuki.xlsx
4Q23;Pocztylion;PPK Pocztylion 2045 DFE;Powszechny Zakład Ubezpieczeń S.A.;25432.034694309288;sztuki.xlsx
4Q23;Pocztylion;PPK Pocztylion 2045 DFE;Poznańska Korporacja Budowlana Pekabex S.A.;9308.843577981652;sztuki.xlsx
4Q23;Pocztylion;PPK Pocztylion 2045 DFE;Santander Bank Polska S.A.;1684.0721927317272;sztuki.xlsx
4Q23;Pocztylion;PPK Pocztylion 2045 DFE;Tauron Polska Energia S.A.;57148.950187466515;sztuki.xlsx
4Q23;Pocztylion;PPK Pocztylion 2045 DFE;Text S.A.;3106.5953367875645;sztuki.xlsx
4Q23;Pocztylion;PPK Pocztylion 2045 DFE;VRG S.A.;54669.50882352941;sztuki.xlsx
4Q23;Pocztylion;PPK Pocztylion 2045 DFE;Wielton S.A.;5285.885263157895;sztuki.xlsx
4Q23;Pocztylion;PPK Pocztylion 2045 DFE;Wirtualna Polska Holding S.A.;3305.9709703947374;sztuki.xlsx
4Q23;Pocztylion;PPK Pocztylion 2045 DFE;mBank S.A.;382.17764485981314;sztuki.xlsx
4Q23;Pocztylion;PPK Pocztylion 2050 DFE;AB S.A.;2144.6101333333336;sztuki.xlsx
4Q23;Pocztylion;PPK Pocztylion 2050 DFE;AMICA S.A.;1885.3384337349398;sztuki.xlsx
4Q23;Pocztylion;PPK Pocztylion 2050 DFE;Alior Bank S.A.;2558.751768404506;sztuki.xlsx
4Q23;Pocztylion;PPK Pocztylion 2050 DFE;Allegro.eu S.A.;21445.491372843208;sztuki.xlsx
4Q23;Pocztylion;PPK Pocztylion 2050 DFE;AmRest Holdings SE;872.8195488721803;sztuki.xlsx
4Q23;Pocztylion;PPK Pocztylion 2050 DFE;Ambra S.A.;4612.601355932203;sztuki.xlsx
4Q23;Pocztylion;PPK Pocztylion 2050 DFE;Asseco Poland S.A.;1773.2678522571823;sztuki.xlsx
4Q23;Pocztylion;PPK Pocztylion 2050 DFE;Auto Partner S.A.;6201.510597302505;sztuki.xlsx
4Q23;Pocztylion;PPK Pocztylion 2050 DFE;Bank Millennium S.A.;19321.895870736083;sztuki.xlsx
4Q23;Pocztylion;PPK Pocztylion 2050 DFE;Bank Polska Kasa Opieki S.A.;4853.299177902006;sztuki.xlsx
4Q23;Pocztylion;PPK Pocztylion 2050 DFE;Bank Polska Kasa Opieki S.A. - PEO1027 - 29.10.2027;267.71719829003615;sztuki.xlsx
4Q23;Pocztylion;PPK Pocztylion 2050 DFE;Benefit Systems S.A.;53.629902564102565;sztuki.xlsx
4Q23;Pocztylion;PPK Pocztylion 2050 DFE;Budimex S.A.;167.32362619808305;sztuki.xlsx
4Q23;Pocztylion;PPK Pocztylion 2050 DFE;CCC S.A.;2404.2122302158273;sztuki.xlsx
4Q23;Pocztylion;PPK Pocztylion 2050 DFE;CD Projekt S.A.;2512.023652173913;sztuki.xlsx
4Q23;Pocztylion;PPK Pocztylion 2050 DFE;Comarch S.A.;1357.454375;sztuki.xlsx
4Q23;Pocztylion;PPK Pocztylion 2050 DFE;Cyfrowy Polsat S.A.;4322.325223033252;sztuki.xlsx
4Q23;Pocztylion;PPK Pocztylion 2050 DFE;Develia S.A.;55027.682819383255;sztuki.xlsx
4Q23;Pocztylion;PPK Pocztylion 2050 DFE;Dino Polska S.A.;13300.041675710874;sztuki.xlsx
4Q23;Pocztylion;PPK Pocztylion 2050 DFE;Fabryki Mebli FORTE S.A.;5085.661403508772;sztuki.xlsx
4Q23;Pocztylion;PPK Pocztylion 2050 DFE;Ferro S.A.;4069.8843949044585;sztuki.xlsx
4Q23;Pocztylion;PPK Pocztylion 2050 DFE;Giełda Papierów Wartościowych w Warszawie S.A.;2618.8903529411764;sztuki.xlsx
4Q23;Pocztylion;PPK Pocztylion 2050 DFE;Grenevia S.A.;1684.0328358208956;sztuki.xlsx
4Q23;Pocztylion;PPK Pocztylion 2050 DFE;Grupa Kęty S.A.;379.6383489932886;sztuki.xlsx
4Q23;Pocztylion;PPK Pocztylion 2050 DFE;ING Bank Śląski S.A.;1362.673203125;sztuki.xlsx
4Q23;Pocztylion;PPK Pocztylion 2050 DFE;Inter Cars S.A.;718.1549172185431;sztuki.xlsx
4Q23;Pocztylion;PPK Pocztylion 2050 DFE;KGHM Polska Miedź S.A.;3281.9020374898123;sztuki.xlsx
4Q23;Pocztylion;PPK Pocztylion 2050 DFE;Kruk S.A.;874.819496855346;sztuki.xlsx
4Q23;Pocztylion;PPK Pocztylion 2050 DFE;LPP S.A.;52.980114268066714;sztuki.xlsx
4Q23;Pocztylion;PPK Pocztylion 2050 DFE;Mangata Holding S.A.;1254.8489839572192;sztuki.xlsx
4Q23;Pocztylion;PPK Pocztylion 2050 DFE;Onde S.A.;2475.995906432748;sztuki.xlsx
4Q23;Pocztylion;PPK Pocztylion 2050 DFE;Oponeo.pl S.A.;3530.223421588595;sztuki.xlsx
4Q23;Pocztylion;PPK Pocztylion 2050 DFE;Orange Polska S.A.;23725.035626535624;sztuki.xlsx
4Q23;Pocztylion;PPK Pocztylion 2050 DFE;Orlen S.A.;14938.829160305344;sztuki.xlsx
4Q23;Pocztylion;PPK Pocztylion 2050 DFE;PGE Polska Grupa Energetyczna S.A.;25467.331182300066;sztuki.xlsx
4Q23;Pocztylion;PPK Pocztylion 2050 DFE;Powszechna Kasa Oszczędności Bank Polski S.A.;25228.279014308424;sztuki.xlsx
4Q23;Pocztylion;PPK Pocztylion 2050 DFE;Powszechny Zakład Ubezpieczeń S.A.;16347.448275862069;sztuki.xlsx
4Q23;Pocztylion;PPK Pocztylion 2050 DFE;Poznańska Korporacja Budowlana Pekabex S.A.;6575.398165137615;sztuki.xlsx
4Q23;Pocztylion;PPK Pocztylion 2050 DFE;Santander Bank Polska S.A.;1103.392098815843;sztuki.xlsx
4Q23;Pocztylion;PPK Pocztylion 2050 DFE;Tauron Polska Energia S.A.;38805.46063202999;sztuki.xlsx
4Q23;Pocztylion;PPK Pocztylion 2050 DFE;Text S.A.;1998.6840241796199;sztuki.xlsx
4Q23;Pocztylion;PPK Pocztylion 2050 DFE;VRG S.A.;39000.99117647059;sztuki.xlsx
4Q23;Pocztylion;PPK Pocztylion 2050 DFE;Wielton S.A.;3789.88;sztuki.xlsx
4Q23;Pocztylion;PPK Pocztylion 2050 DFE;Wirtualna Polska Holding S.A.;2198.994243421053;sztuki.xlsx
4Q23;Pocztylion;PPK Pocztylion 2050 DFE;mBank S.A.;254.11813084112154;sztuki.xlsx
4Q23;Pocztylion;PPK Pocztylion 2055 DFE;AB S.A.;1524.1944;sztuki.xlsx
4Q23;Pocztylion;PPK Pocztylion 2055 DFE;AMICA S.A.;1348.949156626506;sztuki.xlsx
4Q23;Pocztylion;PPK Pocztylion 2055 DFE;Alior Bank S.A.;1837.2577940791198;sztuki.xlsx
4Q23;Pocztylion;PPK Pocztylion 2055 DFE;Allegro.eu S.A.;15679.335333833456;sztuki.xlsx
4Q23;Pocztylion;PPK Pocztylion 2055 DFE;AmRest Holdings SE;630.8695488721805;sztuki.xlsx
4Q23;Pocztylion;PPK Pocztylion 2055 DFE;Ambra S.A.;3301.5986440677966;sztuki.xlsx
4Q23;Pocztylion;PPK Pocztylion 2055 DFE;Asseco Poland S.A.;1278.5191518467855;sztuki.xlsx
4Q23;Pocztylion;PPK Pocztylion 2055 DFE;Auto Partner S.A.;4444.365703275529;sztuki.xlsx
4Q23;Pocztylion;PPK Pocztylion 2055 DFE;Bank Handlowy w Warszawie S.A.;2293.4067061143983;sztuki.xlsx
4Q23;Pocztylion;PPK Pocztylion 2055 DFE;Bank Millennium S.A.;13910.767205266307;sztuki.xlsx
4Q23;Pocztylion;PPK Pocztylion 2055 DFE;Bank Polska Kasa Opieki S.A.;3485.806050641236;sztuki.xlsx
4Q23;Pocztylion;PPK Pocztylion 2055 DFE;Bank Polska Kasa Opieki S.A. - PEO1027 - 29.10.2027;200.7878987175271;sztuki.xlsx
4Q23;Pocztylion;PPK Pocztylion 2055 DFE;Benefit Systems S.A.;38.45162564102564;sztuki.xlsx
4Q23;Pocztylion;PPK Pocztylion 2055 DFE;CCC S.A.;1733.8449967298889;sztuki.xlsx
4Q23;Pocztylion;PPK Pocztylion 2055 DFE;CD Projekt S.A.;1805.7678260869563;sztuki.xlsx
4Q23;Pocztylion;PPK Pocztylion 2055 DFE;Comarch S.A.;970.785528846154;sztuki.xlsx
4Q23;Pocztylion;PPK Pocztylion 2055 DFE;Cyfrowy Polsat S.A.;3059.510948905109;sztuki.xlsx
4Q23;Pocztylion;PPK Pocztylion 2055 DFE;Develia S.A.;39748.101321585906;sztuki.xlsx
4Q23;Pocztylion;PPK Pocztylion 2055 DFE;Dino Polska S.A.;9575.630562187975;sztuki.xlsx
4Q23;Pocztylion;PPK Pocztylion 2055 DFE;Fabryki Mebli FORTE S.A.;3550.2157894736843;sztuki.xlsx
4Q23;Pocztylion;PPK Pocztylion 2055 DFE;Ferro S.A.;2901.8414012738854;sztuki.xlsx
4Q23;Pocztylion;PPK Pocztylion 2055 DFE;Giełda Papierów Wartościowych w Warszawie S.A.;1881.2028235294115;sztuki.xlsx
4Q23;Pocztylion;PPK Pocztylion 2055 DFE;Grenevia S.A.;1139.2597014925375;sztuki.xlsx
4Q23;Pocztylion;PPK Pocztylion 2055 DFE;Grupa Kęty S.A.;277.46655033557045;sztuki.xlsx
4Q23;Pocztylion;PPK Pocztylion 2055 DFE;ING Bank Śląski S.A.;969.4590234375;sztuki.xlsx
4Q23;Pocztylion;PPK Pocztylion 2055 DFE;Inter Cars S.A.;512.824701986755;sztuki.xlsx
4Q23;Pocztylion;PPK Pocztylion 2055 DFE;KGHM Polska Miedź S.A.;2358.615077424613;sztuki.xlsx
4Q23;Pocztylion;PPK Pocztylion 2055 DFE;Kruk S.A.;627.7178616352202;sztuki.xlsx
4Q23;Pocztylion;PPK Pocztylion 2055 DFE;LPP S.A.;37.98574243360099;sztuki.xlsx
4Q23;Pocztylion;PPK Pocztylion 2055 DFE;Mangata Holding S.A.;898.7432085561499;sztuki.xlsx
4Q23;Pocztylion;PPK Pocztylion 2055 DFE;Onde S.A.;1819.9713450292393;sztuki.xlsx
4Q23;Pocztylion;PPK Pocztylion 2055 DFE;Oponeo.pl S.A.;2526.7488798370673;sztuki.xlsx
4Q23;Pocztylion;PPK Pocztylion 2055 DFE;Orange Polska S.A.;17030.272727272724;sztuki.xlsx
4Q23;Pocztylion;PPK Pocztylion 2055 DFE;Orlen S.A.;10630.293129770993;sztuki.xlsx
4Q23;Pocztylion;PPK Pocztylion 2055 DFE;PGE Polska Grupa Energetyczna S.A.;18303.7358838442;sztuki.xlsx
4Q23;Pocztylion;PPK Pocztylion 2055 DFE;Powszechna Kasa Oszczędności Bank Polski S.A.;18019.484697933225;sztuki.xlsx
4Q23;Pocztylion;PPK Pocztylion 2055 DFE;Powszechny Zakład Ubezpieczeń S.A.;11704.50454833933;sztuki.xlsx
4Q23;Pocztylion;PPK Pocztylion 2055 DFE;Poznańska Korporacja Budowlana Pekabex S.A.;4707.376146788991;sztuki.xlsx
4Q23;Pocztylion;PPK Pocztylion 2055 DFE;Santander Bank Polska S.A.;786.5666598611676;sztuki.xlsx
4Q23;Pocztylion;PPK Pocztylion 2055 DFE;Tauron Polska Energia S.A.;27580.128548473487;sztuki.xlsx
4Q23;Pocztylion;PPK Pocztylion 2055 DFE;Text S.A.;1431.0941278065632;sztuki.xlsx
4Q23;Pocztylion;PPK Pocztylion 2055 DFE;VRG S.A.;27968.908823529408;sztuki.xlsx
4Q23;Pocztylion;PPK Pocztylion 2055 DFE;Wielton S.A.;2722.7294736842105;sztuki.xlsx
4Q23;Pocztylion;PPK Pocztylion 2055 DFE;Wirtualna Polska Holding S.A.;1570.710197368421;sztuki.xlsx
4Q23;Pocztylion;PPK Pocztylion 2055 DFE;mBank S.A.;183.08510280373832;sztuki.xlsx
4Q23;Pocztylion;PPK Pocztylion 2060 DFE;AB S.A.;810.3186666666667;sztuki.xlsx
4Q23;Pocztylion;PPK Pocztylion 2060 DFE;AMICA S.A.;714.8533734939759;sztuki.xlsx
4Q23;Pocztylion;PPK Pocztylion 2060 DFE;Alior Bank S.A.;959.657060518732;sztuki.xlsx
4Q23;Pocztylion;PPK Pocztylion 2060 DFE;Allegro.eu S.A.;8772.97344336084;sztuki.xlsx
4Q23;Pocztylion;PPK Pocztylion 2060 DFE;AmRest Holdings SE;231.95187969924814;sztuki.xlsx
4Q23;Pocztylion;PPK Pocztylion 2060 DFE;Ambra S.A.;1748.672881355932;sztuki.xlsx
4Q23;Pocztylion;PPK Pocztylion 2060 DFE;Asseco Poland S.A.;675.3872777017784;sztuki.xlsx
4Q23;Pocztylion;PPK Pocztylion 2060 DFE;Auto Partner S.A.;2356.9980732177264;sztuki.xlsx
4Q23;Pocztylion;PPK Pocztylion 2060 DFE;Bank Handlowy w Warszawie S.A.;1214.6300788954634;sztuki.xlsx
4Q23;Pocztylion;PPK Pocztylion 2060 DFE;Bank Millennium S.A.;7429.581089168162;sztuki.xlsx
4Q23;Pocztylion;PPK Pocztylion 2060 DFE;Bank Polska Kasa Opieki S.A.;1863.0341992765534;sztuki.xlsx
4Q23;Pocztylion;PPK Pocztylion 2060 DFE;Bank Polska Kasa Opieki S.A. - PEO1027 - 29.10.2027;66.92929957250904;sztuki.xlsx
4Q23;Pocztylion;PPK Pocztylion 2060 DFE;Budimex S.A.;47.09108626198083;sztuki.xlsx
4Q23;Pocztylion;PPK Pocztylion 2060 DFE;CCC S.A.;928.8101700457815;sztuki.xlsx
4Q23;Pocztylion;PPK Pocztylion 2060 DFE;CD Projekt S.A.;973.1082608695652;sztuki.xlsx
4Q23;Pocztylion;PPK Pocztylion 2060 DFE;Comarch S.A.;499.79;sztuki.xlsx
4Q23;Pocztylion;PPK Pocztylion 2060 DFE;Cyfrowy Polsat S.A.;1411.6180048661802;sztuki.xlsx
4Q23;Pocztylion;PPK Pocztylion 2060 DFE;Develia S.A.;21152.345814977973;sztuki.xlsx
4Q23;Pocztylion;PPK Pocztylion 2060 DFE;Dino Polska S.A.;5202.193401345778;sztuki.xlsx
4Q23;Pocztylion;PPK Pocztylion 2060 DFE;Fabryki Mebli FORTE S.A.;1912.2728070175438;sztuki.xlsx
4Q23;Pocztylion;PPK Pocztylion 2060 DFE;Ferro S.A.;1628.1512738853503;sztuki.xlsx
4Q23;Pocztylion;PPK Pocztylion 2060 DFE;Giełda Papierów Wartościowych w Warszawie S.A.;1008.5727058823527;sztuki.xlsx
4Q23;Pocztylion;PPK Pocztylion 2060 DFE;Grenevia S.A.;316.51641791044773;sztuki.xlsx
4Q23;Pocztylion;PPK Pocztylion 2060 DFE;Grupa Kęty S.A.;151.254322147651;sztuki.xlsx
4Q23;Pocztylion;PPK Pocztylion 2060 DFE;ING Bank Śląski S.A.;515.905078125;sztuki.xlsx
4Q23;Pocztylion;PPK Pocztylion 2060 DFE;Inter Cars S.A.;273.4397350993377;sztuki.xlsx
4Q23;Pocztylion;PPK Pocztylion 2060 DFE;KGHM Polska Miedź S.A.;1274.0553382233088;sztuki.xlsx
4Q23;Pocztylion;PPK Pocztylion 2060 DFE;Kruk S.A.;327.8082180293501;sztuki.xlsx
4Q23;Pocztylion;PPK Pocztylion 2060 DFE;LPP S.A.;19.992495985176035;sztuki.xlsx
4Q23;Pocztylion;PPK Pocztylion 2060 DFE;Mangata Holding S.A.;514.7074866310161;sztuki.xlsx
4Q23;Pocztylion;PPK Pocztylion 2060 DFE;Onde S.A.;768.3438596491227;sztuki.xlsx
4Q23;Pocztylion;PPK Pocztylion 2060 DFE;Oponeo.pl S.A.;1338.6350305498981;sztuki.xlsx
4Q23;Pocztylion;PPK Pocztylion 2060 DFE;Orange Polska S.A.;8965.4656019656;sztuki.xlsx
4Q23;Pocztylion;PPK Pocztylion 2060 DFE;Orlen S.A.;5601.299847328244;sztuki.xlsx
4Q23;Pocztylion;PPK Pocztylion 2060 DFE;PGE Polska Grupa Energetyczna S.A.;9953.890297303524;sztuki.xlsx
4Q23;Pocztylion;PPK Pocztylion 2060 DFE;Powszechna Kasa Oszczędności Bank Polski S.A.;9375.93501589825;sztuki.xlsx
4Q23;Pocztylion;PPK Pocztylion 2060 DFE;Powszechny Zakład Ubezpieczeń S.A.;6092.111064099852;sztuki.xlsx
4Q23;Pocztylion;PPK Pocztylion 2060 DFE;Poznańska Korporacja Budowlana Pekabex S.A.;2487.334403669725;sztuki.xlsx
4Q23;Pocztylion;PPK Pocztylion 2060 DFE;Santander Bank Polska S.A.;393.7830543078807;sztuki.xlsx
4Q23;Pocztylion;PPK Pocztylion 2060 DFE;Tauron Polska Energia S.A.;14600.717728976968;sztuki.xlsx
4Q23;Pocztylion;PPK Pocztylion 2060 DFE;Text S.A.;777.6588082901554;sztuki.xlsx
4Q23;Pocztylion;PPK Pocztylion 2060 DFE;VRG S.A.;14685.732352941175;sztuki.xlsx
4Q23;Pocztylion;PPK Pocztylion 2060 DFE;Wielton S.A.;1112.0305263157895;sztuki.xlsx
4Q23;Pocztylion;PPK Pocztylion 2060 DFE;Wirtualna Polska Holding S.A.;824.747532894737;sztuki.xlsx
4Q23;Pocztylion;PPK Pocztylion 2060 DFE;mBank S.A.;96.0446355140187;sztuki.xlsx
4Q23;Pocztylion;PPK Pocztylion 2065 DFE;AB S.A.;48.71853333333333;sztuki.xlsx
4Q23;Pocztylion;PPK Pocztylion 2065 DFE;AMICA S.A.;46.85927710843374;sztuki.xlsx
4Q23;Pocztylion;PPK Pocztylion 2065 DFE;Alior Bank S.A.;57.039035892061825;sztuki.xlsx
4Q23;Pocztylion;PPK Pocztylion 2065 DFE;Allegro.eu S.A.;624.2076519129781;sztuki.xlsx
4Q23;Pocztylion;PPK Pocztylion 2065 DFE;Ambra S.A.;114.43661016949153;sztuki.xlsx
4Q23;Pocztylion;PPK Pocztylion 2065 DFE;Asseco Poland S.A.;41.14541723666211;sztuki.xlsx
4Q23;Pocztylion;PPK Pocztylion 2065 DFE;Auto Partner S.A.;155.51753371868978;sztuki.xlsx
4Q23;Pocztylion;PPK Pocztylion 2065 DFE;Bank Handlowy w Warszawie S.A.;79.49940828402366;sztuki.xlsx
4Q23;Pocztylion;PPK Pocztylion 2065 DFE;Bank Millennium S.A.;487.66008378216634;sztuki.xlsx
4Q23;Pocztylion;PPK Pocztylion 2065 DFE;Bank Polska Kasa Opieki S.A.;122.13337717855968;sztuki.xlsx
4Q23;Pocztylion;PPK Pocztylion 2065 DFE;Benefit Systems S.A.;1.0118871794871795;sztuki.xlsx
4Q23;Pocztylion;PPK Pocztylion 2065 DFE;Budimex S.A.;3.0058146964856234;sztuki.xlsx
4Q23;Pocztylion;PPK Pocztylion 2065 DFE;CCC S.A.;63.37295618051014;sztuki.xlsx
4Q23;Pocztylion;PPK Pocztylion 2065 DFE;CD Projekt S.A.;59.189043478260864;sztuki.xlsx
4Q23;Pocztylion;PPK Pocztylion 2065 DFE;Cyfrowy Polsat S.A.;213.15004055150038;sztuki.xlsx
4Q23;Pocztylion;PPK Pocztylion 2065 DFE;Develia S.A.;1392.2334801762115;sztuki.xlsx
4Q23;Pocztylion;PPK Pocztylion 2065 DFE;Dino Polska S.A.;409.38571738658567;sztuki.xlsx
4Q23;Pocztylion;PPK Pocztylion 2065 DFE;Fabryki Mebli FORTE S.A.;120.58464912280702;sztuki.xlsx
4Q23;Pocztylion;PPK Pocztylion 2065 DFE;Ferro S.A.;86.88726114649683;sztuki.xlsx
4Q23;Pocztylion;PPK Pocztylion 2065 DFE;Giełda Papierów Wartościowych w Warszawie S.A.;65.972;sztuki.xlsx
4Q23;Pocztylion;PPK Pocztylion 2065 DFE;Grupa Kęty S.A.;10.016845637583895;sztuki.xlsx
4Q23;Pocztylion;PPK Pocztylion 2065 DFE;ING Bank Śląski S.A.;33.186875;sztuki.xlsx
4Q23;Pocztylion;PPK Pocztylion 2065 DFE;Inter Cars S.A.;18.028990066225166;sztuki.xlsx
4Q23;Pocztylion;PPK Pocztylion 2065 DFE;KGHM Polska Miedź S.A.;76.6045639771801;sztuki.xlsx
4Q23;Pocztylion;PPK Pocztylion 2065 DFE;Kruk S.A.;20.923920335429766;sztuki.xlsx
4Q23;Pocztylion;PPK Pocztylion 2065 DFE;LPP S.A.;0.9996250772081533;sztuki.xlsx
4Q23;Pocztylion;PPK Pocztylion 2065 DFE;Mangata Holding S.A.;29.9248128342246;sztuki.xlsx
4Q23;Pocztylion;PPK Pocztylion 2065 DFE;Onde S.A.;39.759064327485376;sztuki.xlsx
4Q23;Pocztylion;PPK Pocztylion 2065 DFE;Oponeo.pl S.A.;87.30224032586558;sztuki.xlsx
4Q23;Pocztylion;PPK Pocztylion 2065 DFE;Orange Polska S.A.;526.554054054054;sztuki.xlsx
4Q23;Pocztylion;PPK Pocztylion 2065 DFE;Orlen S.A.;397.77343511450385;sztuki.xlsx
4Q23;Pocztylion;PPK Pocztylion 2065 DFE;PGE Polska Grupa Energetyczna S.A.;606.1500345701774;sztuki.xlsx
4Q23;Pocztylion;PPK Pocztylion 2065 DFE;Powszechna Kasa Oszczędności Bank Polski S.A.;642.3380365659777;sztuki.xlsx
4Q23;Pocztylion;PPK Pocztylion 2065 DFE;Powszechny Zakład Ubezpieczeń S.A.;405.60651576052464;sztuki.xlsx
4Q23;Pocztylion;PPK Pocztylion 2065 DFE;Poznańska Korporacja Budowlana Pekabex S.A.;158.35825688073396;sztuki.xlsx
4Q23;Pocztylion;PPK Pocztylion 2065 DFE;Santander Bank Polska S.A.;26.98513679052674;sztuki.xlsx
4Q23;Pocztylion;PPK Pocztylion 2065 DFE;Tauron Polska Energia S.A.;922.4665238350293;sztuki.xlsx
4Q23;Pocztylion;PPK Pocztylion 2065 DFE;Text S.A.;49.487392055267705;sztuki.xlsx
4Q23;Pocztylion;PPK Pocztylion 2065 DFE;VRG S.A.;889.6205882352941;sztuki.xlsx
4Q23;Pocztylion;PPK Pocztylion 2065 DFE;Wielton S.A.;49.86736842105263;sztuki.xlsx
4Q23;Pocztylion;PPK Pocztylion 2065 DFE;Wirtualna Polska Holding S.A.;52.85567434210527;sztuki.xlsx
4Q23;Pocztylion;PPK Pocztylion 2065 DFE;mBank S.A.;6.002785046728971;sztuki.xlsx
4Q24;Pocztylion;PPK Pocztylion 2025 DFE;AB S.A.;555.0251024590165;sztuki.xlsx
4Q24;Pocztylion;PPK Pocztylion 2025 DFE;AMICA S.A.;9.951637764932563;sztuki.xlsx
4Q24;Pocztylion;PPK Pocztylion 2025 DFE;Alior Bank S.A.;925.9569667364503;sztuki.xlsx
4Q24;Pocztylion;PPK Pocztylion 2025 DFE;Allegro.eu S.A.;7080.3249630723785;sztuki.xlsx
4Q24;Pocztylion;PPK Pocztylion 2025 DFE;Ambra S.A.;105.61357466063347;sztuki.xlsx
4Q24;Pocztylion;PPK Pocztylion 2025 DFE;Asseco Poland S.A.;653.6750519750519;sztuki.xlsx
4Q24;Pocztylion;PPK Pocztylion 2025 DFE;Auto Partner S.A.;2386.419191919192;sztuki.xlsx
4Q24;Pocztylion;PPK Pocztylion 2025 DFE;Bank Handlowy w Warszawie S.A.;1189.1420518602026;sztuki.xlsx
4Q24;Pocztylion;PPK Pocztylion 2025 DFE;Bank Millennium S.A.;7022.808988764044;sztuki.xlsx
4Q24;Pocztylion;PPK Pocztylion 2025 DFE;Bank Polska Kasa Opieki S.A.;1654.0153009427122;sztuki.xlsx
4Q24;Pocztylion;PPK Pocztylion 2025 DFE;Bank Polska Kasa Opieki S.A. - PEO1027 - 29.10.2027;3679.6555474981874;sztuki.xlsx
4Q24;Pocztylion;PPK Pocztylion 2025 DFE;Benefit Systems S.A.;22.149713298791017;sztuki.xlsx
4Q24;Pocztylion;PPK Pocztylion 2025 DFE;CCC S.A.;508.9113710554951;sztuki.xlsx
4Q24;Pocztylion;PPK Pocztylion 2025 DFE;CD Projekt S.A.;868.7587881953513;sztuki.xlsx
4Q24;Pocztylion;PPK Pocztylion 2025 DFE;Cyfrowy Polsat S.A.;3803.2920792079203;sztuki.xlsx
4Q24;Pocztylion;PPK Pocztylion 2025 DFE;Dino Polska S.A.;5332.216777834787;sztuki.xlsx
4Q24;Pocztylion;PPK Pocztylion 2025 DFE;Ferro S.A.;44.78217270194986;sztuki.xlsx
4Q24;Pocztylion;PPK Pocztylion 2025 DFE;Giełda Papierów Wartościowych w Warszawie S.A.;904.2338689740419;sztuki.xlsx
4Q24;Pocztylion;PPK Pocztylion 2025 DFE;Grupa Kęty S.A.;195.51148717948718;sztuki.xlsx
4Q24;Pocztylion;PPK Pocztylion 2025 DFE;ING Bank Śląski S.A.;322.54919254658387;sztuki.xlsx
4Q24;Pocztylion;PPK Pocztylion 2025 DFE;Inter Cars S.A.;269.26063339731286;sztuki.xlsx
4Q24;Pocztylion;PPK Pocztylion 2025 DFE;KGHM Polska Miedź S.A.;1346.6819130434783;sztuki.xlsx
4Q24;Pocztylion;PPK Pocztylion 2025 DFE;Kruk S.A.;350.65093795093793;sztuki.xlsx
4Q24;Pocztylion;PPK Pocztylion 2025 DFE;LPP S.A.;21.098717684887458;sztuki.xlsx
4Q24;Pocztylion;PPK Pocztylion 2025 DFE;Oponeo.pl S.A.;24.84888888888889;sztuki.xlsx
4Q24;Pocztylion;PPK Pocztylion 2025 DFE;Orange Polska S.A.;9153.141460765679;sztuki.xlsx
4Q24;Pocztylion;PPK Pocztylion 2025 DFE;Orlen S.A.;7266.284745762712;sztuki.xlsx
4Q24;Pocztylion;PPK Pocztylion 2025 DFE;PGE Polska Grupa Energetyczna S.A.;7788.237232289951;sztuki.xlsx
4Q24;Pocztylion;PPK Pocztylion 2025 DFE;Powszechna Kasa Oszczędności Bank Polski S.A.;7760.246820615796;sztuki.xlsx
4Q24;Pocztylion;PPK Pocztylion 2025 DFE;Powszechny Zakład Ubezpieczeń S.A.;5720.563917975568;sztuki.xlsx
4Q24;Pocztylion;PPK Pocztylion 2025 DFE;Poznańska Korporacja Budowlana Pekabex S.A.;57.925423728813556;sztuki.xlsx
4Q24;Pocztylion;PPK Pocztylion 2025 DFE;Santander Bank Polska S.A.;417.8541302447552;sztuki.xlsx
4Q24;Pocztylion;PPK Pocztylion 2025 DFE;Tauron Polska Energia S.A.;12917.37962223996;sztuki.xlsx
4Q24;Pocztylion;PPK Pocztylion 2025 DFE;Text S.A.;1029.747416413374;sztuki.xlsx
4Q24;Pocztylion;PPK Pocztylion 2025 DFE;Wirtualna Polska Holding S.A.;820.364367816092;sztuki.xlsx
4Q24;Pocztylion;PPK Pocztylion 2025 DFE;Zabka Group S.A.;1548.0181818181816;sztuki.xlsx
4Q24;Pocztylion;PPK Pocztylion 2025 DFE;mBank S.A.;70.196875;sztuki.xlsx
4Q24;Pocztylion;PPK Pocztylion 2030 DFE;AB S.A.;3092.7121926229515;sztuki.xlsx
4Q24;Pocztylion;PPK Pocztylion 2030 DFE;AMICA S.A.;2839.2186897880542;sztuki.xlsx
4Q24;Pocztylion;PPK Pocztylion 2030 DFE;Alior Bank S.A.;3605.832286578274;sztuki.xlsx
4Q24;Pocztylion;PPK Pocztylion 2030 DFE;Allegro.eu S.A.;24650.541358936487;sztuki.xlsx
4Q24;Pocztylion;PPK Pocztylion 2030 DFE;AmRest Holdings SE;345.508064516129;sztuki.xlsx
4Q24;Pocztylion;PPK Pocztylion 2030 DFE;Ambra S.A.;7081.009954751131;sztuki.xlsx
4Q24;Pocztylion;PPK Pocztylion 2030 DFE;Asseco Poland S.A.;2797.609251559252;sztuki.xlsx
4Q24;Pocztylion;PPK Pocztylion 2030 DFE;Auto Partner S.A.;7477.246969696969;sztuki.xlsx
4Q24;Pocztylion;PPK Pocztylion 2030 DFE;Bank Handlowy w Warszawie S.A.;3726.4453213077786;sztuki.xlsx
4Q24;Pocztylion;PPK Pocztylion 2030 DFE;Bank Millennium S.A.;27916.66853932584;sztuki.xlsx
4Q24;Pocztylion;PPK Pocztylion 2030 DFE;Bank Polska Kasa Opieki S.A.;5828.577810007252;sztuki.xlsx
4Q24;Pocztylion;PPK Pocztylion 2030 DFE;Bank Polska Kasa Opieki S.A. - PEO1027 - 29.10.2027;4995.41116751269;sztuki.xlsx
4Q24;Pocztylion;PPK Pocztylion 2030 DFE;CCC S.A.;2013.4311751904243;sztuki.xlsx
4Q24;Pocztylion;PPK Pocztylion 2030 DFE;CD Projekt S.A.;3133.9521023765997;sztuki.xlsx
4Q24;Pocztylion;PPK Pocztylion 2030 DFE;Cyfrowy Polsat S.A.;14733.140028288542;sztuki.xlsx
4Q24;Pocztylion;PPK Pocztylion 2030 DFE;Develia S.A.;49276.68239564429;sztuki.xlsx
4Q24;Pocztylion;PPK Pocztylion 2030 DFE;Dino Polska S.A.;18748.437403796815;sztuki.xlsx
4Q24;Pocztylion;PPK Pocztylion 2030 DFE;Fabryki Mebli FORTE S.A.;8142.958455882354;sztuki.xlsx
4Q24;Pocztylion;PPK Pocztylion 2030 DFE;Ferro S.A.;4399.5969359331475;sztuki.xlsx
4Q24;Pocztylion;PPK Pocztylion 2030 DFE;Giełda Papierów Wartościowych w Warszawie S.A.;2834.541409147095;sztuki.xlsx
4Q24;Pocztylion;PPK Pocztylion 2030 DFE;Grenevia S.A.;868.1321184510251;sztuki.xlsx
4Q24;Pocztylion;PPK Pocztylion 2030 DFE;Grupa Kęty S.A.;783.0485714285716;sztuki.xlsx
4Q24;Pocztylion;PPK Pocztylion 2030 DFE;ING Bank Śląski S.A.;1277.1339544513457;sztuki.xlsx
4Q24;Pocztylion;PPK Pocztylion 2030 DFE;Inter Cars S.A.;930.4450863723608;sztuki.xlsx
4Q24;Pocztylion;PPK Pocztylion 2030 DFE;KGHM Polska Miedź S.A.;4035.013217391305;sztuki.xlsx
4Q24;Pocztylion;PPK Pocztylion 2030 DFE;Kruk S.A.;1404.6074314574314;sztuki.xlsx
4Q24;Pocztylion;PPK Pocztylion 2030 DFE;LPP S.A.;78.3666655948553;sztuki.xlsx
4Q24;Pocztylion;PPK Pocztylion 2030 DFE;Mangata Holding S.A.;1391.91;sztuki.xlsx
4Q24;Pocztylion;PPK Pocztylion 2030 DFE;Onde S.A.;1201.657943925234;sztuki.xlsx
4Q24;Pocztylion;PPK Pocztylion 2030 DFE;Oponeo.pl S.A.;3425.162345679013;sztuki.xlsx
4Q24;Pocztylion;PPK Pocztylion 2030 DFE;Orange Polska S.A.;36866.54222101548;sztuki.xlsx
4Q24;Pocztylion;PPK Pocztylion 2030 DFE;Orlen S.A.;27797.450847457625;sztuki.xlsx
4Q24;Pocztylion;PPK Pocztylion 2030 DFE;PGE Polska Grupa Energetyczna S.A.;32597.68863261944;sztuki.xlsx
4Q24;Pocztylion;PPK Pocztylion 2030 DFE;Powszechna Kasa Oszczędności Bank Polski S.A.;27195.360274431056;sztuki.xlsx
4Q24;Pocztylion;PPK Pocztylion 2030 DFE;Powszechny Zakład Ubezpieczeń S.A.;20915.686300174522;sztuki.xlsx
4Q24;Pocztylion;PPK Pocztylion 2030 DFE;Poznańska Korporacja Budowlana Pekabex S.A.;8667.869491525425;sztuki.xlsx
4Q24;Pocztylion;PPK Pocztylion 2030 DFE;Santander Bank Polska S.A.;1528.123645104895;sztuki.xlsx
4Q24;Pocztylion;PPK Pocztylion 2030 DFE;Tauron Polska Energia S.A.;46184.916201117325;sztuki.xlsx
4Q24;Pocztylion;PPK Pocztylion 2030 DFE;Text S.A.;4650.472340425532;sztuki.xlsx
4Q24;Pocztylion;PPK Pocztylion 2030 DFE;VRG S.A.;47397.452830188675;sztuki.xlsx
4Q24;Pocztylion;PPK Pocztylion 2030 DFE;Wirtualna Polska Holding S.A.;3580.7796934865905;sztuki.xlsx
4Q24;Pocztylion;PPK Pocztylion 2030 DFE;Zabka Group S.A.;20201.18909090909;sztuki.xlsx
4Q24;Pocztylion;PPK Pocztylion 2030 DFE;mBank S.A.;308.8662463450292;sztuki.xlsx
4Q24;Pocztylion;PPK Pocztylion 2035 DFE;AB S.A.;4888.028176229509;sztuki.xlsx
4Q24;Pocztylion;PPK Pocztylion 2035 DFE;AMICA S.A.;4645.4514450867055;sztuki.xlsx
4Q24;Pocztylion;PPK Pocztylion 2035 DFE;Alior Bank S.A.;5793.730402419167;sztuki.xlsx
4Q24;Pocztylion;PPK Pocztylion 2035 DFE;Allegro.eu S.A.;46724.31868537667;sztuki.xlsx
4Q24;Pocztylion;PPK Pocztylion 2035 DFE;Ambra S.A.;11378.902262443438;sztuki.xlsx
4Q24;Pocztylion;PPK Pocztylion 2035 DFE;Asseco Poland S.A.;4707.659667359667;sztuki.xlsx
4Q24;Pocztylion;PPK Pocztylion 2035 DFE;Auto Partner S.A.;12363.723737373737;sztuki.xlsx
4Q24;Pocztylion;PPK Pocztylion 2035 DFE;Bank Handlowy w Warszawie S.A.;6416.76674182638;sztuki.xlsx
4Q24;Pocztylion;PPK Pocztylion 2035 DFE;Bank Millennium S.A.;44723.253932584266;sztuki.xlsx
4Q24;Pocztylion;PPK Pocztylion 2035 DFE;Bank Polska Kasa Opieki S.A.;11095.811022480058;sztuki.xlsx
4Q24;Pocztylion;PPK Pocztylion 2035 DFE;Bank Polska Kasa Opieki S.A. - PEO1027 - 29.10.2027;3984.435097897027;sztuki.xlsx
4Q24;Pocztylion;PPK Pocztylion 2035 DFE;Benefit Systems S.A.;166.12283937823835;sztuki.xlsx
4Q24;Pocztylion;PPK Pocztylion 2035 DFE;CCC S.A.;3725.958433079434;sztuki.xlsx
4Q24;Pocztylion;PPK Pocztylion 2035 DFE;CD Projekt S.A.;5921.805118829982;sztuki.xlsx
4Q24;Pocztylion;PPK Pocztylion 2035 DFE;Cyfrowy Polsat S.A.;27853.548090523334;sztuki.xlsx
4Q24;Pocztylion;PPK Pocztylion 2035 DFE;Develia S.A.;91178.7386569873;sztuki.xlsx
4Q24;Pocztylion;PPK Pocztylion 2035 DFE;Dino Polska S.A.;35853.86659825551;sztuki.xlsx
4Q24;Pocztylion;PPK Pocztylion 2035 DFE;Fabryki Mebli FORTE S.A.;14106.604779411768;sztuki.xlsx
4Q24;Pocztylion;PPK Pocztylion 2035 DFE;Ferro S.A.;5726.143454038997;sztuki.xlsx
4Q24;Pocztylion;PPK Pocztylion 2035 DFE;Giełda Papierów Wartościowych w Warszawie S.A.;5324.708776266996;sztuki.xlsx
4Q24;Pocztylion;PPK Pocztylion 2035 DFE;Grenevia S.A.;3077.5535307517084;sztuki.xlsx
4Q24;Pocztylion;PPK Pocztylion 2035 DFE;Grupa Kęty S.A.;1395.6512234432234;sztuki.xlsx
4Q24;Pocztylion;PPK Pocztylion 2035 DFE;ING Bank Śląski S.A.;2363.350973084886;sztuki.xlsx
4Q24;Pocztylion;PPK Pocztylion 2035 DFE;Inter Cars S.A.;1448.023857965451;sztuki.xlsx
4Q24;Pocztylion;PPK Pocztylion 2035 DFE;KGHM Polska Miedź S.A.;8539.050086956522;sztuki.xlsx
4Q24;Pocztylion;PPK Pocztylion 2035 DFE;Kruk S.A.;2403.4616402116403;sztuki.xlsx
4Q24;Pocztylion;PPK Pocztylion 2035 DFE;LPP S.A.;148.69572475884243;sztuki.xlsx
4Q24;Pocztylion;PPK Pocztylion 2035 DFE;Mangata Holding S.A.;3462.4525423728815;sztuki.xlsx
4Q24;Pocztylion;PPK Pocztylion 2035 DFE;Onde S.A.;3394.485981308412;sztuki.xlsx
4Q24;Pocztylion;PPK Pocztylion 2035 DFE;Oponeo.pl S.A.;5503.518271604938;sztuki.xlsx
4Q24;Pocztylion;PPK Pocztylion 2035 DFE;Orange Polska S.A.;68599.18001629108;sztuki.xlsx
4Q24;Pocztylion;PPK Pocztylion 2035 DFE;Orlen S.A.;44664.0813559322;sztuki.xlsx
4Q24;Pocztylion;PPK Pocztylion 2035 DFE;PGE Polska Grupa Energetyczna S.A.;47541.90444810544;sztuki.xlsx
4Q24;Pocztylion;PPK Pocztylion 2035 DFE;Powszechna Kasa Oszczędności Bank Polski S.A.;51645.98694779116;sztuki.xlsx
4Q24;Pocztylion;PPK Pocztylion 2035 DFE;Powszechny Zakład Ubezpieczeń S.A.;39497.510907504366;sztuki.xlsx
4Q24;Pocztylion;PPK Pocztylion 2035 DFE;Poznańska Korporacja Budowlana Pekabex S.A.;13948.088700564975;sztuki.xlsx
4Q24;Pocztylion;PPK Pocztylion 2035 DFE;Santander Bank Polska S.A.;2882.892941433566;sztuki.xlsx
4Q24;Pocztylion;PPK Pocztylion 2035 DFE;Tauron Polska Energia S.A.;73863.71907422187;sztuki.xlsx
4Q24;Pocztylion;PPK Pocztylion 2035 DFE;Text S.A.;7262.58829787234;sztuki.xlsx
4Q24;Pocztylion;PPK Pocztylion 2035 DFE;VRG S.A.;83159.53144654087;sztuki.xlsx
4Q24;Pocztylion;PPK Pocztylion 2035 DFE;Wirtualna Polska Holding S.A.;5857.442017879949;sztuki.xlsx
4Q24;Pocztylion;PPK Pocztylion 2035 DFE;Zabka Group S.A.;36882.61038961039;sztuki.xlsx
4Q24;Pocztylion;PPK Pocztylion 2035 DFE;mBank S.A.;460.29093567251465;sztuki.xlsx
4Q24;Pocztylion;PPK Pocztylion 2040 DFE;AB S.A.;4356.045594262296;sztuki.xlsx
4Q24;Pocztylion;PPK Pocztylion 2040 DFE;AMICA S.A.;4171.750867052023;sztuki.xlsx
4Q24;Pocztylion;PPK Pocztylion 2040 DFE;Alior Bank S.A.;5295.753663642708;sztuki.xlsx
4Q24;Pocztylion;PPK Pocztylion 2040 DFE;Allegro.eu S.A.;48435.12924667652;sztuki.xlsx
4Q24;Pocztylion;PPK Pocztylion 2040 DFE;AmRest Holdings SE;1379.0096774193548;sztuki.xlsx
4Q24;Pocztylion;PPK Pocztylion 2040 DFE;Ambra S.A.;10400.019457013574;sztuki.xlsx
4Q24;Pocztylion;PPK Pocztylion 2040 DFE;Asseco Poland S.A.;3988.017463617464;sztuki.xlsx
4Q24;Pocztylion;PPK Pocztylion 2040 DFE;Auto Partner S.A.;11930.101515151517;sztuki.xlsx
4Q24;Pocztylion;PPK Pocztylion 2040 DFE;Bank Handlowy w Warszawie S.A.;6191.73979706877;sztuki.xlsx
4Q24;Pocztylion;PPK Pocztylion 2040 DFE;Bank Millennium S.A.;38316.44606741572;sztuki.xlsx
4Q24;Pocztylion;PPK Pocztylion 2040 DFE;Bank Polska Kasa Opieki S.A.;12344.577519941988;sztuki.xlsx
4Q24;Pocztylion;PPK Pocztylion 2040 DFE;Bank Polska Kasa Opieki S.A. Seria A - PEO1027 - 29.10.2027;2720.715010877447;sztuki.xlsx
4Q24;Pocztylion;PPK Pocztylion 2040 DFE;Benefit Systems S.A.;156.05478756476683;sztuki.xlsx
4Q24;Pocztylion;PPK Pocztylion 2040 DFE;CCC S.A.;4855.86289445049;sztuki.xlsx
4Q24;Pocztylion;PPK Pocztylion 2040 DFE;CD Projekt S.A.;6224.767197701749;sztuki.xlsx
4Q24;Pocztylion;PPK Pocztylion 2040 DFE;Cyfrowy Polsat S.A.;21637.14710042433;sztuki.xlsx
4Q24;Pocztylion;PPK Pocztylion 2040 DFE;Develia S.A.;108669.31215970963;sztuki.xlsx
4Q24;Pocztylion;PPK Pocztylion 2040 DFE;Dino Polska S.A.;41538.87660338635;sztuki.xlsx
4Q24;Pocztylion;PPK Pocztylion 2040 DFE;Fabryki Mebli FORTE S.A.;11959.252573529411;sztuki.xlsx
4Q24;Pocztylion;PPK Pocztylion 2040 DFE;Ferro S.A.;7340.291086350976;sztuki.xlsx
4Q24;Pocztylion;PPK Pocztylion 2040 DFE;Giełda Papierów Wartościowych w Warszawie S.A.;5149.50086526576;sztuki.xlsx
4Q24;Pocztylion;PPK Pocztylion 2040 DFE;Grenevia S.A.;3281.0523917995447;sztuki.xlsx
4Q24;Pocztylion;PPK Pocztylion 2040 DFE;Grupa Kęty S.A.;1150.0085860805862;sztuki.xlsx
4Q24;Pocztylion;PPK Pocztylion 2040 DFE;ING Bank Śląski S.A.;2646.7119254658387;sztuki.xlsx
4Q24;Pocztylion;PPK Pocztylion 2040 DFE;Inter Cars S.A.;1397.1635124760076;sztuki.xlsx
4Q24;Pocztylion;PPK Pocztylion 2040 DFE;KGHM Polska Miedź S.A.;7805.319826086958;sztuki.xlsx
4Q24;Pocztylion;PPK Pocztylion 2040 DFE;Kruk S.A.;2062.829292929293;sztuki.xlsx
4Q24;Pocztylion;PPK Pocztylion 2040 DFE;LPP S.A.;152.71452797427654;sztuki.xlsx
4Q24;Pocztylion;PPK Pocztylion 2040 DFE;Mangata Holding S.A.;3088.491355932203;sztuki.xlsx
4Q24;Pocztylion;PPK Pocztylion 2040 DFE;Onde S.A.;4055.5962616822435;sztuki.xlsx
4Q24;Pocztylion;PPK Pocztylion 2040 DFE;Oponeo.pl S.A.;5891.160000000001;sztuki.xlsx
4Q24;Pocztylion;PPK Pocztylion 2040 DFE;Orange Polska S.A.;54144.83573174043;sztuki.xlsx
4Q24;Pocztylion;PPK Pocztylion 2040 DFE;Orlen S.A.;40824.14237288135;sztuki.xlsx
4Q24;Pocztylion;PPK Pocztylion 2040 DFE;PGE Polska Grupa Energetyczna S.A.;46498.42833607908;sztuki.xlsx
4Q24;Pocztylion;PPK Pocztylion 2040 DFE;Powszechna Kasa Oszczędności Bank Polski S.A.;56006.56375502008;sztuki.xlsx
4Q24;Pocztylion;PPK Pocztylion 2040 DFE;Powszechny Zakład Ubezpieczeń S.A.;39977.89397905759;sztuki.xlsx
4Q24;Pocztylion;PPK Pocztylion 2040 DFE;Poznańska Korporacja Budowlana Pekabex S.A.;14135.84745762712;sztuki.xlsx
4Q24;Pocztylion;PPK Pocztylion 2040 DFE;Santander Bank Polska S.A.;2902.9339160839163;sztuki.xlsx
4Q24;Pocztylion;PPK Pocztylion 2040 DFE;Tauron Polska Energia S.A.;71809.39345570632;sztuki.xlsx
4Q24;Pocztylion;PPK Pocztylion 2040 DFE;Text S.A.;5649.015349544074;sztuki.xlsx
4Q24;Pocztylion;PPK Pocztylion 2040 DFE;VRG S.A.;71719.41509433961;sztuki.xlsx
4Q24;Pocztylion;PPK Pocztylion 2040 DFE;Wirtualna Polska Holding S.A.;5151.9689655172415;sztuki.xlsx
4Q24;Pocztylion;PPK Pocztylion 2040 DFE;Zabka Group S.A.;33048.04207792208;sztuki.xlsx
4Q24;Pocztylion;PPK Pocztylion 2040 DFE;mBank S.A.;444.2459429824561;sztuki.xlsx
4Q24;Pocztylion;PPK Pocztylion 2045 DFE;AB S.A.;3743.914959016394;sztuki.xlsx
4Q24;Pocztylion;PPK Pocztylion 2045 DFE;AMICA S.A.;3510.958188824663;sztuki.xlsx
4Q24;Pocztylion;PPK Pocztylion 2045 DFE;Alior Bank S.A.;4445.793207722726;sztuki.xlsx
4Q24;Pocztylion;PPK Pocztylion 2045 DFE;Allegro.eu S.A.;41687.32237813885;sztuki.xlsx
4Q24;Pocztylion;PPK Pocztylion 2045 DFE;AmRest Holdings SE;1429.3752688172044;sztuki.xlsx
4Q24;Pocztylion;PPK Pocztylion 2045 DFE;Ambra S.A.;8732.691402714932;sztuki.xlsx
4Q24;Pocztylion;PPK Pocztylion 2045 DFE;Asseco Poland S.A.;3402.308627858628;sztuki.xlsx
4Q24;Pocztylion;PPK Pocztylion 2045 DFE;Auto Partner S.A.;9609.473232323233;sztuki.xlsx
4Q24;Pocztylion;PPK Pocztylion 2045 DFE;Bank Handlowy w Warszawie S.A.;4986.59582863585;sztuki.xlsx
4Q24;Pocztylion;PPK Pocztylion 2045 DFE;Bank Millennium S.A.;33872.011235955055;sztuki.xlsx
4Q24;Pocztylion;PPK Pocztylion 2045 DFE;Bank Polska Kasa Opieki S.A.;10364.362001450327;sztuki.xlsx
4Q24;Pocztylion;PPK Pocztylion 2045 DFE;Bank Polska Kasa Opieki S.A. - PEO1027 - 29.10.2027;1531.331399564902;sztuki.xlsx
4Q24;Pocztylion;PPK Pocztylion 2045 DFE;Benefit Systems S.A.;134.91187910189984;sztuki.xlsx
4Q24;Pocztylion;PPK Pocztylion 2045 DFE;CCC S.A.;3911.7514689880304;sztuki.xlsx
4Q24;Pocztylion;PPK Pocztylion 2045 DFE;CD Projekt S.A.;5225.5942543745105;sztuki.xlsx
4Q24;Pocztylion;PPK Pocztylion 2045 DFE;Cyfrowy Polsat S.A.;18167.180339462513;sztuki.xlsx
4Q24;Pocztylion;PPK Pocztylion 2045 DFE;Develia S.A.;87527.98366606171;sztuki.xlsx
4Q24;Pocztylion;PPK Pocztylion 2045 DFE;Dino Polska S.A.;34876.12544894818;sztuki.xlsx
4Q24;Pocztylion;PPK Pocztylion 2045 DFE;Fabryki Mebli FORTE S.A.;10041.617279411765;sztuki.xlsx
4Q24;Pocztylion;PPK Pocztylion 2045 DFE;Ferro S.A.;5667.429247910863;sztuki.xlsx
4Q24;Pocztylion;PPK Pocztylion 2045 DFE;Giełda Papierów Wartościowych w Warszawie S.A.;4148.600741656365;sztuki.xlsx
4Q24;Pocztylion;PPK Pocztylion 2045 DFE;Grenevia S.A.;2632.46013667426;sztuki.xlsx
4Q24;Pocztylion;PPK Pocztylion 2045 DFE;Grupa Kęty S.A.;965.5259487179487;sztuki.xlsx
4Q24;Pocztylion;PPK Pocztylion 2045 DFE;ING Bank Śląski S.A.;2131.2361490683234;sztuki.xlsx
4Q24;Pocztylion;PPK Pocztylion 2045 DFE;Inter Cars S.A.;1124.9110940499042;sztuki.xlsx
4Q24;Pocztylion;PPK Pocztylion 2045 DFE;KGHM Polska Miedź S.A.;6553.247913043479;sztuki.xlsx
4Q24;Pocztylion;PPK Pocztylion 2045 DFE;Kruk S.A.;1732.2155844155843;sztuki.xlsx
4Q24;Pocztylion;PPK Pocztylion 2045 DFE;LPP S.A.;128.6017080385852;sztuki.xlsx
4Q24;Pocztylion;PPK Pocztylion 2045 DFE;Mangata Holding S.A.;2122.5099999999998;sztuki.xlsx
4Q24;Pocztylion;PPK Pocztylion 2045 DFE;Onde S.A.;3546.6700934579444;sztuki.xlsx
4Q24;Pocztylion;PPK Pocztylion 2045 DFE;Oponeo.pl S.A.;5109.912839506173;sztuki.xlsx
4Q24;Pocztylion;PPK Pocztylion 2045 DFE;Orange Polska S.A.;45462.35134401304;sztuki.xlsx
4Q24;Pocztylion;PPK Pocztylion 2045 DFE;Orlen S.A.;34278.40677966102;sztuki.xlsx
4Q24;Pocztylion;PPK Pocztylion 2045 DFE;PGE Polska Grupa Energetyczna S.A.;37385.93080724876;sztuki.xlsx
4Q24;Pocztylion;PPK Pocztylion 2045 DFE;Powszechna Kasa Oszczędności Bank Polski S.A.;47025.43557563588;sztuki.xlsx
4Q24;Pocztylion;PPK Pocztylion 2045 DFE;Powszechny Zakład Ubezpieczeń S.A.;33566.779232111694;sztuki.xlsx
4Q24;Pocztylion;PPK Pocztylion 2045 DFE;Poznańska Korporacja Budowlana Pekabex S.A.;10705.253107344633;sztuki.xlsx
4Q24;Pocztylion;PPK Pocztylion 2045 DFE;Santander Bank Polska S.A.;2436.9814466783214;sztuki.xlsx
4Q24;Pocztylion;PPK Pocztylion 2045 DFE;Tauron Polska Energia S.A.;57872.93695131685;sztuki.xlsx
4Q24;Pocztylion;PPK Pocztylion 2045 DFE;Text S.A.;5506.0787234042555;sztuki.xlsx
4Q24;Pocztylion;PPK Pocztylion 2045 DFE;VRG S.A.;53813.22641509434;sztuki.xlsx
4Q24;Pocztylion;PPK Pocztylion 2045 DFE;Wirtualna Polska Holding S.A.;4348.737420178801;sztuki.xlsx
4Q24;Pocztylion;PPK Pocztylion 2045 DFE;Zabka Group S.A.;27918.295064935068;sztuki.xlsx
4Q24;Pocztylion;PPK Pocztylion 2045 DFE;mBank S.A.;383.0743786549707;sztuki.xlsx
4Q24;Pocztylion;PPK Pocztylion 2050 DFE;AB S.A.;2510.6370901639348;sztuki.xlsx
4Q24;Pocztylion;PPK Pocztylion 2050 DFE;AMICA S.A.;2148.571098265896;sztuki.xlsx
4Q24;Pocztylion;PPK Pocztylion 2050 DFE;Alior Bank S.A.;2926.863805536171;sztuki.xlsx
4Q24;Pocztylion;PPK Pocztylion 2050 DFE;Allegro.eu S.A.;27344.841949778434;sztuki.xlsx
4Q24;Pocztylion;PPK Pocztylion 2050 DFE;AmRest Holdings SE;879.3833333333333;sztuki.xlsx
4Q24;Pocztylion;PPK Pocztylion 2050 DFE;Ambra S.A.;5373.587782805429;sztuki.xlsx
4Q24;Pocztylion;PPK Pocztylion 2050 DFE;Asseco Poland S.A.;2270.8711018711015;sztuki.xlsx
4Q24;Pocztylion;PPK Pocztylion 2050 DFE;Auto Partner S.A.;6121.553535353535;sztuki.xlsx
4Q24;Pocztylion;PPK Pocztylion 2050 DFE;Bank Millennium S.A.;22666.617977528087;sztuki.xlsx
4Q24;Pocztylion;PPK Pocztylion 2050 DFE;Bank Polska Kasa Opieki S.A.;6824.188905003627;sztuki.xlsx
4Q24;Pocztylion;PPK Pocztylion 2050 DFE;Bank Polska Kasa Opieki S.A. - PEO1027 - 29.10.2027;787.9666424945614;sztuki.xlsx
4Q24;Pocztylion;PPK Pocztylion 2050 DFE;Benefit Systems S.A.;92.62606563039725;sztuki.xlsx
4Q24;Pocztylion;PPK Pocztylion 2050 DFE;Budimex S.A.;227.3198671238748;sztuki.xlsx
4Q24;Pocztylion;PPK Pocztylion 2050 DFE;CCC S.A.;2451.6604461371053;sztuki.xlsx
4Q24;Pocztylion;PPK Pocztylion 2050 DFE;CD Projekt S.A.;3440.9269260903625;sztuki.xlsx
4Q24;Pocztylion;PPK Pocztylion 2050 DFE;Cyfrowy Polsat S.A.;11961.756718528995;sztuki.xlsx
4Q24;Pocztylion;PPK Pocztylion 2050 DFE;Develia S.A.;55144.9328493648;sztuki.xlsx
4Q24;Pocztylion;PPK Pocztylion 2050 DFE;Dino Polska S.A.;22961.79579271421;sztuki.xlsx
4Q24;Pocztylion;PPK Pocztylion 2050 DFE;Fabryki Mebli FORTE S.A.;6053.535294117648;sztuki.xlsx
4Q24;Pocztylion;PPK Pocztylion 2050 DFE;Ferro S.A.;4667.294707520891;sztuki.xlsx
4Q24;Pocztylion;PPK Pocztylion 2050 DFE;Giełda Papierów Wartościowych w Warszawie S.A.;2638.187886279357;sztuki.xlsx
4Q24;Pocztylion;PPK Pocztylion 2050 DFE;Grenevia S.A.;1664.082004555809;sztuki.xlsx
4Q24;Pocztylion;PPK Pocztylion 2050 DFE;Grupa Kęty S.A.;635.6629890109891;sztuki.xlsx
4Q24;Pocztylion;PPK Pocztylion 2050 DFE;ING Bank Śląski S.A.;1361.5393374741202;sztuki.xlsx
4Q24;Pocztylion;PPK Pocztylion 2050 DFE;Inter Cars S.A.;715.0365834932821;sztuki.xlsx
4Q24;Pocztylion;PPK Pocztylion 2050 DFE;KGHM Polska Miedź S.A.;4314.8170434782605;sztuki.xlsx
4Q24;Pocztylion;PPK Pocztylion 2050 DFE;Kruk S.A.;1140.1164502164502;sztuki.xlsx
4Q24;Pocztylion;PPK Pocztylion 2050 DFE;LPP S.A.;84.39487073954983;sztuki.xlsx
4Q24;Pocztylion;PPK Pocztylion 2050 DFE;Mangata Holding S.A.;2044.0493220338983;sztuki.xlsx
4Q24;Pocztylion;PPK Pocztylion 2050 DFE;Onde S.A.;2461.6205607476636;sztuki.xlsx
4Q24;Pocztylion;PPK Pocztylion 2050 DFE;Oponeo.pl S.A.;3496.7269135802467;sztuki.xlsx
4Q24;Pocztylion;PPK Pocztylion 2050 DFE;Orange Polska S.A.;29933.655986967147;sztuki.xlsx
4Q24;Pocztylion;PPK Pocztylion 2050 DFE;Orlen S.A.;22570.23050847457;sztuki.xlsx
4Q24;Pocztylion;PPK Pocztylion 2050 DFE;PGE Polska Grupa Energetyczna S.A.;25309.283360790778;sztuki.xlsx
4Q24;Pocztylion;PPK Pocztylion 2050 DFE;Powszechna Kasa Oszczędności Bank Polski S.A.;30962.994645247658;sztuki.xlsx
4Q24;Pocztylion;PPK Pocztylion 2050 DFE;Powszechny Zakład Ubezpieczeń S.A.;22101.632417102966;sztuki.xlsx
4Q24;Pocztylion;PPK Pocztylion 2050 DFE;Poznańska Korporacja Budowlana Pekabex S.A.;8604.950282485876;sztuki.xlsx
4Q24;Pocztylion;PPK Pocztylion 2050 DFE;Santander Bank Polska S.A.;1604.279326923077;sztuki.xlsx
4Q24;Pocztylion;PPK Pocztylion 2050 DFE;Tauron Polska Energia S.A.;39297.063048683165;sztuki.xlsx
4Q24;Pocztylion;PPK Pocztylion 2050 DFE;Text S.A.;3773.727507598784;sztuki.xlsx
4Q24;Pocztylion;PPK Pocztylion 2050 DFE;VRG S.A.;43692.553459119496;sztuki.xlsx
4Q24;Pocztylion;PPK Pocztylion 2050 DFE;Wirtualna Polska Holding S.A.;2907.556832694764;sztuki.xlsx
4Q24;Pocztylion;PPK Pocztylion 2050 DFE;Zabka Group S.A.;20845.780259740262;sztuki.xlsx
4Q24;Pocztylion;PPK Pocztylion 2050 DFE;mBank S.A.;254.71438230994147;sztuki.xlsx
4Q24;Pocztylion;PPK Pocztylion 2055 DFE;AB S.A.;1793.312192622951;sztuki.xlsx
4Q24;Pocztylion;PPK Pocztylion 2055 DFE;AMICA S.A.;1568.3872832369943;sztuki.xlsx
4Q24;Pocztylion;PPK Pocztylion 2055 DFE;Alior Bank S.A.;2090.902768085601;sztuki.xlsx
4Q24;Pocztylion;PPK Pocztylion 2055 DFE;Allegro.eu S.A.;19619.57274741507;sztuki.xlsx
4Q24;Pocztylion;PPK Pocztylion 2055 DFE;AmRest Holdings SE;635.6139784946237;sztuki.xlsx
4Q24;Pocztylion;PPK Pocztylion 2055 DFE;Ambra S.A.;3900.8628959276016;sztuki.xlsx
4Q24;Pocztylion;PPK Pocztylion 2055 DFE;Asseco Poland S.A.;1622.193555093555;sztuki.xlsx
4Q24;Pocztylion;PPK Pocztylion 2055 DFE;Auto Partner S.A.;4387.063636363636;sztuki.xlsx
4Q24;Pocztylion;PPK Pocztylion 2055 DFE;Bank Handlowy w Warszawie S.A.;2279.27237880496;sztuki.xlsx
4Q24;Pocztylion;PPK Pocztylion 2055 DFE;Bank Millennium S.A.;16194.597752808988;sztuki.xlsx
4Q24;Pocztylion;PPK Pocztylion 2055 DFE;Bank Polska Kasa Opieki S.A.;4875.993038433648;sztuki.xlsx
4Q24;Pocztylion;PPK Pocztylion 2055 DFE;Bank Polska Kasa Opieki S.A. - PEO1027 - 29.10.2027;564.9572153734591;sztuki.xlsx
4Q24;Pocztylion;PPK Pocztylion 2055 DFE;Benefit Systems S.A.;65.44233160621762;sztuki.xlsx
4Q24;Pocztylion;PPK Pocztylion 2055 DFE;CCC S.A.;1768.063220892274;sztuki.xlsx
4Q24;Pocztylion;PPK Pocztylion 2055 DFE;CD Projekt S.A.;2457.8049621311047;sztuki.xlsx
4Q24;Pocztylion;PPK Pocztylion 2055 DFE;Cyfrowy Polsat S.A.;8546.678217821782;sztuki.xlsx
4Q24;Pocztylion;PPK Pocztylion 2055 DFE;Develia S.A.;39832.79491833031;sztuki.xlsx
4Q24;Pocztylion;PPK Pocztylion 2055 DFE;Dino Polska S.A.;16409.92252437147;sztuki.xlsx
4Q24;Pocztylion;PPK Pocztylion 2055 DFE;Fabryki Mebli FORTE S.A.;4227.786397058824;sztuki.xlsx
4Q24;Pocztylion;PPK Pocztylion 2055 DFE;Ferro S.A.;3321.8401114206126;sztuki.xlsx
4Q24;Pocztylion;PPK Pocztylion 2055 DFE;Giełda Papierów Wartościowych w Warszawie S.A.;1895.0647713226203;sztuki.xlsx
4Q24;Pocztylion;PPK Pocztylion 2055 DFE;Grenevia S.A.;1125.7630979498863;sztuki.xlsx
4Q24;Pocztylion;PPK Pocztylion 2055 DFE;Grupa Kęty S.A.;454.1882197802198;sztuki.xlsx
4Q24;Pocztylion;PPK Pocztylion 2055 DFE;ING Bank Śląski S.A.;968.6523395445134;sztuki.xlsx
4Q24;Pocztylion;PPK Pocztylion 2055 DFE;Inter Cars S.A.;510.5979462571977;sztuki.xlsx
4Q24;Pocztylion;PPK Pocztylion 2055 DFE;KGHM Polska Miedź S.A.;3082.874869565217;sztuki.xlsx
4Q24;Pocztylion;PPK Pocztylion 2055 DFE;Kruk S.A.;814.512000962001;sztuki.xlsx
4Q24;Pocztylion;PPK Pocztylion 2055 DFE;LPP S.A.;60.28205080385852;sztuki.xlsx
4Q24;Pocztylion;PPK Pocztylion 2055 DFE;Mangata Holding S.A.;1453.0481355932202;sztuki.xlsx
4Q24;Pocztylion;PPK Pocztylion 2055 DFE;Onde S.A.;1809.4046728971966;sztuki.xlsx
4Q24;Pocztylion;PPK Pocztylion 2055 DFE;Oponeo.pl S.A.;2502.7738271604935;sztuki.xlsx
4Q24;Pocztylion;PPK Pocztylion 2055 DFE;Orange Polska S.A.;21387.23051859897;sztuki.xlsx
4Q24;Pocztylion;PPK Pocztylion 2055 DFE;Orlen S.A.;16125.15254237288;sztuki.xlsx
4Q24;Pocztylion;PPK Pocztylion 2055 DFE;PGE Polska Grupa Energetyczna S.A.;18190.1449752883;sztuki.xlsx
4Q24;Pocztylion;PPK Pocztylion 2055 DFE;Powszechna Kasa Oszczędności Bank Polski S.A.;22121.852744310574;sztuki.xlsx
4Q24;Pocztylion;PPK Pocztylion 2055 DFE;Powszechny Zakład Ubezpieczeń S.A.;15790.597513089006;sztuki.xlsx
4Q24;Pocztylion;PPK Pocztylion 2055 DFE;Poznańska Korporacja Budowlana Pekabex S.A.;6118.143502824859;sztuki.xlsx
4Q24;Pocztylion;PPK Pocztylion 2055 DFE;Santander Bank Polska S.A.;1146.3432473776224;sztuki.xlsx
4Q24;Pocztylion;PPK Pocztylion 2055 DFE;Tauron Polska Energia S.A.;27929.5264698058;sztuki.xlsx
4Q24;Pocztylion;PPK Pocztylion 2055 DFE;Text S.A.;2695.663373860182;sztuki.xlsx
4Q24;Pocztylion;PPK Pocztylion 2055 DFE;VRG S.A.;31065.132075471694;sztuki.xlsx
4Q24;Pocztylion;PPK Pocztylion 2055 DFE;Wirtualna Polska Holding S.A.;2077.114176245211;sztuki.xlsx
4Q24;Pocztylion;PPK Pocztylion 2055 DFE;Zabka Group S.A.;14893.554805194804;sztuki.xlsx
4Q24;Pocztylion;PPK Pocztylion 2055 DFE;mBank S.A.;183.51469298245613;sztuki.xlsx
4Q24;Pocztylion;PPK Pocztylion 2060 DFE;AB S.A.;1020.8855532786885;sztuki.xlsx
4Q24;Pocztylion;PPK Pocztylion 2060 DFE;AMICA S.A.;891.6718689788053;sztuki.xlsx
4Q24;Pocztylion;PPK Pocztylion 2060 DFE;Alior Bank S.A.;1165.945801349151;sztuki.xlsx
4Q24;Pocztylion;PPK Pocztylion 2060 DFE;Allegro.eu S.A.;10887.70753323486;sztuki.xlsx
4Q24;Pocztylion;PPK Pocztylion 2060 DFE;AmRest Holdings SE;233.69623655913978;sztuki.xlsx
4Q24;Pocztylion;PPK Pocztylion 2060 DFE;Ambra S.A.;2192.4628959276015;sztuki.xlsx
4Q24;Pocztylion;PPK Pocztylion 2060 DFE;Asseco Poland S.A.;1054.4757796257795;sztuki.xlsx
4Q24;Pocztylion;PPK Pocztylion 2060 DFE;Auto Partner S.A.;2326.6090909090913;sztuki.xlsx
4Q24;Pocztylion;PPK Pocztylion 2060 DFE;Bank Handlowy w Warszawie S.A.;1343.1605411499436;sztuki.xlsx
4Q24;Pocztylion;PPK Pocztylion 2060 DFE;Bank Millennium S.A.;9033.339325842695;sztuki.xlsx
4Q24;Pocztylion;PPK Pocztylion 2060 DFE;Bank Polska Kasa Opieki S.A.;2719.669398114576;sztuki.xlsx
4Q24;Pocztylion;PPK Pocztylion 2060 DFE;Bank Polska Kasa Opieki S.A. - PEO1027 - 29.10.2027;297.34590282813633;sztuki.xlsx
4Q24;Pocztylion;PPK Pocztylion 2060 DFE;Benefit Systems S.A.;36.24498445595855;sztuki.xlsx
4Q24;Pocztylion;PPK Pocztylion 2060 DFE;CCC S.A.;947.1406420021763;sztuki.xlsx
4Q24;Pocztylion;PPK Pocztylion 2060 DFE;CD Projekt S.A.;1371.3548184904676;sztuki.xlsx
4Q24;Pocztylion;PPK Pocztylion 2060 DFE;Cyfrowy Polsat S.A.;4767.338048090523;sztuki.xlsx
4Q24;Pocztylion;PPK Pocztylion 2060 DFE;Develia S.A.;21197.41742286752;sztuki.xlsx
4Q24;Pocztylion;PPK Pocztylion 2060 DFE;Dino Polska S.A.;9152.46305797845;sztuki.xlsx
4Q24;Pocztylion;PPK Pocztylion 2060 DFE;Fabryki Mebli FORTE S.A.;2845.4911764705885;sztuki.xlsx
4Q24;Pocztylion;PPK Pocztylion 2060 DFE;Ferro S.A.;1811.1888579387187;sztuki.xlsx
4Q24;Pocztylion;PPK Pocztylion 2060 DFE;Giełda Papierów Wartościowych w Warszawie S.A.;1016.0044499381952;sztuki.xlsx
4Q24;Pocztylion;PPK Pocztylion 2060 DFE;Grenevia S.A.;312.76537585421414;sztuki.xlsx
4Q24;Pocztylion;PPK Pocztylion 2060 DFE;Grupa Kęty S.A.;252.66099633699633;sztuki.xlsx
4Q24;Pocztylion;PPK Pocztylion 2060 DFE;ING Bank Śląski S.A.;515.4757763975155;sztuki.xlsx
4Q24;Pocztylion;PPK Pocztylion 2060 DFE;Inter Cars S.A.;299.1784836852207;sztuki.xlsx
4Q24;Pocztylion;PPK Pocztylion 2060 DFE;KGHM Polska Miedź S.A.;1719.082695652174;sztuki.xlsx
4Q24;Pocztylion;PPK Pocztylion 2060 DFE;Kruk S.A.;453.8424723424723;sztuki.xlsx
4Q24;Pocztylion;PPK Pocztylion 2060 DFE;LPP S.A.;33.155127974276525;sztuki.xlsx
4Q24;Pocztylion;PPK Pocztylion 2060 DFE;Mangata Holding S.A.;773.3966101694915;sztuki.xlsx
4Q24;Pocztylion;PPK Pocztylion 2060 DFE;Onde S.A.;763.8831775700936;sztuki.xlsx
4Q24;Pocztylion;PPK Pocztylion 2060 DFE;Oponeo.pl S.A.;1325.9334567901235;sztuki.xlsx
4Q24;Pocztylion;PPK Pocztylion 2060 DFE;Orange Polska S.A.;11929.723051859897;sztuki.xlsx
4Q24;Pocztylion;PPK Pocztylion 2060 DFE;Orlen S.A.;8994.406779661016;sztuki.xlsx
4Q24;Pocztylion;PPK Pocztylion 2060 DFE;PGE Polska Grupa Energetyczna S.A.;9892.116968698518;sztuki.xlsx
4Q24;Pocztylion;PPK Pocztylion 2060 DFE;Powszechna Kasa Oszczędności Bank Polski S.A.;12339.802208835341;sztuki.xlsx
4Q24;Pocztylion;PPK Pocztylion 2060 DFE;Powszechny Zakład Ubezpieczeń S.A.;8808.02705061082;sztuki.xlsx
4Q24;Pocztylion;PPK Pocztylion 2060 DFE;Poznańska Korporacja Budowlana Pekabex S.A.;3161.939548022599;sztuki.xlsx
4Q24;Pocztylion;PPK Pocztylion 2060 DFE;Santander Bank Polska S.A.;639.3068181818181;sztuki.xlsx
4Q24;Pocztylion;PPK Pocztylion 2060 DFE;Tauron Polska Energia S.A.;14785.685022612399;sztuki.xlsx
4Q24;Pocztylion;PPK Pocztylion 2060 DFE;Text S.A.;1505.8671732522796;sztuki.xlsx
4Q24;Pocztylion;PPK Pocztylion 2060 DFE;VRG S.A.;16779.037735849055;sztuki.xlsx
4Q24;Pocztylion;PPK Pocztylion 2060 DFE;Wirtualna Polska Holding S.A.;1359.5473818646235;sztuki.xlsx
4Q24;Pocztylion;PPK Pocztylion 2060 DFE;Zabka Group S.A.;8307.73142857143;sztuki.xlsx
4Q24;Pocztylion;PPK Pocztylion 2060 DFE;mBank S.A.;96.26999269005847;sztuki.xlsx
4Q24;Pocztylion;PPK Pocztylion 2065 DFE;AB S.A.;122.22571721311476;sztuki.xlsx
4Q24;Pocztylion;PPK Pocztylion 2065 DFE;AMICA S.A.;106.48323699421965;sztuki.xlsx
4Q24;Pocztylion;PPK Pocztylion 2065 DFE;Alior Bank S.A.;133.9937194696441;sztuki.xlsx
4Q24;Pocztylion;PPK Pocztylion 2065 DFE;Allegro.eu S.A.;1190.4350073855244;sztuki.xlsx
4Q24;Pocztylion;PPK Pocztylion 2065 DFE;Ambra S.A.;264.03438914027146;sztuki.xlsx
4Q24;Pocztylion;PPK Pocztylion 2065 DFE;Asseco Poland S.A.;130.93492723492724;sztuki.xlsx
4Q24;Pocztylion;PPK Pocztylion 2065 DFE;Auto Partner S.A.;367.83131313131315;sztuki.xlsx
4Q24;Pocztylion;PPK Pocztylion 2065 DFE;Bank Handlowy w Warszawie S.A.;157.01871476888388;sztuki.xlsx
4Q24;Pocztylion;PPK Pocztylion 2065 DFE;Bank Millennium S.A.;1052.4179775280898;sztuki.xlsx
4Q24;Pocztylion;PPK Pocztylion 2065 DFE;Bank Polska Kasa Opieki S.A.;313.1922407541697;sztuki.xlsx
4Q24;Pocztylion;PPK Pocztylion 2065 DFE;Bank Polska Kasa Opieki S.A. - PEO1027 - 29.10.2027;22.300942712110228;sztuki.xlsx
4Q24;Pocztylion;PPK Pocztylion 2065 DFE;Benefit Systems S.A.;4.027219343696027;sztuki.xlsx
4Q24;Pocztylion;PPK Pocztylion 2065 DFE;Budimex S.A.;10.058401200171453;sztuki.xlsx
4Q24;Pocztylion;PPK Pocztylion 2065 DFE;CD Projekt S.A.;158.5033167928963;sztuki.xlsx
4Q24;Pocztylion;PPK Pocztylion 2065 DFE;Cyfrowy Polsat S.A.;701.577793493635;sztuki.xlsx
4Q24;Pocztylion;PPK Pocztylion 2065 DFE;Develia S.A.;2246.540834845735;sztuki.xlsx
4Q24;Pocztylion;PPK Pocztylion 2065 DFE;Dino Polska S.A.;1058.3794253463311;sztuki.xlsx
4Q24;Pocztylion;PPK Pocztylion 2065 DFE;Fabryki Mebli FORTE S.A.;294.6367647058824;sztuki.xlsx
4Q24;Pocztylion;PPK Pocztylion 2065 DFE;Ferro S.A.;205.00278551532034;sztuki.xlsx
4Q24;Pocztylion;PPK Pocztylion 2065 DFE;Giełda Papierów Wartościowych w Warszawie S.A.;112.77750309023486;sztuki.xlsx
4Q24;Pocztylion;PPK Pocztylion 2065 DFE;Grupa Kęty S.A.;36.09443223443224;sztuki.xlsx
4Q24;Pocztylion;PPK Pocztylion 2065 DFE;ING Bank Śląski S.A.;60.2895652173913;sztuki.xlsx
4Q24;Pocztylion;PPK Pocztylion 2065 DFE;Inter Cars S.A.;34.9041650671785;sztuki.xlsx
4Q24;Pocztylion;PPK Pocztylion 2065 DFE;KGHM Polska Miedź S.A.;198.2782608695652;sztuki.xlsx
4Q24;Pocztylion;PPK Pocztylion 2065 DFE;Kruk S.A.;63.11717171717171;sztuki.xlsx
4Q24;Pocztylion;PPK Pocztylion 2065 DFE;LPP S.A.;4.018803215434083;sztuki.xlsx
4Q24;Pocztylion;PPK Pocztylion 2065 DFE;Mangata Holding S.A.;96.80186440677967;sztuki.xlsx
4Q24;Pocztylion;PPK Pocztylion 2065 DFE;Onde S.A.;39.528037383177576;sztuki.xlsx
4Q24;Pocztylion;PPK Pocztylion 2065 DFE;Oponeo.pl S.A.;127.22604938271604;sztuki.xlsx
4Q24;Pocztylion;PPK Pocztylion 2065 DFE;Orange Polska S.A.;1775.802335052946;sztuki.xlsx
4Q24;Pocztylion;PPK Pocztylion 2065 DFE;Orlen S.A.;1161.050847457627;sztuki.xlsx
4Q24;Pocztylion;PPK Pocztylion 2065 DFE;PGE Polska Grupa Energetyczna S.A.;1100.2306425041186;sztuki.xlsx
4Q24;Pocztylion;PPK Pocztylion 2065 DFE;Powszechna Kasa Oszczędności Bank Polski S.A.;1423.8617804551538;sztuki.xlsx
4Q24;Pocztylion;PPK Pocztylion 2065 DFE;Powszechny Zakład Ubezpieczeń S.A.;1015.810427574171;sztuki.xlsx
4Q24;Pocztylion;PPK Pocztylion 2065 DFE;Poznańska Korporacja Budowlana Pekabex S.A.;406.4779661016949;sztuki.xlsx
4Q24;Pocztylion;PPK Pocztylion 2065 DFE;Santander Bank Polska S.A.;74.15157342657342;sztuki.xlsx
4Q24;Pocztylion;PPK Pocztylion 2065 DFE;Tauron Polska Energia S.A.;2005.7994147379623;sztuki.xlsx
4Q24;Pocztylion;PPK Pocztylion 2065 DFE;Text S.A.;169.10805471124618;sztuki.xlsx
4Q24;Pocztylion;PPK Pocztylion 2065 DFE;VRG S.A.;2064.959119496855;sztuki.xlsx
4Q24;Pocztylion;PPK Pocztylion 2065 DFE;Wirtualna Polska Holding S.A.;166.29003831417626;sztuki.xlsx
4Q24;Pocztylion;PPK Pocztylion 2065 DFE;Zabka Group S.A.;955.3942857142857;sztuki.xlsx
4Q24;Pocztylion;PPK Pocztylion 2065 DFE;mBank S.A.;10.028125;sztuki.xlsx
4Q25;Pocztylion;PPK Pocztylion 2025 DFE;AB S.A.;554.04573283859;sztuki.xlsx
4Q25;Pocztylion;PPK Pocztylion 2025 DFE;AMICA S.A.;572.20064;sztuki.xlsx
4Q25;Pocztylion;PPK Pocztylion 2025 DFE;Alior Bank S.A.;827.9046627433228;sztuki.xlsx
4Q25;Pocztylion;PPK Pocztylion 2025 DFE;Allegro.eu S.A.;4870.009348807221;sztuki.xlsx
4Q25;Pocztylion;PPK Pocztylion 2025 DFE;Ambra S.A.;1323.0276470588235;sztuki.xlsx
4Q25;Pocztylion;PPK Pocztylion 2025 DFE;Asseco Poland S.A.;652.3068739054291;sztuki.xlsx
4Q25;Pocztylion;PPK Pocztylion 2025 DFE;Auto Partner S.A.;2370.593373493976;sztuki.xlsx
4Q25;Pocztylion;PPK Pocztylion 2025 DFE;Bank Handlowy w Warszawie S.A.;711.7390151515152;sztuki.xlsx
4Q25;Pocztylion;PPK Pocztylion 2025 DFE;Bank Millennium S.A.;5347.154539987973;sztuki.xlsx
4Q25;Pocztylion;PPK Pocztylion 2025 DFE;Bank Polska Kasa Opieki S.A.;1648.5124817162357;sztuki.xlsx
4Q25;Pocztylion;PPK Pocztylion 2025 DFE;Bank Polska Kasa Opieki S.A. - PEO1027 - 29.10.2027;2478.0409556313994;sztuki.xlsx
4Q25;Pocztylion;PPK Pocztylion 2025 DFE;Benefit Systems S.A.;47.95405982905983;sztuki.xlsx
4Q25;Pocztylion;PPK Pocztylion 2025 DFE;CCC S.A.;379.91546822742475;sztuki.xlsx
4Q25;Pocztylion;PPK Pocztylion 2025 DFE;CD Projekt S.A.;868.1887136929462;sztuki.xlsx
4Q25;Pocztylion;PPK Pocztylion 2025 DFE;Cyfrowy Polsat S.A.;3827.805737704918;sztuki.xlsx
4Q25;Pocztylion;PPK Pocztylion 2025 DFE;Diagnostyka S.A.;310.82052631578944;sztuki.xlsx
4Q25;Pocztylion;PPK Pocztylion 2025 DFE;Dino Polska S.A.;3782.493349455864;sztuki.xlsx
4Q25;Pocztylion;PPK Pocztylion 2025 DFE;Fabryki Mebli FORTE S.A.;1651.39406779661;sztuki.xlsx
4Q25;Pocztylion;PPK Pocztylion 2025 DFE;Ferro S.A.;1542.938628158845;sztuki.xlsx
4Q25;Pocztylion;PPK Pocztylion 2025 DFE;Giełda Papierów Wartościowych w Warszawie S.A.;422.2824615384615;sztuki.xlsx
4Q25;Pocztylion;PPK Pocztylion 2025 DFE;Grupa Kęty S.A.;195.96879036672138;sztuki.xlsx
4Q25;Pocztylion;PPK Pocztylion 2025 DFE;ING Bank Śląski S.A.;287.35707174231334;sztuki.xlsx
4Q25;Pocztylion;PPK Pocztylion 2025 DFE;Inter Cars S.A.;270.07445632798573;sztuki.xlsx
4Q25;Pocztylion;PPK Pocztylion 2025 DFE;KGHM Polska Miedź S.A.;907.2784544159545;sztuki.xlsx
4Q25;Pocztylion;PPK Pocztylion 2025 DFE;Kruk S.A.;350.7903546099291;sztuki.xlsx
4Q25;Pocztylion;PPK Pocztylion 2025 DFE;LPP S.A.;20.93150648726574;sztuki.xlsx
4Q25;Pocztylion;PPK Pocztylion 2025 DFE;MCI Capital ASI S.A.;1058.9768115942027;sztuki.xlsx
4Q25;Pocztylion;PPK Pocztylion 2025 DFE;Mangata Holding S.A.;563.2451666666667;sztuki.xlsx
4Q25;Pocztylion;PPK Pocztylion 2025 DFE;Oponeo.pl S.A.;555.8939130434783;sztuki.xlsx
4Q25;Pocztylion;PPK Pocztylion 2025 DFE;Orange Polska S.A.;5978.890088321884;sztuki.xlsx
4Q25;Pocztylion;PPK Pocztylion 2025 DFE;Orlen S.A.;4530.833107897201;sztuki.xlsx
4Q25;Pocztylion;PPK Pocztylion 2025 DFE;PGE Polska Grupa Energetyczna S.A.;3566.293730122671;sztuki.xlsx
4Q25;Pocztylion;PPK Pocztylion 2025 DFE;Powszechna Kasa Oszczędności Bank Polski S.A.;6198.558713010803;sztuki.xlsx
4Q25;Pocztylion;PPK Pocztylion 2025 DFE;Powszechny Zakład Ubezpieczeń S.A.;4852.904405154331;sztuki.xlsx
4Q25;Pocztylion;PPK Pocztylion 2025 DFE;Poznańska Korporacja Budowlana Pekabex S.A.;1694.2157894736843;sztuki.xlsx
4Q25;Pocztylion;PPK Pocztylion 2025 DFE;Santander Bank Polska S.A.;328.1842134213421;sztuki.xlsx
4Q25;Pocztylion;PPK Pocztylion 2025 DFE;Tauron Polska Energia S.A.;8574.772043508447;sztuki.xlsx
4Q25;Pocztylion;PPK Pocztylion 2025 DFE;Text S.A.;1027.4611528822054;sztuki.xlsx
4Q25;Pocztylion;PPK Pocztylion 2025 DFE;VRG S.A.;10733.206896551725;sztuki.xlsx
4Q25;Pocztylion;PPK Pocztylion 2025 DFE;Wirtualna Polska Holding S.A.;819.0436573311365;sztuki.xlsx
4Q25;Pocztylion;PPK Pocztylion 2025 DFE;Zabka Group S.A.;1548.9799126637554;sztuki.xlsx
4Q25;Pocztylion;PPK Pocztylion 2025 DFE;mBank S.A.;60.08490814884597;sztuki.xlsx
4Q25;Pocztylion;PPK Pocztylion 2030 DFE;AB S.A.;3087.254823747681;sztuki.xlsx
4Q25;Pocztylion;PPK Pocztylion 2030 DFE;AMICA S.A.;2884.2552;sztuki.xlsx
4Q25;Pocztylion;PPK Pocztylion 2030 DFE;Alior Bank S.A.;3309.6044363965593;sztuki.xlsx
4Q25;Pocztylion;PPK Pocztylion 2030 DFE;Allegro.eu S.A.;19159.509993552547;sztuki.xlsx
4Q25;Pocztylion;PPK Pocztylion 2030 DFE;AmRest Holdings SE;343.5679104477612;sztuki.xlsx
4Q25;Pocztylion;PPK Pocztylion 2030 DFE;Ambra S.A.;7101.589411764707;sztuki.xlsx
4Q25;Pocztylion;PPK Pocztylion 2030 DFE;Asseco Poland S.A.;2791.7537215411558;sztuki.xlsx
4Q25;Pocztylion;PPK Pocztylion 2030 DFE;Auto Partner S.A.;7427.662048192771;sztuki.xlsx
4Q25;Pocztylion;PPK Pocztylion 2030 DFE;Bank Handlowy w Warszawie S.A.;2969.5664772727273;sztuki.xlsx
4Q25;Pocztylion;PPK Pocztylion 2030 DFE;Bank Polska Kasa Opieki S.A.;5809.186445636274;sztuki.xlsx
4Q25;Pocztylion;PPK Pocztylion 2030 DFE;Bank Polska Kasa Opieki S.A. - PEO1027 - 29.10.2027;3364.128327645051;sztuki.xlsx
4Q25;Pocztylion;PPK Pocztylion 2030 DFE;Benefit Systems S.A.;200.80762393162394;sztuki.xlsx
4Q25;Pocztylion;PPK Pocztylion 2030 DFE;CCC S.A.;1496.4839464882944;sztuki.xlsx
4Q25;Pocztylion;PPK Pocztylion 2030 DFE;CD Projekt S.A.;3131.895560165975;sztuki.xlsx
4Q25;Pocztylion;PPK Pocztylion 2030 DFE;Cyfrowy Polsat S.A.;14828.102459016394;sztuki.xlsx
4Q25;Pocztylion;PPK Pocztylion 2030 DFE;Develia S.A.;49212.97396449705;sztuki.xlsx
4Q25;Pocztylion;PPK Pocztylion 2030 DFE;Diagnostyka S.A.;1176.9605263157894;sztuki.xlsx
4Q25;Pocztylion;PPK Pocztylion 2030 DFE;Dino Polska S.A.;14880.468440145101;sztuki.xlsx
4Q25;Pocztylion;PPK Pocztylion 2030 DFE;Fabryki Mebli FORTE S.A.;8042.899999999999;sztuki.xlsx
4Q25;Pocztylion;PPK Pocztylion 2030 DFE;Ferro S.A.;4864.062093862815;sztuki.xlsx
4Q25;Pocztylion;PPK Pocztylion 2030 DFE;Giełda Papierów Wartościowych w Warszawie S.A.;1763.3550769230767;sztuki.xlsx
4Q25;Pocztylion;PPK Pocztylion 2030 DFE;Grenevia S.A.;847.8796296296296;sztuki.xlsx
4Q25;Pocztylion;PPK Pocztylion 2030 DFE;Grupa Kęty S.A.;690.4131143951834;sztuki.xlsx
4Q25;Pocztylion;PPK Pocztylion 2030 DFE;ING Bank Śląski S.A.;1199.1439824304537;sztuki.xlsx
4Q25;Pocztylion;PPK Pocztylion 2030 DFE;Inter Cars S.A.;933.2572905525848;sztuki.xlsx
4Q25;Pocztylion;PPK Pocztylion 2030 DFE;KGHM Polska Miedź S.A.;3568.4961538461534;sztuki.xlsx
4Q25;Pocztylion;PPK Pocztylion 2030 DFE;Kruk S.A.;1345.030435663627;sztuki.xlsx
4Q25;Pocztylion;PPK Pocztylion 2030 DFE;LPP S.A.;77.74559538683326;sztuki.xlsx
4Q25;Pocztylion;PPK Pocztylion 2030 DFE;MCI Capital ASI S.A.;2560.196376811594;sztuki.xlsx
4Q25;Pocztylion;PPK Pocztylion 2030 DFE;Mangata Holding S.A.;1675.6545;sztuki.xlsx
4Q25;Pocztylion;PPK Pocztylion 2030 DFE;Onde S.A.;1213.4344355758267;sztuki.xlsx
4Q25;Pocztylion;PPK Pocztylion 2030 DFE;Oponeo.pl S.A.;3439.1567391304343;sztuki.xlsx
4Q25;Pocztylion;PPK Pocztylion 2030 DFE;Orange Polska S.A.;24092.231599607454;sztuki.xlsx
4Q25;Pocztylion;PPK Pocztylion 2030 DFE;Orlen S.A.;17825.211736551868;sztuki.xlsx
4Q25;Pocztylion;PPK Pocztylion 2030 DFE;PGE Polska Grupa Energetyczna S.A.;12637.278509768286;sztuki.xlsx
4Q25;Pocztylion;PPK Pocztylion 2030 DFE;Powszechna Kasa Oszczędności Bank Polski S.A.;24385.68201033349;sztuki.xlsx
4Q25;Pocztylion;PPK Pocztylion 2030 DFE;Powszechny Zakład Ubezpieczeń S.A.;19089.22550194786;sztuki.xlsx
4Q25;Pocztylion;PPK Pocztylion 2030 DFE;Poznańska Korporacja Budowlana Pekabex S.A.;8634.234210526316;sztuki.xlsx
4Q25;Pocztylion;PPK Pocztylion 2030 DFE;Santander Bank Polska S.A.;1275.7160432709939;sztuki.xlsx
4Q25;Pocztylion;PPK Pocztylion 2030 DFE;Tauron Polska Energia S.A.;35747.6486924323;sztuki.xlsx
4Q25;Pocztylion;PPK Pocztylion 2030 DFE;Text S.A.;4640.147368421052;sztuki.xlsx
4Q25;Pocztylion;PPK Pocztylion 2030 DFE;VRG S.A.;48213.16379310344;sztuki.xlsx
4Q25;Pocztylion;PPK Pocztylion 2030 DFE;Wirtualna Polska Holding S.A.;3575.01449752883;sztuki.xlsx
4Q25;Pocztylion;PPK Pocztylion 2030 DFE;Zabka Group S.A.;20213.73537117904;sztuki.xlsx
4Q25;Pocztylion;PPK Pocztylion 2030 DFE;mBank S.A.;209.29577013659915;sztuki.xlsx
4Q25;Pocztylion;PPK Pocztylion 2035 DFE;AB S.A.;4879.4027829313545;sztuki.xlsx
4Q25;Pocztylion;PPK Pocztylion 2035 DFE;Alior Bank S.A.;5835.620280669987;sztuki.xlsx
4Q25;Pocztylion;PPK Pocztylion 2035 DFE;Allegro.eu S.A.;38631.53384912959;sztuki.xlsx
4Q25;Pocztylion;PPK Pocztylion 2035 DFE;AmRest Holdings SE;1112.8402985074624;sztuki.xlsx
4Q25;Pocztylion;PPK Pocztylion 2035 DFE;Ambra S.A.;11411.972941176471;sztuki.xlsx
4Q25;Pocztylion;PPK Pocztylion 2035 DFE;Asseco Poland S.A.;4697.80639229422;sztuki.xlsx
4Q25;Pocztylion;PPK Pocztylion 2035 DFE;Auto Partner S.A.;12281.734337349399;sztuki.xlsx
4Q25;Pocztylion;PPK Pocztylion 2035 DFE;Bank Handlowy w Warszawie S.A.;5698.896212121212;sztuki.xlsx
4Q25;Pocztylion;PPK Pocztylion 2035 DFE;Bank Millennium S.A.;42781.242934455804;sztuki.xlsx
4Q25;Pocztylion;PPK Pocztylion 2035 DFE;Bank Polska Kasa Opieki S.A.;11058.895855680155;sztuki.xlsx
4Q25;Pocztylion;PPK Pocztylion 2035 DFE;Bank Polska Kasa Opieki S.A. - PEO1027 - 29.10.2027;2683.292832764505;sztuki.xlsx
4Q25;Pocztylion;PPK Pocztylion 2035 DFE;Benefit Systems S.A.;339.6745868945869;sztuki.xlsx
4Q25;Pocztylion;PPK Pocztylion 2035 DFE;CCC S.A.;2924.441973244147;sztuki.xlsx
4Q25;Pocztylion;PPK Pocztylion 2035 DFE;CD Projekt S.A.;5917.919170124481;sztuki.xlsx
4Q25;Pocztylion;PPK Pocztylion 2035 DFE;Cyfrowy Polsat S.A.;28033.078688524587;sztuki.xlsx
4Q25;Pocztylion;PPK Pocztylion 2035 DFE;Develia S.A.;91060.85562130179;sztuki.xlsx
4Q25;Pocztylion;PPK Pocztylion 2035 DFE;Diagnostyka S.A.;2258.8930994152042;sztuki.xlsx
4Q25;Pocztylion;PPK Pocztylion 2035 DFE;Dino Polska S.A.;29900.65973397823;sztuki.xlsx
4Q25;Pocztylion;PPK Pocztylion 2035 DFE;Fabryki Mebli FORTE S.A.;13933.266101694913;sztuki.xlsx
4Q25;Pocztylion;PPK Pocztylion 2035 DFE;Ferro S.A.;11618.00144404332;sztuki.xlsx
4Q25;Pocztylion;PPK Pocztylion 2035 DFE;Giełda Papierów Wartościowych w Warszawie S.A.;3383.2746153846156;sztuki.xlsx
4Q25;Pocztylion;PPK Pocztylion 2035 DFE;Grenevia S.A.;3005.756172839506;sztuki.xlsx
4Q25;Pocztylion;PPK Pocztylion 2035 DFE;Grupa Kęty S.A.;1398.915654077723;sztuki.xlsx
4Q25;Pocztylion;PPK Pocztylion 2035 DFE;ING Bank Śląski S.A.;2300.845095168375;sztuki.xlsx
4Q25;Pocztylion;PPK Pocztylion 2035 DFE;Inter Cars S.A.;1452.4003921568628;sztuki.xlsx
4Q25;Pocztylion;PPK Pocztylion 2035 DFE;KGHM Polska Miedź S.A.;7735.21972934473;sztuki.xlsx
4Q25;Pocztylion;PPK Pocztylion 2035 DFE;Kruk S.A.;2404.4173252279634;sztuki.xlsx
4Q25;Pocztylion;PPK Pocztylion 2035 DFE;LPP S.A.;147.51728303700145;sztuki.xlsx
4Q25;Pocztylion;PPK Pocztylion 2035 DFE;MCI Capital ASI S.A.;8321.390579710143;sztuki.xlsx
4Q25;Pocztylion;PPK Pocztylion 2035 DFE;Mangata Holding S.A.;4423.486333333333;sztuki.xlsx
4Q25;Pocztylion;PPK Pocztylion 2035 DFE;Onde S.A.;3427.75370581528;sztuki.xlsx
4Q25;Pocztylion;PPK Pocztylion 2035 DFE;Oponeo.pl S.A.;5526.004239130434;sztuki.xlsx
4Q25;Pocztylion;PPK Pocztylion 2035 DFE;Orange Polska S.A.;45117.16290480864;sztuki.xlsx
4Q25;Pocztylion;PPK Pocztylion 2035 DFE;Orlen S.A.;35773.473311830196;sztuki.xlsx
4Q25;Pocztylion;PPK Pocztylion 2035 DFE;PGE Polska Grupa Energetyczna S.A.;26913.366651522032;sztuki.xlsx
4Q25;Pocztylion;PPK Pocztylion 2035 DFE;Powszechna Kasa Oszczędności Bank Polski S.A.;49145.786989196815;sztuki.xlsx
4Q25;Pocztylion;PPK Pocztylion 2035 DFE;Powszechny Zakład Ubezpieczeń S.A.;38312.614174408154;sztuki.xlsx
4Q25;Pocztylion;PPK Pocztylion 2035 DFE;Poznańska Korporacja Budowlana Pekabex S.A.;13893.964912280704;sztuki.xlsx
4Q25;Pocztylion;PPK Pocztylion 2035 DFE;Santander Bank Polska S.A.;2481.3927759442613;sztuki.xlsx
4Q25;Pocztylion;PPK Pocztylion 2035 DFE;Tauron Polska Energia S.A.;68602.12682249479;sztuki.xlsx
4Q25;Pocztylion;PPK Pocztylion 2035 DFE;Text S.A.;7246.463909774436;sztuki.xlsx
4Q25;Pocztylion;PPK Pocztylion 2035 DFE;VRG S.A.;84590.71120689657;sztuki.xlsx
4Q25;Pocztylion;PPK Pocztylion 2035 DFE;Wirtualna Polska Holding S.A.;5848.011367380559;sztuki.xlsx
4Q25;Pocztylion;PPK Pocztylion 2035 DFE;Zabka Group S.A.;36905.51659388646;sztuki.xlsx
4Q25;Pocztylion;PPK Pocztylion 2035 DFE;mBank S.A.;408.57739048516254;sztuki.xlsx
4Q25;Pocztylion;PPK Pocztylion 2040 DFE;AB S.A.;4977.410946196661;sztuki.xlsx
4Q25;Pocztylion;PPK Pocztylion 2040 DFE;AMICA S.A.;4642.30624;sztuki.xlsx
4Q25;Pocztylion;PPK Pocztylion 2040 DFE;Alior Bank S.A.;5334.043005885016;sztuki.xlsx
4Q25;Pocztylion;PPK Pocztylion 2040 DFE;Allegro.eu S.A.;46891.11798839458;sztuki.xlsx
4Q25;Pocztylion;PPK Pocztylion 2040 DFE;AmRest Holdings SE;1371.2679104477613;sztuki.xlsx
4Q25;Pocztylion;PPK Pocztylion 2040 DFE;Ambra S.A.;10430.244705882353;sztuki.xlsx
4Q25;Pocztylion;PPK Pocztylion 2040 DFE;Asseco Poland S.A.;4839.438747810858;sztuki.xlsx
4Q25;Pocztylion;PPK Pocztylion 2040 DFE;Auto Partner S.A.;11850.98734939759;sztuki.xlsx
4Q25;Pocztylion;PPK Pocztylion 2040 DFE;Bank Handlowy w Warszawie S.A.;6171.395170454545;sztuki.xlsx
4Q25;Pocztylion;PPK Pocztylion 2040 DFE;Bank Millennium S.A.;38250.33313289237;sztuki.xlsx
4Q25;Pocztylion;PPK Pocztylion 2040 DFE;Bank Polska Kasa Opieki S.A.;12303.50784982935;sztuki.xlsx
4Q25;Pocztylion;PPK Pocztylion 2040 DFE;Bank Polska Kasa Opieki S.A. Seria A - PEO1027 - 29.10.2027;1832.2484641638223;sztuki.xlsx
4Q25;Pocztylion;PPK Pocztylion 2040 DFE;Benefit Systems S.A.;432.5855783475783;sztuki.xlsx
4Q25;Pocztylion;PPK Pocztylion 2040 DFE;CD Projekt S.A.;6220.682448132779;sztuki.xlsx
4Q25;Pocztylion;PPK Pocztylion 2040 DFE;Cyfrowy Polsat S.A.;39849.96065573771;sztuki.xlsx
4Q25;Pocztylion;PPK Pocztylion 2040 DFE;Develia S.A.;108528.81656804735;sztuki.xlsx
4Q25;Pocztylion;PPK Pocztylion 2040 DFE;Diagnostyka S.A.;2535.0680116959065;sztuki.xlsx
4Q25;Pocztylion;PPK Pocztylion 2040 DFE;Dino Polska S.A.;38633.32889963724;sztuki.xlsx
4Q25;Pocztylion;PPK Pocztylion 2040 DFE;Fabryki Mebli FORTE S.A.;13193.394491525423;sztuki.xlsx
4Q25;Pocztylion;PPK Pocztylion 2040 DFE;Ferro S.A.;11244.375090252706;sztuki.xlsx
4Q25;Pocztylion;PPK Pocztylion 2040 DFE;Giełda Papierów Wartościowych w Warszawie S.A.;5129.5779999999995;sztuki.xlsx
4Q25;Pocztylion;PPK Pocztylion 2040 DFE;Grenevia S.A.;3204.509259259259;sztuki.xlsx
4Q25;Pocztylion;PPK Pocztylion 2040 DFE;Grupa Kęty S.A.;1152.6984564860427;sztuki.xlsx
4Q25;Pocztylion;PPK Pocztylion 2040 DFE;ING Bank Śląski S.A.;2619.025915080527;sztuki.xlsx
4Q25;Pocztylion;PPK Pocztylion 2040 DFE;Inter Cars S.A.;1471.405632798574;sztuki.xlsx
4Q25;Pocztylion;PPK Pocztylion 2040 DFE;KGHM Polska Miedź S.A.;7706.40146011396;sztuki.xlsx
4Q25;Pocztylion;PPK Pocztylion 2040 DFE;Kruk S.A.;2063.6495440729486;sztuki.xlsx
4Q25;Pocztylion;PPK Pocztylion 2040 DFE;LPP S.A.;151.50423690533395;sztuki.xlsx
4Q25;Pocztylion;PPK Pocztylion 2040 DFE;MCI Capital ASI S.A.;6400.992753623187;sztuki.xlsx
4Q25;Pocztylion;PPK Pocztylion 2040 DFE;Mangata Holding S.A.;4054.3596666666663;sztuki.xlsx
4Q25;Pocztylion;PPK Pocztylion 2040 DFE;Onde S.A.;4095.3432155074124;sztuki.xlsx
4Q25;Pocztylion;PPK Pocztylion 2040 DFE;Oponeo.pl S.A.;5915.229782608696;sztuki.xlsx
4Q25;Pocztylion;PPK Pocztylion 2040 DFE;Orange Polska S.A.;53624.355250245346;sztuki.xlsx
4Q25;Pocztylion;PPK Pocztylion 2040 DFE;Orlen S.A.;39979.17479970867;sztuki.xlsx
4Q25;Pocztylion;PPK Pocztylion 2040 DFE;PGE Polska Grupa Energetyczna S.A.;46327.100181735565;sztuki.xlsx
4Q25;Pocztylion;PPK Pocztylion 2040 DFE;Powszechna Kasa Oszczędności Bank Polski S.A.;55121.49870831376;sztuki.xlsx
4Q25;Pocztylion;PPK Pocztylion 2040 DFE;Powszechny Zakład Ubezpieczeń S.A.;39994.660623314354;sztuki.xlsx
4Q25;Pocztylion;PPK Pocztylion 2040 DFE;Poznańska Korporacja Budowlana Pekabex S.A.;14080.994736842105;sztuki.xlsx
4Q25;Pocztylion;PPK Pocztylion 2040 DFE;Santander Bank Polska S.A.;2898.6269710304364;sztuki.xlsx
4Q25;Pocztylion;PPK Pocztylion 2040 DFE;Tauron Polska Energia S.A.;70184.08238833603;sztuki.xlsx
4Q25;Pocztylion;PPK Pocztylion 2040 DFE;Text S.A.;7385.065664160401;sztuki.xlsx
4Q25;Pocztylion;PPK Pocztylion 2040 DFE;VRG S.A.;82984.74137931035;sztuki.xlsx
4Q25;Pocztylion;PPK Pocztylion 2040 DFE;Wirtualna Polska Holding S.A.;6556.373476112026;sztuki.xlsx
4Q25;Pocztylion;PPK Pocztylion 2040 DFE;Zabka Group S.A.;33068.56681222707;sztuki.xlsx
4Q25;Pocztylion;PPK Pocztylion 2040 DFE;mBank S.A.;443.6269147432877;sztuki.xlsx
4Q25;Pocztylion;PPK Pocztylion 2045 DFE;AB S.A.;3737.30853432282;sztuki.xlsx
4Q25;Pocztylion;PPK Pocztylion 2045 DFE;AMICA S.A.;3566.64992;sztuki.xlsx
4Q25;Pocztylion;PPK Pocztylion 2045 DFE;Alior Bank S.A.;4477.937166138524;sztuki.xlsx
4Q25;Pocztylion;PPK Pocztylion 2045 DFE;Allegro.eu S.A.;38121.695357833654;sztuki.xlsx
4Q25;Pocztylion;PPK Pocztylion 2045 DFE;AmRest Holdings SE;1421.3507462686564;sztuki.xlsx
4Q25;Pocztylion;PPK Pocztylion 2045 DFE;Ambra S.A.;8758.071176470588;sztuki.xlsx
4Q25;Pocztylion;PPK Pocztylion 2045 DFE;Asseco Poland S.A.;3395.1874343257446;sztuki.xlsx
4Q25;Pocztylion;PPK Pocztylion 2045 DFE;Auto Partner S.A.;9545.748795180722;sztuki.xlsx
4Q25;Pocztylion;PPK Pocztylion 2045 DFE;Bank Handlowy w Warszawie S.A.;4791.7778409090915;sztuki.xlsx
4Q25;Pocztylion;PPK Pocztylion 2045 DFE;Bank Millennium S.A.;33813.566446181605;sztuki.xlsx
4Q25;Pocztylion;PPK Pocztylion 2045 DFE;Bank Polska Kasa Opieki S.A.;10329.880399804973;sztuki.xlsx
4Q25;Pocztylion;PPK Pocztylion 2045 DFE;Bank Polska Kasa Opieki S.A. - PEO1027 - 29.10.2027;1031.2655290102389;sztuki.xlsx
4Q25;Pocztylion;PPK Pocztylion 2045 DFE;Benefit Systems S.A.;324.68894586894584;sztuki.xlsx
4Q25;Pocztylion;PPK Pocztylion 2045 DFE;CD Projekt S.A.;5222.165145228216;sztuki.xlsx
4Q25;Pocztylion;PPK Pocztylion 2045 DFE;Cyfrowy Polsat S.A.;18284.277049180328;sztuki.xlsx
4Q25;Pocztylion;PPK Pocztylion 2045 DFE;Develia S.A.;87414.82130177516;sztuki.xlsx
4Q25;Pocztylion;PPK Pocztylion 2045 DFE;Diagnostyka S.A.;1898.5788304093567;sztuki.xlsx
4Q25;Pocztylion;PPK Pocztylion 2045 DFE;Dino Polska S.A.;27146.126239419587;sztuki.xlsx
4Q25;Pocztylion;PPK Pocztylion 2045 DFE;Fabryki Mebli FORTE S.A.;10411.47627118644;sztuki.xlsx
4Q25;Pocztylion;PPK Pocztylion 2045 DFE;Ferro S.A.;7605.965703971118;sztuki.xlsx
4Q25;Pocztylion;PPK Pocztylion 2045 DFE;Giełda Papierów Wartościowych w Warszawie S.A.;2844.638923076923;sztuki.xlsx
4Q25;Pocztylion;PPK Pocztylion 2045 DFE;Grenevia S.A.;2571.0493827160494;sztuki.xlsx
4Q25;Pocztylion;PPK Pocztylion 2045 DFE;Grupa Kęty S.A.;967.7843240284619;sztuki.xlsx
4Q25;Pocztylion;PPK Pocztylion 2045 DFE;ING Bank Śląski S.A.;1934.937159590044;sztuki.xlsx
4Q25;Pocztylion;PPK Pocztylion 2045 DFE;Inter Cars S.A.;1128.3110516934046;sztuki.xlsx
4Q25;Pocztylion;PPK Pocztylion 2045 DFE;KGHM Polska Miedź S.A.;6259.525819088319;sztuki.xlsx
4Q25;Pocztylion;PPK Pocztylion 2045 DFE;Kruk S.A.;1732.9043566362716;sztuki.xlsx
4Q25;Pocztylion;PPK Pocztylion 2045 DFE;LPP S.A.;127.5825151369534;sztuki.xlsx
4Q25;Pocztylion;PPK Pocztylion 2045 DFE;MCI Capital ASI S.A.;4480.594565217391;sztuki.xlsx
4Q25;Pocztylion;PPK Pocztylion 2045 DFE;Mangata Holding S.A.;2799.1275;sztuki.xlsx
4Q25;Pocztylion;PPK Pocztylion 2045 DFE;Onde S.A.;3581.428734321551;sztuki.xlsx
4Q25;Pocztylion;PPK Pocztylion 2045 DFE;Oponeo.pl S.A.;5130.790652173913;sztuki.xlsx
4Q25;Pocztylion;PPK Pocztylion 2045 DFE;Orange Polska S.A.;45025.33366045142;sztuki.xlsx
4Q25;Pocztylion;PPK Pocztylion 2045 DFE;Orlen S.A.;30682.41348454895;sztuki.xlsx
4Q25;Pocztylion;PPK Pocztylion 2045 DFE;PGE Polska Grupa Energetyczna S.A.;22592.14902317128;sztuki.xlsx
4Q25;Pocztylion;PPK Pocztylion 2045 DFE;Powszechna Kasa Oszczędności Bank Polski S.A.;42128.11507750117;sztuki.xlsx
4Q25;Pocztylion;PPK Pocztylion 2045 DFE;Powszechny Zakład Ubezpieczeń S.A.;32825.93856757567;sztuki.xlsx
4Q25;Pocztylion;PPK Pocztylion 2045 DFE;Poznańska Korporacja Budowlana Pekabex S.A.;10663.712280701755;sztuki.xlsx
4Q25;Pocztylion;PPK Pocztylion 2045 DFE;Santander Bank Polska S.A.;2133.197341400807;sztuki.xlsx
4Q25;Pocztylion;PPK Pocztylion 2045 DFE;Tauron Polska Energia S.A.;56563.05947697292;sztuki.xlsx
4Q25;Pocztylion;PPK Pocztylion 2045 DFE;Text S.A.;5493.854135338346;sztuki.xlsx
4Q25;Pocztylion;PPK Pocztylion 2045 DFE;VRG S.A.;62764.183189655174;sztuki.xlsx
4Q25;Pocztylion;PPK Pocztylion 2045 DFE;Wirtualna Polska Holding S.A.;4341.735914332784;sztuki.xlsx
4Q25;Pocztylion;PPK Pocztylion 2045 DFE;Zabka Group S.A.;27935.634061135373;sztuki.xlsx
4Q25;Pocztylion;PPK Pocztylion 2045 DFE;mBank S.A.;369.5221950070655;sztuki.xlsx
4Q25;Pocztylion;PPK Pocztylion 2050 DFE;AB S.A.;2844.2347866419295;sztuki.xlsx
4Q25;Pocztylion;PPK Pocztylion 2050 DFE;AMICA S.A.;2182.6523199999997;sztuki.xlsx
4Q25;Pocztylion;PPK Pocztylion 2050 DFE;Alior Bank S.A.;2948.0256224535983;sztuki.xlsx
4Q25;Pocztylion;PPK Pocztylion 2050 DFE;Allegro.eu S.A.;26263.19277885235;sztuki.xlsx
4Q25;Pocztylion;PPK Pocztylion 2050 DFE;AmRest Holdings SE;874.4462686567163;sztuki.xlsx
4Q25;Pocztylion;PPK Pocztylion 2050 DFE;Ambra S.A.;5389.205294117648;sztuki.xlsx
4Q25;Pocztylion;PPK Pocztylion 2050 DFE;Asseco Poland S.A.;2896.481873905429;sztuki.xlsx
4Q25;Pocztylion;PPK Pocztylion 2050 DFE;Bank Handlowy w Warszawie S.A.;3173.917329545455;sztuki.xlsx
4Q25;Pocztylion;PPK Pocztylion 2050 DFE;Bank Millennium S.A.;28192.995189416717;sztuki.xlsx
4Q25;Pocztylion;PPK Pocztylion 2050 DFE;Bank Polska Kasa Opieki S.A.;6801.485226718674;sztuki.xlsx
4Q25;Pocztylion;PPK Pocztylion 2050 DFE;Bank Polska Kasa Opieki S.A. - PEO1027 - 29.10.2027;530.6511945392491;sztuki.xlsx
4Q25;Pocztylion;PPK Pocztylion 2050 DFE;Benefit Systems S.A.;246.76359829059828;sztuki.xlsx
4Q25;Pocztylion;PPK Pocztylion 2050 DFE;CCC S.A.;2346.003093645485;sztuki.xlsx
4Q25;Pocztylion;PPK Pocztylion 2050 DFE;CD Projekt S.A.;3438.6689211618254;sztuki.xlsx
4Q25;Pocztylion;PPK Pocztylion 2050 DFE;Cyfrowy Polsat S.A.;22758.92213114754;sztuki.xlsx
4Q25;Pocztylion;PPK Pocztylion 2050 DFE;Develia S.A.;55073.63786982249;sztuki.xlsx
4Q25;Pocztylion;PPK Pocztylion 2050 DFE;Diagnostyka S.A.;1588.7481871345028;sztuki.xlsx
4Q25;Pocztylion;PPK Pocztylion 2050 DFE;Dino Polska S.A.;21736.861426844014;sztuki.xlsx
4Q25;Pocztylion;PPK Pocztylion 2050 DFE;Fabryki Mebli FORTE S.A.;6817.672033898304;sztuki.xlsx
4Q25;Pocztylion;PPK Pocztylion 2050 DFE;Ferro S.A.;7400.372563176896;sztuki.xlsx
4Q25;Pocztylion;PPK Pocztylion 2050 DFE;Giełda Papierów Wartościowych w Warszawie S.A.;2627.9809230769233;sztuki.xlsx
4Q25;Pocztylion;PPK Pocztylion 2050 DFE;Grenevia S.A.;1625.2623456790125;sztuki.xlsx
4Q25;Pocztylion;PPK Pocztylion 2050 DFE;Grupa Kęty S.A.;719.5571866447729;sztuki.xlsx
4Q25;Pocztylion;PPK Pocztylion 2050 DFE;ING Bank Śląski S.A.;1347.296925329429;sztuki.xlsx
4Q25;Pocztylion;PPK Pocztylion 2050 DFE;Inter Cars S.A.;840.2316399286988;sztuki.xlsx
4Q25;Pocztylion;PPK Pocztylion 2050 DFE;KGHM Polska Miedź S.A.;4260.134508547008;sztuki.xlsx
4Q25;Pocztylion;PPK Pocztylion 2050 DFE;Kruk S.A.;1306.944640324215;sztuki.xlsx
4Q25;Pocztylion;PPK Pocztylion 2050 DFE;LPP S.A.;83.72602546852475;sztuki.xlsx
4Q25;Pocztylion;PPK Pocztylion 2050 DFE;MCI Capital ASI S.A.;6016.913043478259;sztuki.xlsx
4Q25;Pocztylion;PPK Pocztylion 2050 DFE;Mangata Holding S.A.;2017.6248333333333;sztuki.xlsx
4Q25;Pocztylion;PPK Pocztylion 2050 DFE;Onde S.A.;2485.7457240592935;sztuki.xlsx
4Q25;Pocztylion;PPK Pocztylion 2050 DFE;Oponeo.pl S.A.;3511.013695652174;sztuki.xlsx
4Q25;Pocztylion;PPK Pocztylion 2050 DFE;Orange Polska S.A.;29645.9116781158;sztuki.xlsx
4Q25;Pocztylion;PPK Pocztylion 2050 DFE;Orlen S.A.;22356.044844449072;sztuki.xlsx
4Q25;Pocztylion;PPK Pocztylion 2050 DFE;PGE Polska Grupa Energetyczna S.A.;25216.029077691957;sztuki.xlsx
4Q25;Pocztylion;PPK Pocztylion 2050 DFE;Powszechna Kasa Oszczędności Bank Polski S.A.;30682.61449037107;sztuki.xlsx
4Q25;Pocztylion;PPK Pocztylion 2050 DFE;Powszechny Zakład Ubezpieczeń S.A.;22110.90185795625;sztuki.xlsx
4Q25;Pocztylion;PPK Pocztylion 2050 DFE;Poznańska Korporacja Budowlana Pekabex S.A.;8571.559649122806;sztuki.xlsx
4Q25;Pocztylion;PPK Pocztylion 2050 DFE;Santander Bank Polska S.A.;1601.8991382471581;sztuki.xlsx
4Q25;Pocztylion;PPK Pocztylion 2050 DFE;Tauron Polska Energia S.A.;38407.62554964129;sztuki.xlsx
4Q25;Pocztylion;PPK Pocztylion 2050 DFE;Text S.A.;3765.3491228070175;sztuki.xlsx
4Q25;Pocztylion;PPK Pocztylion 2050 DFE;VRG S.A.;44444.504310344826;sztuki.xlsx
4Q25;Pocztylion;PPK Pocztylion 2050 DFE;Wirtualna Polska Holding S.A.;3746.0678747940688;sztuki.xlsx
4Q25;Pocztylion;PPK Pocztylion 2050 DFE;Zabka Group S.A.;20858.726637554584;sztuki.xlsx
4Q25;Pocztylion;PPK Pocztylion 2050 DFE;mBank S.A.;254.35945360339142;sztuki.xlsx
4Q25;Pocztylion;PPK Pocztylion 2055 DFE;AB S.A.;1992.1644712430425;sztuki.xlsx
4Q25;Pocztylion;PPK Pocztylion 2055 DFE;AMICA S.A.;1593.26544;sztuki.xlsx
4Q25;Pocztylion;PPK Pocztylion 2055 DFE;Alior Bank S.A.;2106.0203712086914;sztuki.xlsx
4Q25;Pocztylion;PPK Pocztylion 2055 DFE;Allegro.eu S.A.;18059.701160541586;sztuki.xlsx
4Q25;Pocztylion;PPK Pocztylion 2055 DFE;AmRest Holdings SE;632.0455223880597;sztuki.xlsx
4Q25;Pocztylion;PPK Pocztylion 2055 DFE;Ambra S.A.;3912.1999999999994;sztuki.xlsx
4Q25;Pocztylion;PPK Pocztylion 2055 DFE;Asseco Poland S.A.;1936.9724168126095;sztuki.xlsx
4Q25;Pocztylion;PPK Pocztylion 2055 DFE;Auto Partner S.A.;6237.413855421687;sztuki.xlsx
4Q25;Pocztylion;PPK Pocztylion 2055 DFE;Bank Handlowy w Warszawie S.A.;2271.783143939394;sztuki.xlsx
4Q25;Pocztylion;PPK Pocztylion 2055 DFE;Bank Millennium S.A.;18970.931449188218;sztuki.xlsx
4Q25;Pocztylion;PPK Pocztylion 2055 DFE;Bank Polska Kasa Opieki S.A.;4859.770892247684;sztuki.xlsx
4Q25;Pocztylion;PPK Pocztylion 2055 DFE;Bank Polska Kasa Opieki S.A. - PEO1027 - 29.10.2027;380.4668941979522;sztuki.xlsx
4Q25;Pocztylion;PPK Pocztylion 2055 DFE;CCC S.A.;1562.994314381271;sztuki.xlsx
4Q25;Pocztylion;PPK Pocztylion 2055 DFE;CD Projekt S.A.;2456.1921161825726;sztuki.xlsx
4Q25;Pocztylion;PPK Pocztylion 2055 DFE;Cyfrowy Polsat S.A.;15632.63442622951;sztuki.xlsx
4Q25;Pocztylion;PPK Pocztylion 2055 DFE;Develia S.A.;39781.295857988174;sztuki.xlsx
4Q25;Pocztylion;PPK Pocztylion 2055 DFE;Diagnostyka S.A.;1014.6211111111111;sztuki.xlsx
4Q25;Pocztylion;PPK Pocztylion 2055 DFE;Dino Polska S.A.;14750.72599758162;sztuki.xlsx
4Q25;Pocztylion;PPK Pocztylion 2055 DFE;Fabryki Mebli FORTE S.A.;5014.358050847457;sztuki.xlsx
4Q25;Pocztylion;PPK Pocztylion 2055 DFE;Ferro S.A.;4090.1216606498197;sztuki.xlsx
4Q25;Pocztylion;PPK Pocztylion 2055 DFE;Giełda Papierów Wartościowych w Warszawie S.A.;1887.7329230769228;sztuki.xlsx
4Q25;Pocztylion;PPK Pocztylion 2055 DFE;Grenevia S.A.;1099.5;sztuki.xlsx
4Q25;Pocztylion;PPK Pocztylion 2055 DFE;Grupa Kęty S.A.;455.2505747126437;sztuki.xlsx
4Q25;Pocztylion;PPK Pocztylion 2055 DFE;ING Bank Śląski S.A.;958.5197364568081;sztuki.xlsx
4Q25;Pocztylion;PPK Pocztylion 2055 DFE;Inter Cars S.A.;588.1621390374332;sztuki.xlsx
4Q25;Pocztylion;PPK Pocztylion 2055 DFE;KGHM Polska Miedź S.A.;3043.804985754986;sztuki.xlsx
4Q25;Pocztylion;PPK Pocztylion 2055 DFE;Kruk S.A.;814.8358865248226;sztuki.xlsx
4Q25;Pocztylion;PPK Pocztylion 2055 DFE;LPP S.A.;59.80430418068237;sztuki.xlsx
4Q25;Pocztylion;PPK Pocztylion 2055 DFE;MCI Capital ASI S.A.;4011.27536231884;sztuki.xlsx
4Q25;Pocztylion;PPK Pocztylion 2055 DFE;Mangata Holding S.A.;1434.2636666666667;sztuki.xlsx
4Q25;Pocztylion;PPK Pocztylion 2055 DFE;Onde S.A.;1827.1379703534778;sztuki.xlsx
4Q25;Pocztylion;PPK Pocztylion 2055 DFE;Oponeo.pl S.A.;2512.999565217391;sztuki.xlsx
4Q25;Pocztylion;PPK Pocztylion 2055 DFE;Orange Polska S.A.;21181.639842983317;sztuki.xlsx
4Q25;Pocztylion;PPK Pocztylion 2055 DFE;Orlen S.A.;15686.346373946519;sztuki.xlsx
4Q25;Pocztylion;PPK Pocztylion 2055 DFE;PGE Polska Grupa Energetyczna S.A.;18123.122444343477;sztuki.xlsx
4Q25;Pocztylion;PPK Pocztylion 2055 DFE;Powszechna Kasa Oszczędności Bank Polski S.A.;21505.73626115547;sztuki.xlsx
4Q25;Pocztylion;PPK Pocztylion 2055 DFE;Powszechny Zakład Ubezpieczeń S.A.;15797.22010788133;sztuki.xlsx
4Q25;Pocztylion;PPK Pocztylion 2055 DFE;Poznańska Korporacja Budowlana Pekabex S.A.;6094.402631578948;sztuki.xlsx
4Q25;Pocztylion;PPK Pocztylion 2055 DFE;Santander Bank Polska S.A.;1144.6424825815914;sztuki.xlsx
4Q25;Pocztylion;PPK Pocztylion 2055 DFE;Tauron Polska Energia S.A.;27297.377921777366;sztuki.xlsx
4Q25;Pocztylion;PPK Pocztylion 2055 DFE;Text S.A.;2953.8253132832083;sztuki.xlsx
4Q25;Pocztylion;PPK Pocztylion 2055 DFE;VRG S.A.;31599.7650862069;sztuki.xlsx
4Q25;Pocztylion;PPK Pocztylion 2055 DFE;Wirtualna Polska Holding S.A.;2623.1530477759475;sztuki.xlsx
4Q25;Pocztylion;PPK Pocztylion 2055 DFE;Zabka Group S.A.;14902.804803493449;sztuki.xlsx
4Q25;Pocztylion;PPK Pocztylion 2055 DFE;mBank S.A.;183.25897315120113;sztuki.xlsx
4Q25;Pocztylion;PPK Pocztylion 2060 DFE;AB S.A.;1186.0979591836733;sztuki.xlsx
4Q25;Pocztylion;PPK Pocztylion 2060 DFE;AMICA S.A.;1215.16816;sztuki.xlsx
4Q25;Pocztylion;PPK Pocztylion 2060 DFE;Alior Bank S.A.;1174.3757356269805;sztuki.xlsx
4Q25;Pocztylion;PPK Pocztylion 2060 DFE;Allegro.eu S.A.;10555.35944551902;sztuki.xlsx
4Q25;Pocztylion;PPK Pocztylion 2060 DFE;AmRest Holdings SE;232.3843283582089;sztuki.xlsx
4Q25;Pocztylion;PPK Pocztylion 2060 DFE;Ambra S.A.;2198.8347058823533;sztuki.xlsx
4Q25;Pocztylion;PPK Pocztylion 2060 DFE;Asseco Poland S.A.;1165.973598949212;sztuki.xlsx
4Q25;Pocztylion;PPK Pocztylion 2060 DFE;Auto Partner S.A.;3714.3259036144577;sztuki.xlsx
4Q25;Pocztylion;PPK Pocztylion 2060 DFE;Bank Handlowy w Warszawie S.A.;1534.1265151515154;sztuki.xlsx
4Q25;Pocztylion;PPK Pocztylion 2060 DFE;Bank Millennium S.A.;11354.315694527962;sztuki.xlsx
4Q25;Pocztylion;PPK Pocztylion 2060 DFE;Bank Polska Kasa Opieki S.A.;2710.6212579229646;sztuki.xlsx
4Q25;Pocztylion;PPK Pocztylion 2060 DFE;Bank Polska Kasa Opieki S.A. - PEO1027 - 29.10.2027;200.24573378839588;sztuki.xlsx
4Q25;Pocztylion;PPK Pocztylion 2060 DFE;CCC S.A.;896.8826086956523;sztuki.xlsx
4Q25;Pocztylion;PPK Pocztylion 2060 DFE;CD Projekt S.A.;1481.7354771784233;sztuki.xlsx
4Q25;Pocztylion;PPK Pocztylion 2060 DFE;Cyfrowy Polsat S.A.;9165.240163934426;sztuki.xlsx
4Q25;Pocztylion;PPK Pocztylion 2060 DFE;Develia S.A.;21170.010650887576;sztuki.xlsx
4Q25;Pocztylion;PPK Pocztylion 2060 DFE;Diagnostyka S.A.;603.8233333333334;sztuki.xlsx
4Q25;Pocztylion;PPK Pocztylion 2060 DFE;Dino Polska S.A.;8862.411850060458;sztuki.xlsx
4Q25;Pocztylion;PPK Pocztylion 2060 DFE;Fabryki Mebli FORTE S.A.;3748.6838983050843;sztuki.xlsx
4Q25;Pocztylion;PPK Pocztylion 2060 DFE;Ferro S.A.;3193.6158844765346;sztuki.xlsx
4Q25;Pocztylion;PPK Pocztylion 2060 DFE;Giełda Papierów Wartościowych w Warszawie S.A.;1012.0735384615385;sztuki.xlsx
4Q25;Pocztylion;PPK Pocztylion 2060 DFE;Grenevia S.A.;305.4722222222222;sztuki.xlsx
4Q25;Pocztylion;PPK Pocztylion 2060 DFE;Grupa Kęty S.A.;295.4606349206349;sztuki.xlsx
4Q25;Pocztylion;PPK Pocztylion 2060 DFE;ING Bank Śląski S.A.;595.594729136164;sztuki.xlsx
4Q25;Pocztylion;PPK Pocztylion 2060 DFE;Inter Cars S.A.;350.0965240641711;sztuki.xlsx
4Q25;Pocztylion;PPK Pocztylion 2060 DFE;KGHM Polska Miedź S.A.;1697.2964031339034;sztuki.xlsx
4Q25;Pocztylion;PPK Pocztylion 2060 DFE;Kruk S.A.;536.2081053698075;sztuki.xlsx
4Q25;Pocztylion;PPK Pocztylion 2060 DFE;LPP S.A.;34.885843825084095;sztuki.xlsx
4Q25;Pocztylion;PPK Pocztylion 2060 DFE;MCI Capital ASI S.A.;2652.4557971014488;sztuki.xlsx
4Q25;Pocztylion;PPK Pocztylion 2060 DFE;Mangata Holding S.A.;1265.2901666666667;sztuki.xlsx
4Q25;Pocztylion;PPK Pocztylion 2060 DFE;Onde S.A.;771.369441277081;sztuki.xlsx
4Q25;Pocztylion;PPK Pocztylion 2060 DFE;Oponeo.pl S.A.;1331.3508695652174;sztuki.xlsx
4Q25;Pocztylion;PPK Pocztylion 2060 DFE;Orange Polska S.A.;11815.045142296369;sztuki.xlsx
4Q25;Pocztylion;PPK Pocztylion 2060 DFE;Orlen S.A.;10198.126001456663;sztuki.xlsx
4Q25;Pocztylion;PPK Pocztylion 2060 DFE;PGE Polska Grupa Energetyczna S.A.;9855.669014084506;sztuki.xlsx
4Q25;Pocztylion;PPK Pocztylion 2060 DFE;Powszechna Kasa Oszczędności Bank Polski S.A.;12297.739666510099;sztuki.xlsx
4Q25;Pocztylion;PPK Pocztylion 2060 DFE;Powszechny Zakład Ubezpieczeń S.A.;8811.72100689242;sztuki.xlsx
4Q25;Pocztylion;PPK Pocztylion 2060 DFE;Poznańska Korporacja Budowlana Pekabex S.A.;4072.883333333333;sztuki.xlsx
4Q25;Pocztylion;PPK Pocztylion 2060 DFE;Santander Bank Polska S.A.;638.358305830583;sztuki.xlsx
4Q25;Pocztylion;PPK Pocztylion 2060 DFE;Tauron Polska Energia S.A.;17471.66512381393;sztuki.xlsx
4Q25;Pocztylion;PPK Pocztylion 2060 DFE;Text S.A.;1737.5443609022557;sztuki.xlsx
4Q25;Pocztylion;PPK Pocztylion 2060 DFE;VRG S.A.;24089.53017241379;sztuki.xlsx
4Q25;Pocztylion;PPK Pocztylion 2060 DFE;Wirtualna Polska Holding S.A.;1562.6224052718283;sztuki.xlsx
4Q25;Pocztylion;PPK Pocztylion 2060 DFE;Zabka Group S.A.;8312.891266375545;sztuki.xlsx
4Q25;Pocztylion;PPK Pocztylion 2060 DFE;mBank S.A.;96.1358549222798;sztuki.xlsx
4Q25;Pocztylion;PPK Pocztylion 2065 DFE;AB S.A.;199.01641929499073;sztuki.xlsx
4Q25;Pocztylion;PPK Pocztylion 2065 DFE;AMICA S.A.;227.46496;sztuki.xlsx
4Q25;Pocztylion;PPK Pocztylion 2065 DFE;Alior Bank S.A.;216.54440923494795;sztuki.xlsx
4Q25;Pocztylion;PPK Pocztylion 2065 DFE;Allegro.eu S.A.;1795.953578336557;sztuki.xlsx
4Q25;Pocztylion;PPK Pocztylion 2065 DFE;Ambra S.A.;368.7611764705882;sztuki.xlsx
4Q25;Pocztylion;PPK Pocztylion 2065 DFE;Asseco Poland S.A.;213.44597197898423;sztuki.xlsx
4Q25;Pocztylion;PPK Pocztylion 2065 DFE;Auto Partner S.A.;623.8403614457832;sztuki.xlsx
4Q25;Pocztylion;PPK Pocztylion 2065 DFE;Bank Handlowy w Warszawie S.A.;257.18295454545455;sztuki.xlsx
4Q25;Pocztylion;PPK Pocztylion 2065 DFE;Bank Millennium S.A.;1928.941671677691;sztuki.xlsx
4Q25;Pocztylion;PPK Pocztylion 2065 DFE;Bank Polska Kasa Opieki S.A.;483.683325207216;sztuki.xlsx
4Q25;Pocztylion;PPK Pocztylion 2065 DFE;Bank Polska Kasa Opieki S.A. - PEO1027 - 29.10.2027;15.018430034129693;sztuki.xlsx
4Q25;Pocztylion;PPK Pocztylion 2065 DFE;Benefit Systems S.A.;17.98277207977208;sztuki.xlsx
4Q25;Pocztylion;PPK Pocztylion 2065 DFE;CCC S.A.;138.0594481605351;sztuki.xlsx
4Q25;Pocztylion;PPK Pocztylion 2065 DFE;Cyfrowy Polsat S.A.;1601.0295081967215;sztuki.xlsx
4Q25;Pocztylion;PPK Pocztylion 2065 DFE;Develia S.A.;3838.0899408284026;sztuki.xlsx
4Q25;Pocztylion;PPK Pocztylion 2065 DFE;Diagnostyka S.A.;158.37988304093568;sztuki.xlsx
4Q25;Pocztylion;PPK Pocztylion 2065 DFE;Dino Polska S.A.;1317.3854897218862;sztuki.xlsx
4Q25;Pocztylion;PPK Pocztylion 2065 DFE;Fabryki Mebli FORTE S.A.;586.9648305084745;sztuki.xlsx
4Q25;Pocztylion;PPK Pocztylion 2065 DFE;Ferro S.A.;544.6245487364621;sztuki.xlsx
4Q25;Pocztylion;PPK Pocztylion 2065 DFE;Giełda Papierów Wartościowych w Warszawie S.A.;138.4203076923077;sztuki.xlsx
4Q25;Pocztylion;PPK Pocztylion 2065 DFE;Grupa Kęty S.A.;52.258347016967704;sztuki.xlsx
4Q25;Pocztylion;PPK Pocztylion 2065 DFE;ING Bank Śląski S.A.;103.40875549048316;sztuki.xlsx
4Q25;Pocztylion;PPK Pocztylion 2065 DFE;Inter Cars S.A.;66.01819964349376;sztuki.xlsx
4Q25;Pocztylion;PPK Pocztylion 2065 DFE;KGHM Polska Miedź S.A.;333.89437321937316;sztuki.xlsx
4Q25;Pocztylion;PPK Pocztylion 2065 DFE;Kruk S.A.;99.2235663627153;sztuki.xlsx
4Q25;Pocztylion;PPK Pocztylion 2065 DFE;LPP S.A.;5.980430562229697;sztuki.xlsx
4Q25;Pocztylion;PPK Pocztylion 2065 DFE;MCI Capital ASI S.A.;540.5192028985507;sztuki.xlsx
4Q25;Pocztylion;PPK Pocztylion 2065 DFE;Mangata Holding S.A.;206.18800000000002;sztuki.xlsx
4Q25;Pocztylion;PPK Pocztylion 2065 DFE;Onde S.A.;39.91562143671608;sztuki.xlsx
4Q25;Pocztylion;PPK Pocztylion 2065 DFE;Oponeo.pl S.A.;211.57902173913044;sztuki.xlsx
4Q25;Pocztylion;PPK Pocztylion 2065 DFE;Orange Polska S.A.;1758.7320902845927;sztuki.xlsx
4Q25;Pocztylion;PPK Pocztylion 2065 DFE;Orlen S.A.;1491.6034751846844;sztuki.xlsx
4Q25;Pocztylion;PPK Pocztylion 2065 DFE;PGE Polska Grupa Energetyczna S.A.;1096.176737846433;sztuki.xlsx
4Q25;Pocztylion;PPK Pocztylion 2065 DFE;Powszechna Kasa Oszczędności Bank Polski S.A.;2092.9546735556596;sztuki.xlsx
4Q25;Pocztylion;PPK Pocztylion 2065 DFE;Powszechny Zakład Ubezpieczeń S.A.;1547.8832783937671;sztuki.xlsx
4Q25;Pocztylion;PPK Pocztylion 2065 DFE;Poznańska Korporacja Budowlana Pekabex S.A.;769.0131578947368;sztuki.xlsx
4Q25;Pocztylion;PPK Pocztylion 2065 DFE;Santander Bank Polska S.A.;107.0600843417675;sztuki.xlsx
4Q25;Pocztylion;PPK Pocztylion 2065 DFE;Tauron Polska Energia S.A.;3098.6959037259894;sztuki.xlsx
4Q25;Pocztylion;PPK Pocztylion 2065 DFE;Text S.A.;280.21679197994985;sztuki.xlsx
4Q25;Pocztylion;PPK Pocztylion 2065 DFE;VRG S.A.;3805.773706896552;sztuki.xlsx
4Q25;Pocztylion;PPK Pocztylion 2065 DFE;Wirtualna Polska Holding S.A.;261.61103789126855;sztuki.xlsx
4Q25;Pocztylion;PPK Pocztylion 2065 DFE;Zabka Group S.A.;1489.9803493449783;sztuki.xlsx
4Q25;Pocztylion;PPK Pocztylion 2065 DFE;mBank S.A.;17.024060292039568;sztuki.xlsx
