quarter;data;instytucja;fundusz;DATA_fundusz;typ_aktywa;emitent_full;market cap;shares_no
4Q25;31.12.2025;Nationale-Nederlanden;NN DFE Nasze Jutro 2035;2035;Obligacje skarbowe/gwarantowane;MINISTERSTWO FINANSÓW;;
4Q25;31.12.2025;Nationale-Nederlanden;NN DFE Nasze Jutro 2035;2035;Obligacje skarbowe/gwarantowane;MINISTERSTWO FINANSÓW;;
4Q25;31.12.2025;Nationale-Nederlanden;NN DFE Nasze Jutro 2035;2035;Obligacje skarbowe/gwarantowane;MINISTERSTWO FINANSÓW;;
4Q25;31.12.2025;Nationale-Nederlanden;NN DFE Nasze Jutro 2035;2035;Obligacje skarbowe/gwarantowane;MINISTERSTWO FINANSÓW;;
4Q25;31.12.2025;Nationale-Nederlanden;NN DFE Nasze Jutro 2035;2035;Obligacje skarbowe/gwarantowane;MINISTERSTWO FINANSÓW;;
4Q25;31.12.2025;Nationale-Nederlanden;NN DFE Nasze Jutro 2035;2035;Obligacje skarbowe/gwarantowane;MINISTERSTWO FINANSÓW;;
4Q25;31.12.2025;Nationale-Nederlanden;NN DFE Nasze Jutro 2035;2035;Obligacje skarbowe/gwarantowane;MINISTERSTWO FINANSÓW;;
4Q25;31.12.2025;Nationale-Nederlanden;NN DFE Nasze Jutro 2035;2035;Obligacje skarbowe/gwarantowane;MINISTERSTWO FINANSÓW;;
4Q25;31.12.2025;Nationale-Nederlanden;NN DFE Nasze Jutro 2035;2035;Obligacje skarbowe/gwarantowane;MINISTERSTWO FINANSÓW;;
4Q25;31.12.2025;Nationale-Nederlanden;NN DFE Nasze Jutro 2035;2035;Obligacje skarbowe/gwarantowane;MINISTERSTWO FINANSÓW;;
4Q25;31.12.2025;Nationale-Nederlanden;NN DFE Nasze Jutro 2035;2035;Obligacje skarbowe/gwarantowane;MINISTERSTWO FINANSÓW;;
4Q25;31.12.2025;Nationale-Nederlanden;NN DFE Nasze Jutro 2035;2035;Obligacje skarbowe/gwarantowane;MINISTERSTWO FINANSÓW;;
4Q25;31.12.2025;Nationale-Nederlanden;NN DFE Nasze Jutro 2035;2035;Obligacje skarbowe/gwarantowane;MINISTERSTWO FINANSÓW;;
4Q25;31.12.2025;Nationale-Nederlanden;NN DFE Nasze Jutro 2035;2035;Obligacje skarbowe/gwarantowane;MINISTERSTWO FINANSÓW;;
4Q25;31.12.2025;Nationale-Nederlanden;NN DFE Nasze Jutro 2035;2035;Obligacje skarbowe/gwarantowane;MINISTERSTWO FINANSÓW;;
4Q25;31.12.2025;Nationale-Nederlanden;NN DFE Nasze Jutro 2035;2035;Obligacje skarbowe/gwarantowane;MINISTERSTWO FINANSÓW;;
4Q25;31.12.2025;Nationale-Nederlanden;NN DFE Nasze Jutro 2035;2035;Obligacje skarbowe/gwarantowane;MINISTERSTWO FINANSÓW;;
4Q25;31.12.2025;Nationale-Nederlanden;NN DFE Nasze Jutro 2035;2035;Obligacje skarbowe/gwarantowane;MINISTERSTWO FINANSÓW;;
4Q25;31.12.2025;Nationale-Nederlanden;NN DFE Nasze Jutro 2035;2035;Obligacje skarbowe/gwarantowane;MINISTERSTWO FINANSÓW;;
4Q25;31.12.2025;Nationale-Nederlanden;NN DFE Nasze Jutro 2035;2035;Obligacje skarbowe/gwarantowane;Bank Gospodarstwa Krajowego;;
4Q25;31.12.2025;Nationale-Nederlanden;NN DFE Nasze Jutro 2035;2035;Obligacje skarbowe/gwarantowane;Bank Gospodarstwa Krajowego;;
4Q25;31.12.2025;Nationale-Nederlanden;NN DFE Nasze Jutro 2035;2035;Obligacje skarbowe/gwarantowane;Bank Gospodarstwa Krajowego;;
4Q25;31.12.2025;Nationale-Nederlanden;NN DFE Nasze Jutro 2035;2035;Obligacje skarbowe/gwarantowane;Bank Gospodarstwa Krajowego;;
4Q25;31.12.2025;Nationale-Nederlanden;NN DFE Nasze Jutro 2035;2035;Depozyt/Gotówka;Bank Handlowy w Warszawie S.A.;;
4Q25;31.12.2025;Nationale-Nederlanden;NN DFE Nasze Jutro 2035;2035;Depozyt/Gotówka;Bank Handlowy w Warszawie S.A.;;
4Q25;31.12.2025;Nationale-Nederlanden;NN DFE Nasze Jutro 2035;2035;Depozyt/Gotówka;Bank Handlowy w Warszawie S.A.;;
4Q25;31.12.2025;Nationale-Nederlanden;NN DFE Nasze Jutro 2035;2035;Akcje;Alior Bank S.A.;14419688306;87608,83576
4Q25;31.12.2025;Nationale-Nederlanden;NN DFE Nasze Jutro 2035;2035;Akcje;Allegro.eu S.A.;32785188540;276344,481
4Q25;31.12.2025;Nationale-Nederlanden;NN DFE Nasze Jutro 2035;2035;Akcje;Asseco Poland S.A.;18957269205;34265,06173
4Q25;31.12.2025;Nationale-Nederlanden;NN DFE Nasze Jutro 2035;2035;Akcje;Banco Santander S.A.;6,24146E+11;57740,25204
4Q25;31.12.2025;Nationale-Nederlanden;NN DFE Nasze Jutro 2035;2035;Akcje;Bank Millennium S.A.;20173107594;338367,0216
4Q25;31.12.2025;Nationale-Nederlanden;NN DFE Nasze Jutro 2035;2035;Akcje;Bank Pekao S.A.;53832603973;69141,78479
4Q25;31.12.2025;Nationale-Nederlanden;NN DFE Nasze Jutro 2035;2035;Akcje;Benefit Systems S.A.;11586657420;3149,982291
4Q25;31.12.2025;Nationale-Nederlanden;NN DFE Nasze Jutro 2035;2035;Akcje;BNP Paribas Bank Polska S.A.;#VALUE!;#VALUE!
4Q25;31.12.2025;Nationale-Nederlanden;NN DFE Nasze Jutro 2035;2035;Akcje;Budimex S.A.;16283096504;6101,089197
4Q25;31.12.2025;Nationale-Nederlanden;NN DFE Nasze Jutro 2035;2035;Akcje;CCC S.A.;8428916922;10654,76405
4Q25;31.12.2025;Nationale-Nederlanden;NN DFE Nasze Jutro 2035;2035;Akcje;CD Projekt S.A.;24078432910;37688,01199
4Q25;31.12.2025;Nationale-Nederlanden;NN DFE Nasze Jutro 2035;2035;Akcje;Compremum S.A.;52010652,04;348876,9569
4Q25;31.12.2025;Nationale-Nederlanden;NN DFE Nasze Jutro 2035;2035;Akcje;Cyber_Folks S.A.;3154766400;21658,82665
4Q25;31.12.2025;Nationale-Nederlanden;NN DFE Nasze Jutro 2035;2035;Akcje;DataWalk S.A.;583338562,8;36577,04947
4Q25;31.12.2025;Nationale-Nederlanden;NN DFE Nasze Jutro 2035;2035;Akcje;Diagnostyka S.A.;3048169563;18284,95749
4Q25;31.12.2025;Nationale-Nederlanden;NN DFE Nasze Jutro 2035;2035;Akcje;Dino Polska S.A.;40539540000;230572,4106
4Q25;31.12.2025;Nationale-Nederlanden;NN DFE Nasze Jutro 2035;2035;Akcje;Grupa Kęty S.A.;8989870428;6572,491637
4Q25;31.12.2025;Nationale-Nederlanden;NN DFE Nasze Jutro 2035;2035;Akcje;Grupa Pracuj S.A.;128480000;538423,0727
4Q25;31.12.2025;Nationale-Nederlanden;NN DFE Nasze Jutro 2035;2035;Akcje;ING Bank Śląski S.A.;44429150000;24588,41772
4Q25;31.12.2025;Nationale-Nederlanden;NN DFE Nasze Jutro 2035;2035;Akcje;KGHM Polska Miedź S.A.;56160000000;37399,15139
4Q25;31.12.2025;Nationale-Nederlanden;NN DFE Nasze Jutro 2035;2035;Akcje;Kruk S.A.;9619468803;8721,650395
4Q25;31.12.2025;Nationale-Nederlanden;NN DFE Nasze Jutro 2035;2035;Akcje;LPP S.A.;31337570900;907,0319414
4Q25;31.12.2025;Nationale-Nederlanden;NN DFE Nasze Jutro 2035;2035;Akcje;mBank S.A.;45141180222;7093,023618
4Q25;31.12.2025;Nationale-Nederlanden;NN DFE Nasze Jutro 2035;2035;Akcje;Mirbud S.A.;1631578260;62928,42915
4Q25;31.12.2025;Nationale-Nederlanden;NN DFE Nasze Jutro 2035;2035;Akcje;Orange Polska S.A.;13372922711;337920,0736
4Q25;31.12.2025;Nationale-Nederlanden;NN DFE Nasze Jutro 2035;2035;Akcje;Orlen S.A.;1,11578E+11;105320,6109
4Q25;31.12.2025;Nationale-Nederlanden;NN DFE Nasze Jutro 2035;2035;Akcje;Pepco Group N.V.;17323558050;29038,44267
4Q25;31.12.2025;Nationale-Nederlanden;NN DFE Nasze Jutro 2035;2035;Akcje;PGE Polska Grupa Energetyczna S.A.;19753649199;245870,9166
4Q25;31.12.2025;Nationale-Nederlanden;NN DFE Nasze Jutro 2035;2035;Akcje;PKO Bank Polski S.A.;1,0645E+11;209809,4166
4Q25;31.12.2025;Nationale-Nederlanden;NN DFE Nasze Jutro 2035;2035;Akcje;PKP Cargo S.A.;594770257,8;80797,08509
4Q25;31.12.2025;Nationale-Nederlanden;NN DFE Nasze Jutro 2035;2035;Akcje;Powszechny Zakład Ubezpieczeń S.A.;57631525020;214236,6576
4Q25;31.12.2025;Nationale-Nederlanden;NN DFE Nasze Jutro 2035;2035;Akcje;Rainbow Tours S.A.;1997268800;15509,32569
4Q25;31.12.2025;Nationale-Nederlanden;NN DFE Nasze Jutro 2035;2035;Akcje;Render Cube S.A.;88736560;6360,66517
4Q25;31.12.2025;Nationale-Nederlanden;NN DFE Nasze Jutro 2035;2035;Akcje;Santander Bank Polska S.A.;55734051856;17782,98139
4Q25;31.12.2025;Nationale-Nederlanden;NN DFE Nasze Jutro 2035;2035;Akcje;Selvita S.A.;642534076,8;461,0615741
4Q25;31.12.2025;Nationale-Nederlanden;NN DFE Nasze Jutro 2035;2035;Akcje;Shoper S.A.;1513639328;57001,36691
4Q25;31.12.2025;Nationale-Nederlanden;NN DFE Nasze Jutro 2035;2035;Akcje;Synektik S.A.;2410331855;13456,57371
4Q25;31.12.2025;Nationale-Nederlanden;NN DFE Nasze Jutro 2035;2035;Akcje;Torpol S.A.;1339151000;48081,06707
4Q25;31.12.2025;Nationale-Nederlanden;NN DFE Nasze Jutro 2035;2035;Akcje;UniCredit S.p.A.;4,67691E+11;7320,845281
4Q25;31.12.2025;Nationale-Nederlanden;NN DFE Nasze Jutro 2035;2035;Akcje;Vercom S.A.;2875757779;5210,877202
4Q25;31.12.2025;Nationale-Nederlanden;NN DFE Nasze Jutro 2035;2035;Akcje;XTB S.A.;8443823607;87180,46784
4Q25;31.12.2025;Nationale-Nederlanden;NN DFE Nasze Jutro 2035;2035;Akcje;Zabka Group SA;22968118455;206295,2978
4Q25;31.12.2025;Nationale-Nederlanden;NN DFE Nasze Jutro 2035;2035;Akcje;Advanced Micro Devices Inc.;1,25537E+12;2161,781437
4Q25;31.12.2025;Nationale-Nederlanden;NN DFE Nasze Jutro 2035;2035;Akcje;Agnico Eagle Mines Ltd;3,05361E+11;2194,07145
4Q25;31.12.2025;Nationale-Nederlanden;NN DFE Nasze Jutro 2035;2035;Akcje;Allianz SE;6,27305E+11;1021,953799
4Q25;31.12.2025;Nationale-Nederlanden;NN DFE Nasze Jutro 2035;2035;Akcje;Alphabet Inc.;6,55166E+12;5924,440481
4Q25;31.12.2025;Nationale-Nederlanden;NN DFE Nasze Jutro 2035;2035;Akcje;Amazon.com Inc.;8,90856E+12;3210,616076
4Q25;31.12.2025;Nationale-Nederlanden;NN DFE Nasze Jutro 2035;2035;Akcje;Apple Inc.;1,43496E+13;211,3697369
4Q25;31.12.2025;Nationale-Nederlanden;NN DFE Nasze Jutro 2035;2035;Akcje;Applied Materials Inc.;7,33364E+11;78,13667373
4Q25;31.12.2025;Nationale-Nederlanden;NN DFE Nasze Jutro 2035;2035;Akcje;ASML Holding N.V.;1,50904E+12;874,5012435
4Q25;31.12.2025;Nationale-Nederlanden;NN DFE Nasze Jutro 2035;2035;Akcje;Banco Bilbao Vizcaya Argentaria S.A.;4,82978E+11;16001,85472
4Q25;31.12.2025;Nationale-Nederlanden;NN DFE Nasze Jutro 2035;2035;Akcje;Banco Comercial Portugues S.A.;55983190789;430927,7626
4Q25;31.12.2025;Nationale-Nederlanden;NN DFE Nasze Jutro 2035;2035;Akcje;Bank of America Corp.;1,44401E+12;4574,000956
4Q25;31.12.2025;Nationale-Nederlanden;NN DFE Nasze Jutro 2035;2035;Akcje;Berkshire Hathaway Inc.;1,41931E+12;0,43161688
4Q25;31.12.2025;Nationale-Nederlanden;NN DFE Nasze Jutro 2035;2035;Akcje;BNP Paribas SA;3,75523E+11;216,3714417
4Q25;31.12.2025;Nationale-Nederlanden;NN DFE Nasze Jutro 2035;2035;Akcje;Broadcom Inc.;5,89973E+12;3347,856141
4Q25;31.12.2025;Nationale-Nederlanden;NN DFE Nasze Jutro 2035;2035;Akcje;CaixaBank SA;3,09585E+11;74120,78181
4Q25;31.12.2025;Nationale-Nederlanden;NN DFE Nasze Jutro 2035;2035;Akcje;Caterpillar Inc.;9,58324E+11;729,275663
4Q25;31.12.2025;Nationale-Nederlanden;NN DFE Nasze Jutro 2035;2035;Akcje;Coca-Cola Company;1,0812E+12;555,9725194
4Q25;31.12.2025;Nationale-Nederlanden;NN DFE Nasze Jutro 2035;2035;Akcje;CrowdStrike Holdings Inc.;4,2487E+11;1430,502266
4Q25;31.12.2025;Nationale-Nederlanden;NN DFE Nasze Jutro 2035;2035;Akcje;Deutsche Post AG;2,26929E+11;83,07755516
4Q25;31.12.2025;Nationale-Nederlanden;NN DFE Nasze Jutro 2035;2035;Akcje;Erste Group Bank AG;1,78377E+11;2082,944041
4Q25;31.12.2025;Nationale-Nederlanden;NN DFE Nasze Jutro 2035;2035;Akcje;GE Vernova Inc.;6,33335E+11;371,6500982
4Q25;31.12.2025;Nationale-Nederlanden;NN DFE Nasze Jutro 2035;2035;Akcje;General Electric Co.;1,16152E+12;1484,596893
4Q25;31.12.2025;Nationale-Nederlanden;NN DFE Nasze Jutro 2035;2035;Akcje;Grenergy Renovables S.A.;10382849024;8010,038031
4Q25;31.12.2025;Nationale-Nederlanden;NN DFE Nasze Jutro 2035;2035;Akcje;ING Groep N.V.;2,95857E+11;6545,236122
4Q25;31.12.2025;Nationale-Nederlanden;NN DFE Nasze Jutro 2035;2035;Akcje;InPost S.A.;22088789759;28110,25623
4Q25;31.12.2025;Nationale-Nederlanden;NN DFE Nasze Jutro 2035;2035;Akcje;Intel Corp.;6,6267E+11;477,8358256
4Q25;31.12.2025;Nationale-Nederlanden;NN DFE Nasze Jutro 2035;2035;Akcje;JP Morgan Chase & Co.;3,12445E+12;1932,380165
4Q25;31.12.2025;Nationale-Nederlanden;NN DFE Nasze Jutro 2035;2035;Akcje;Linde Plc;7,15833E+11;123,2155278
4Q25;31.12.2025;Nationale-Nederlanden;NN DFE Nasze Jutro 2035;2035;Akcje;Lundin Mining Corp.;66041411732;54154,08456
4Q25;31.12.2025;Nationale-Nederlanden;NN DFE Nasze Jutro 2035;2035;Akcje;LVMH S.A.;1,35448E+12;373,6414255
4Q25;31.12.2025;Nationale-Nederlanden;NN DFE Nasze Jutro 2035;2035;Akcje;Mercadolibre Inc.;3,67142E+11;52,09111918
4Q25;31.12.2025;Nationale-Nederlanden;NN DFE Nasze Jutro 2035;2035;Akcje;Meta Platforms Inc.;5,19066E+12;148,259338
4Q25;31.12.2025;Nationale-Nederlanden;NN DFE Nasze Jutro 2035;2035;Akcje;Micron Technology Inc.;1,15492E+12;3604,304735
4Q25;31.12.2025;Nationale-Nederlanden;NN DFE Nasze Jutro 2035;2035;Akcje;Microsoft Corp.;1,29114E+13;1991,483545
4Q25;31.12.2025;Nationale-Nederlanden;NN DFE Nasze Jutro 2035;2035;Akcje;Münchener Rück AG;3,10156E+11;59,0551191
4Q25;31.12.2025;Nationale-Nederlanden;NN DFE Nasze Jutro 2035;2035;Akcje;Nektar Therapeutics;4148400852;20038,05103
4Q25;31.12.2025;Nationale-Nederlanden;NN DFE Nasze Jutro 2035;2035;Akcje;Nvidia Corp.;1,62937E+13;8273,472151
4Q25;31.12.2025;Nationale-Nederlanden;NN DFE Nasze Jutro 2035;2035;Akcje;Oracle Corp.;2,01337E+12;2631,603249
4Q25;31.12.2025;Nationale-Nederlanden;NN DFE Nasze Jutro 2035;2035;Akcje;PepsiCo Inc.;7,05187E+11;37,0648339
4Q25;31.12.2025;Nationale-Nederlanden;NN DFE Nasze Jutro 2035;2035;Akcje;Procter & Gamble Co;1,19742E+12;462,8095438
4Q25;31.12.2025;Nationale-Nederlanden;NN DFE Nasze Jutro 2035;2035;Akcje;Rheinmetall AG;3,03236E+11;215,2008479
4Q25;31.12.2025;Nationale-Nederlanden;NN DFE Nasze Jutro 2035;2035;Akcje;RTX Corp.;8,85075E+11;2368,142405
4Q25;31.12.2025;Nationale-Nederlanden;NN DFE Nasze Jutro 2035;2035;Akcje;SAP SE;1,08085E+12;654,6109561
4Q25;31.12.2025;Nationale-Nederlanden;NN DFE Nasze Jutro 2035;2035;Akcje;Schneider Electric SE;5,72013E+11;1491,560558
4Q25;31.12.2025;Nationale-Nederlanden;NN DFE Nasze Jutro 2035;2035;Akcje;Siemens Energy AG;4,37803E+11;2764,580204
4Q25;31.12.2025;Nationale-Nederlanden;NN DFE Nasze Jutro 2035;2035;Akcje;Snowflake Inc.;2,69881E+11;3476,080443
4Q25;31.12.2025;Nationale-Nederlanden;NN DFE Nasze Jutro 2035;2035;Akcje;Vertiv Holdings Co.;2,22854E+11;3261,705443
4Q25;31.12.2025;Nationale-Nederlanden;NN DFE Nasze Jutro 2035;2035;Akcje;Visa Inc.;2,1197E+12;636,1127016
4Q25;31.12.2025;Nationale-Nederlanden;NN DFE Nasze Jutro 2035;2035;Akcje;Walmart Inc.;3,19247E+12;757,3247357
4Q25;31.12.2025;Nationale-Nederlanden;NN DFE Nasze Jutro 2035;2035;Akcje;Waste Management Inc.;3,18604E+11;724,2669059
4Q25;31.12.2025;Nationale-Nederlanden;NN DFE Nasze Jutro 2035;2035;Akcje;Wells Fargo & Co;1,05185E+12;5937,385826
4Q25;31.12.2025;Nationale-Nederlanden;NN DFE Nasze Jutro 2035;2035;Akcje;Western Digital Corp.;2,09987E+11;3833,706009
4Q25;31.12.2025;Nationale-Nederlanden;NN DFE Nasze Jutro 2035;2035;Akcje;Wheaton Precious Metals Corp.;1,9197E+11;3184,335644
4Q25;31.12.2025;Nationale-Nederlanden;NN DFE Nasze Jutro 2035;2035;Obligacje korporacyjne;Alior Bank S.A.;;
4Q25;31.12.2025;Nationale-Nederlanden;NN DFE Nasze Jutro 2035;2035;Obligacje korporacyjne;Archicom S.A.;;
4Q25;31.12.2025;Nationale-Nederlanden;NN DFE Nasze Jutro 2035;2035;Obligacje korporacyjne;Bank Pekao S.A.;;
4Q25;31.12.2025;Nationale-Nederlanden;NN DFE Nasze Jutro 2035;2035;Obligacje korporacyjne;Bank Pekao S.A.;;
4Q25;31.12.2025;Nationale-Nederlanden;NN DFE Nasze Jutro 2035;2035;Obligacje korporacyjne;Benefit Systems S.A.;;
4Q25;31.12.2025;Nationale-Nederlanden;NN DFE Nasze Jutro 2035;2035;Obligacje korporacyjne;Cyfrowy Polsat S.A.;;
4Q25;31.12.2025;Nationale-Nederlanden;NN DFE Nasze Jutro 2035;2035;Obligacje korporacyjne;Develia S.A.;;
4Q25;31.12.2025;Nationale-Nederlanden;NN DFE Nasze Jutro 2035;2035;Obligacje korporacyjne;Develia S.A.;;
4Q25;31.12.2025;Nationale-Nederlanden;NN DFE Nasze Jutro 2035;2035;Obligacje korporacyjne;Develia S.A.;;
4Q25;31.12.2025;Nationale-Nederlanden;NN DFE Nasze Jutro 2035;2035;Obligacje korporacyjne;Develia S.A.;;
4Q25;31.12.2025;Nationale-Nederlanden;NN DFE Nasze Jutro 2035;2035;Obligacje korporacyjne;Echo Investment S.A.;;
4Q25;31.12.2025;Nationale-Nederlanden;NN DFE Nasze Jutro 2035;2035;Obligacje korporacyjne;Echo Investment S.A.;;
4Q25;31.12.2025;Nationale-Nederlanden;NN DFE Nasze Jutro 2035;2035;Obligacje korporacyjne;Kruk S.A.;;
4Q25;31.12.2025;Nationale-Nederlanden;NN DFE Nasze Jutro 2035;2035;Obligacje korporacyjne;Kruk S.A.;;
4Q25;31.12.2025;Nationale-Nederlanden;NN DFE Nasze Jutro 2035;2035;Obligacje korporacyjne;Kruk S.A.;;
4Q25;31.12.2025;Nationale-Nederlanden;NN DFE Nasze Jutro 2035;2035;Obligacje korporacyjne;Murapol S.A.;;
4Q25;31.12.2025;Nationale-Nederlanden;NN DFE Nasze Jutro 2035;2035;Obligacje korporacyjne;PKO Bank Polski S.A. - OSNP0229;;
4Q25;31.12.2025;Nationale-Nederlanden;NN DFE Nasze Jutro 2035;2035;Obligacje korporacyjne;Santander Bank Polska S.A.;;
4Q25;31.12.2025;Nationale-Nederlanden;NN DFE Nasze Jutro 2035;2035;Obligacje korporacyjne;Santander Bank Polska S.A.;;
4Q25;31.12.2025;Nationale-Nederlanden;NN DFE Nasze Jutro 2035;2035;Inne;P4 Sp. z o.o.;;
4Q25;31.12.2025;Nationale-Nederlanden;NN DFE Nasze Jutro 2035;2035;Inne;Abivax SA - ABVX;;
4Q25;31.12.2025;Nationale-Nederlanden;NN DFE Nasze Jutro 2035;2035;Inne;Rachunek podstawowy;;
4Q25;31.12.2025;Nationale-Nederlanden;NN DFE Nasze Jutro 2035;2035;Inne;Rachunek przeliczeniowy;;
4Q25;31.12.2025;Nationale-Nederlanden;NN DFE Nasze Jutro 2050;2050;Obligacje skarbowe/gwarantowane;MINISTERSTWO FINANSÓW;;
4Q25;31.12.2025;Nationale-Nederlanden;NN DFE Nasze Jutro 2050;2050;Obligacje skarbowe/gwarantowane;MINISTERSTWO FINANSÓW;;
4Q25;31.12.2025;Nationale-Nederlanden;NN DFE Nasze Jutro 2050;2050;Obligacje skarbowe/gwarantowane;MINISTERSTWO FINANSÓW;;
4Q25;31.12.2025;Nationale-Nederlanden;NN DFE Nasze Jutro 2050;2050;Obligacje skarbowe/gwarantowane;MINISTERSTWO FINANSÓW;;
4Q25;31.12.2025;Nationale-Nederlanden;NN DFE Nasze Jutro 2050;2050;Obligacje skarbowe/gwarantowane;MINISTERSTWO FINANSÓW;;
4Q25;31.12.2025;Nationale-Nederlanden;NN DFE Nasze Jutro 2050;2050;Obligacje skarbowe/gwarantowane;MINISTERSTWO FINANSÓW;;
4Q25;31.12.2025;Nationale-Nederlanden;NN DFE Nasze Jutro 2050;2050;Obligacje skarbowe/gwarantowane;MINISTERSTWO FINANSÓW;;
4Q25;31.12.2025;Nationale-Nederlanden;NN DFE Nasze Jutro 2050;2050;Obligacje skarbowe/gwarantowane;MINISTERSTWO FINANSÓW;;
4Q25;31.12.2025;Nationale-Nederlanden;NN DFE Nasze Jutro 2050;2050;Obligacje skarbowe/gwarantowane;MINISTERSTWO FINANSÓW;;
4Q25;31.12.2025;Nationale-Nederlanden;NN DFE Nasze Jutro 2050;2050;Obligacje skarbowe/gwarantowane;MINISTERSTWO FINANSÓW;;
4Q25;31.12.2025;Nationale-Nederlanden;NN DFE Nasze Jutro 2050;2050;Obligacje skarbowe/gwarantowane;MINISTERSTWO FINANSÓW;;
4Q25;31.12.2025;Nationale-Nederlanden;NN DFE Nasze Jutro 2050;2050;Obligacje skarbowe/gwarantowane;MINISTERSTWO FINANSÓW;;
4Q25;31.12.2025;Nationale-Nederlanden;NN DFE Nasze Jutro 2050;2050;Obligacje skarbowe/gwarantowane;MINISTERSTWO FINANSÓW;;
4Q25;31.12.2025;Nationale-Nederlanden;NN DFE Nasze Jutro 2050;2050;Obligacje skarbowe/gwarantowane;MINISTERSTWO FINANSÓW;;
4Q25;31.12.2025;Nationale-Nederlanden;NN DFE Nasze Jutro 2050;2050;Obligacje skarbowe/gwarantowane;MINISTERSTWO FINANSÓW;;
4Q25;31.12.2025;Nationale-Nederlanden;NN DFE Nasze Jutro 2050;2050;Obligacje skarbowe/gwarantowane;MINISTERSTWO FINANSÓW;;
4Q25;31.12.2025;Nationale-Nederlanden;NN DFE Nasze Jutro 2050;2050;Obligacje skarbowe/gwarantowane;MINISTERSTWO FINANSÓW;;
4Q25;31.12.2025;Nationale-Nederlanden;NN DFE Nasze Jutro 2050;2050;Obligacje skarbowe/gwarantowane;Bank Gospodarstwa Krajowego;;
4Q25;31.12.2025;Nationale-Nederlanden;NN DFE Nasze Jutro 2050;2050;Obligacje skarbowe/gwarantowane;Bank Gospodarstwa Krajowego;;
4Q25;31.12.2025;Nationale-Nederlanden;NN DFE Nasze Jutro 2050;2050;Obligacje skarbowe/gwarantowane;Bank Gospodarstwa Krajowego;;
4Q25;31.12.2025;Nationale-Nederlanden;NN DFE Nasze Jutro 2050;2050;Obligacje skarbowe/gwarantowane;Bank Gospodarstwa Krajowego;;
4Q25;31.12.2025;Nationale-Nederlanden;NN DFE Nasze Jutro 2050;2050;Depozyt/Gotówka;Bank Handlowy w Warszawie S.A.;;
4Q25;31.12.2025;Nationale-Nederlanden;NN DFE Nasze Jutro 2050;2050;Depozyt/Gotówka;Bank Handlowy w Warszawie S.A.;;
4Q25;31.12.2025;Nationale-Nederlanden;NN DFE Nasze Jutro 2050;2050;Depozyt/Gotówka;Bank Handlowy w Warszawie S.A.;;
4Q25;31.12.2025;Nationale-Nederlanden;NN DFE Nasze Jutro 2050;2050;Akcje;Alior Bank S.A.;14419688306;116998,4456
4Q25;31.12.2025;Nationale-Nederlanden;NN DFE Nasze Jutro 2050;2050;Akcje;Allegro.eu S.A.;32785188540;377350,5974
4Q25;31.12.2025;Nationale-Nederlanden;NN DFE Nasze Jutro 2050;2050;Akcje;Asseco Poland S.A.;18957269205;48338,53257
4Q25;31.12.2025;Nationale-Nederlanden;NN DFE Nasze Jutro 2050;2050;Akcje;Banco Santander S.A.;6,24146E+11;77598,98196
4Q25;31.12.2025;Nationale-Nederlanden;NN DFE Nasze Jutro 2050;2050;Akcje;Bank Millennium S.A.;20173107594;464793,825
4Q25;31.12.2025;Nationale-Nederlanden;NN DFE Nasze Jutro 2050;2050;Akcje;Bank Pekao S.A.;53832603973;94997,40156
4Q25;31.12.2025;Nationale-Nederlanden;NN DFE Nasze Jutro 2050;2050;Akcje;Benefit Systems S.A.;11586657420;4344,837598
4Q25;31.12.2025;Nationale-Nederlanden;NN DFE Nasze Jutro 2050;2050;Akcje;BNP Paribas Bank Polska S.A.;#VALUE!;#VALUE!
4Q25;31.12.2025;Nationale-Nederlanden;NN DFE Nasze Jutro 2050;2050;Akcje;Budimex S.A.;16283096504;8351,228442
4Q25;31.12.2025;Nationale-Nederlanden;NN DFE Nasze Jutro 2050;2050;Akcje;CCC S.A.;8428916922;14572,83094
4Q25;31.12.2025;Nationale-Nederlanden;NN DFE Nasze Jutro 2050;2050;Akcje;CD Projekt S.A.;24078432910;51581,03656
4Q25;31.12.2025;Nationale-Nederlanden;NN DFE Nasze Jutro 2050;2050;Akcje;Compremum S.A.;52010652,04;396832,6034
4Q25;31.12.2025;Nationale-Nederlanden;NN DFE Nasze Jutro 2050;2050;Akcje;Cyber_Folks S.A.;3154766400;29039,5282
4Q25;31.12.2025;Nationale-Nederlanden;NN DFE Nasze Jutro 2050;2050;Akcje;DataWalk S.A.;583338562,8;47522,45441
4Q25;31.12.2025;Nationale-Nederlanden;NN DFE Nasze Jutro 2050;2050;Akcje;Diagnostyka S.A.;3048169563;24390,50199
4Q25;31.12.2025;Nationale-Nederlanden;NN DFE Nasze Jutro 2050;2050;Akcje;Dino Polska S.A.;40539540000;306098,5233
4Q25;31.12.2025;Nationale-Nederlanden;NN DFE Nasze Jutro 2050;2050;Akcje;Grupa Kęty S.A.;8989870428;8769,352031
4Q25;31.12.2025;Nationale-Nederlanden;NN DFE Nasze Jutro 2050;2050;Akcje;Grupa Pracuj S.A.;128480000;737549,4727
4Q25;31.12.2025;Nationale-Nederlanden;NN DFE Nasze Jutro 2050;2050;Akcje;ING Bank Śląski S.A.;44429150000;32707,99452
4Q25;31.12.2025;Nationale-Nederlanden;NN DFE Nasze Jutro 2050;2050;Akcje;KGHM Polska Miedź S.A.;56160000000;49897,33458
4Q25;31.12.2025;Nationale-Nederlanden;NN DFE Nasze Jutro 2050;2050;Akcje;Kruk S.A.;9619468803;11636,21716
4Q25;31.12.2025;Nationale-Nederlanden;NN DFE Nasze Jutro 2050;2050;Akcje;LPP S.A.;31337570900;1230,971925
4Q25;31.12.2025;Nationale-Nederlanden;NN DFE Nasze Jutro 2050;2050;Akcje;mBank S.A.;45141180222;9843,911098
4Q25;31.12.2025;Nationale-Nederlanden;NN DFE Nasze Jutro 2050;2050;Akcje;Mirbud S.A.;1631578260;82094,98718
4Q25;31.12.2025;Nationale-Nederlanden;NN DFE Nasze Jutro 2050;2050;Akcje;Orange Polska S.A.;13372922711;462192,156
4Q25;31.12.2025;Nationale-Nederlanden;NN DFE Nasze Jutro 2050;2050;Akcje;Orlen S.A.;1,11578E+11;144346,3999
4Q25;31.12.2025;Nationale-Nederlanden;NN DFE Nasze Jutro 2050;2050;Akcje;Pepco Group N.V.;17323558050;39717,59333
4Q25;31.12.2025;Nationale-Nederlanden;NN DFE Nasze Jutro 2050;2050;Akcje;PGE Polska Grupa Energetyczna S.A.;19753649199;335737,5557
4Q25;31.12.2025;Nationale-Nederlanden;NN DFE Nasze Jutro 2050;2050;Akcje;PKO Bank Polski S.A.;1,0645E+11;288266,6071
4Q25;31.12.2025;Nationale-Nederlanden;NN DFE Nasze Jutro 2050;2050;Akcje;PKP Cargo S.A.;594770257,8;103228,5602
4Q25;31.12.2025;Nationale-Nederlanden;NN DFE Nasze Jutro 2050;2050;Akcje;Powszechny Zakład Ubezpieczeń S.A.;57631525020;290950,9934
4Q25;31.12.2025;Nationale-Nederlanden;NN DFE Nasze Jutro 2050;2050;Akcje;Rainbow Tours S.A.;1997268800;20692,37807
4Q25;31.12.2025;Nationale-Nederlanden;NN DFE Nasze Jutro 2050;2050;Akcje;Render Cube S.A.;88736560;7642,97233
4Q25;31.12.2025;Nationale-Nederlanden;NN DFE Nasze Jutro 2050;2050;Akcje;Santander Bank Polska S.A.;55734051856;23744,32747
4Q25;31.12.2025;Nationale-Nederlanden;NN DFE Nasze Jutro 2050;2050;Akcje;Selvita S.A.;642534076,8;506,1652778
4Q25;31.12.2025;Nationale-Nederlanden;NN DFE Nasze Jutro 2050;2050;Akcje;Shoper S.A.;1513639328;76401,99888
4Q25;31.12.2025;Nationale-Nederlanden;NN DFE Nasze Jutro 2050;2050;Akcje;Synektik S.A.;2410331855;17748,62608
4Q25;31.12.2025;Nationale-Nederlanden;NN DFE Nasze Jutro 2050;2050;Akcje;Torpol S.A.;1339151000;66022,14717
4Q25;31.12.2025;Nationale-Nederlanden;NN DFE Nasze Jutro 2050;2050;Akcje;UniCredit S.p.A.;4,67691E+11;9743,47772
4Q25;31.12.2025;Nationale-Nederlanden;NN DFE Nasze Jutro 2050;2050;Akcje;Vercom S.A.;2875757779;7148,774111
4Q25;31.12.2025;Nationale-Nederlanden;NN DFE Nasze Jutro 2050;2050;Akcje;XTB S.A.;8443823607;119484,0615
4Q25;31.12.2025;Nationale-Nederlanden;NN DFE Nasze Jutro 2050;2050;Akcje;Zabka Group SA;22968118455;277648,3624
4Q25;31.12.2025;Nationale-Nederlanden;NN DFE Nasze Jutro 2050;2050;Akcje;Advanced Micro Devices Inc.;1,25537E+12;2957,17275
4Q25;31.12.2025;Nationale-Nederlanden;NN DFE Nasze Jutro 2050;2050;Akcje;Agnico Eagle Mines Ltd;3,05361E+11;2907,320681
4Q25;31.12.2025;Nationale-Nederlanden;NN DFE Nasze Jutro 2050;2050;Akcje;Allianz SE;6,27305E+11;1364,27328
4Q25;31.12.2025;Nationale-Nederlanden;NN DFE Nasze Jutro 2050;2050;Akcje;Alphabet Inc.;6,55166E+12;7876,824331
4Q25;31.12.2025;Nationale-Nederlanden;NN DFE Nasze Jutro 2050;2050;Akcje;Amazon.com Inc.;8,90856E+12;4287,499785
4Q25;31.12.2025;Nationale-Nederlanden;NN DFE Nasze Jutro 2050;2050;Akcje;Apple Inc.;1,43496E+13;266,4661089
4Q25;31.12.2025;Nationale-Nederlanden;NN DFE Nasze Jutro 2050;2050;Akcje;Applied Materials Inc.;7,33364E+11;107,1874897
4Q25;31.12.2025;Nationale-Nederlanden;NN DFE Nasze Jutro 2050;2050;Akcje;ASML Holding N.V.;1,50904E+12;1167,003375
4Q25;31.12.2025;Nationale-Nederlanden;NN DFE Nasze Jutro 2050;2050;Akcje;Banco Bilbao Vizcaya Argentaria S.A.;4,82978E+11;21850,47653
4Q25;31.12.2025;Nationale-Nederlanden;NN DFE Nasze Jutro 2050;2050;Akcje;Banco Comercial Portugues S.A.;55983190789;588434,1567
4Q25;31.12.2025;Nationale-Nederlanden;NN DFE Nasze Jutro 2050;2050;Akcje;Bank of America Corp.;1,44401E+12;6245,925514
4Q25;31.12.2025;Nationale-Nederlanden;NN DFE Nasze Jutro 2050;2050;Akcje;Berkshire Hathaway Inc.;1,41931E+12;0,573710226
4Q25;31.12.2025;Nationale-Nederlanden;NN DFE Nasze Jutro 2050;2050;Akcje;BNP Paribas SA;3,75523E+11;322,5537239
4Q25;31.12.2025;Nationale-Nederlanden;NN DFE Nasze Jutro 2050;2050;Akcje;Broadcom Inc.;5,89973E+12;4571,997449
4Q25;31.12.2025;Nationale-Nederlanden;NN DFE Nasze Jutro 2050;2050;Akcje;CaixaBank SA;3,09585E+11;101213,1173
4Q25;31.12.2025;Nationale-Nederlanden;NN DFE Nasze Jutro 2050;2050;Akcje;Caterpillar Inc.;9,58324E+11;995,7417738
4Q25;31.12.2025;Nationale-Nederlanden;NN DFE Nasze Jutro 2050;2050;Akcje;Coca-Cola Company;1,0812E+12;725,2686653
4Q25;31.12.2025;Nationale-Nederlanden;NN DFE Nasze Jutro 2050;2050;Akcje;CrowdStrike Holdings Inc.;4,2487E+11;1906,334598
4Q25;31.12.2025;Nationale-Nederlanden;NN DFE Nasze Jutro 2050;2050;Akcje;Deutsche Post AG;2,26929E+11;95,08874353
4Q25;31.12.2025;Nationale-Nederlanden;NN DFE Nasze Jutro 2050;2050;Akcje;Erste Group Bank AG;1,78377E+11;2775,590465
4Q25;31.12.2025;Nationale-Nederlanden;NN DFE Nasze Jutro 2050;2050;Akcje;GE Vernova Inc.;6,33335E+11;506,8866566
4Q25;31.12.2025;Nationale-Nederlanden;NN DFE Nasze Jutro 2050;2050;Akcje;General Electric Co.;1,16152E+12;2027,546634
4Q25;31.12.2025;Nationale-Nederlanden;NN DFE Nasze Jutro 2050;2050;Akcje;Grenergy Renovables S.A.;10382849024;10686,0504
4Q25;31.12.2025;Nationale-Nederlanden;NN DFE Nasze Jutro 2050;2050;Akcje;ING Groep N.V.;2,95857E+11;8732,99183
4Q25;31.12.2025;Nationale-Nederlanden;NN DFE Nasze Jutro 2050;2050;Akcje;InPost S.A.;22088789759;36737,06613
4Q25;31.12.2025;Nationale-Nederlanden;NN DFE Nasze Jutro 2050;2050;Akcje;Intel Corp.;6,6267E+11;653,1424608
4Q25;31.12.2025;Nationale-Nederlanden;NN DFE Nasze Jutro 2050;2050;Akcje;JP Morgan Chase & Co.;3,12445E+12;2653,641806
4Q25;31.12.2025;Nationale-Nederlanden;NN DFE Nasze Jutro 2050;2050;Akcje;Linde Plc;7,15833E+11;169,2961289
4Q25;31.12.2025;Nationale-Nederlanden;NN DFE Nasze Jutro 2050;2050;Akcje;Lundin Mining Corp.;66041411732;72304,81047
4Q25;31.12.2025;Nationale-Nederlanden;NN DFE Nasze Jutro 2050;2050;Akcje;LVMH S.A.;1,35448E+12;487,8374639
4Q25;31.12.2025;Nationale-Nederlanden;NN DFE Nasze Jutro 2050;2050;Akcje;Mercadolibre Inc.;3,67142E+11;66,11565211
4Q25;31.12.2025;Nationale-Nederlanden;NN DFE Nasze Jutro 2050;2050;Akcje;Meta Platforms Inc.;5,19066E+12;196,3434491
4Q25;31.12.2025;Nationale-Nederlanden;NN DFE Nasze Jutro 2050;2050;Akcje;Micron Technology Inc.;1,15492E+12;4921,608981
4Q25;31.12.2025;Nationale-Nederlanden;NN DFE Nasze Jutro 2050;2050;Akcje;Microsoft Corp.;1,29114E+13;2657,648821
4Q25;31.12.2025;Nationale-Nederlanden;NN DFE Nasze Jutro 2050;2050;Akcje;Münchener Rück AG;3,10156E+11;81,07566835
4Q25;31.12.2025;Nationale-Nederlanden;NN DFE Nasze Jutro 2050;2050;Akcje;Nektar Therapeutics;4148400852;26676,66345
4Q25;31.12.2025;Nationale-Nederlanden;NN DFE Nasze Jutro 2050;2050;Akcje;Nvidia Corp.;1,62937E+13;11296,76057
4Q25;31.12.2025;Nationale-Nederlanden;NN DFE Nasze Jutro 2050;2050;Akcje;Oracle Corp.;2,01337E+12;3506,132998
4Q25;31.12.2025;Nationale-Nederlanden;NN DFE Nasze Jutro 2050;2050;Akcje;PepsiCo Inc.;7,05187E+11;48,08411303
4Q25;31.12.2025;Nationale-Nederlanden;NN DFE Nasze Jutro 2050;2050;Akcje;Procter & Gamble Co;1,19742E+12;605,0583841
4Q25;31.12.2025;Nationale-Nederlanden;NN DFE Nasze Jutro 2050;2050;Akcje;Rheinmetall AG;3,03236E+11;294,2746483
4Q25;31.12.2025;Nationale-Nederlanden;NN DFE Nasze Jutro 2050;2050;Akcje;RTX Corp.;8,85075E+11;3239,666891
4Q25;31.12.2025;Nationale-Nederlanden;NN DFE Nasze Jutro 2050;2050;Akcje;SAP SE;1,08085E+12;872,8146044
4Q25;31.12.2025;Nationale-Nederlanden;NN DFE Nasze Jutro 2050;2050;Akcje;Schneider Electric SE;5,72013E+11;2037,497743
4Q25;31.12.2025;Nationale-Nederlanden;NN DFE Nasze Jutro 2050;2050;Akcje;Siemens Energy AG;4,37803E+11;3775,523709
4Q25;31.12.2025;Nationale-Nederlanden;NN DFE Nasze Jutro 2050;2050;Akcje;Snowflake Inc.;2,69881E+11;4638,113081
4Q25;31.12.2025;Nationale-Nederlanden;NN DFE Nasze Jutro 2050;2050;Akcje;Vertiv Holdings Co.;2,22854E+11;4356,620709
4Q25;31.12.2025;Nationale-Nederlanden;NN DFE Nasze Jutro 2050;2050;Akcje;Visa Inc.;2,1197E+12;833,4579056
4Q25;31.12.2025;Nationale-Nederlanden;NN DFE Nasze Jutro 2050;2050;Akcje;Walmart Inc.;3,19247E+12;992,7365229
4Q25;31.12.2025;Nationale-Nederlanden;NN DFE Nasze Jutro 2050;2050;Akcje;Waste Management Inc.;3,18604E+11;947,6576654
4Q25;31.12.2025;Nationale-Nederlanden;NN DFE Nasze Jutro 2050;2050;Akcje;Wells Fargo & Co;1,05185E+12;8154,263632
4Q25;31.12.2025;Nationale-Nederlanden;NN DFE Nasze Jutro 2050;2050;Akcje;Western Digital Corp.;2,09987E+11;5118,954191
4Q25;31.12.2025;Nationale-Nederlanden;NN DFE Nasze Jutro 2050;2050;Akcje;Wheaton Precious Metals Corp.;1,9197E+11;4313,418741
4Q25;31.12.2025;Nationale-Nederlanden;NN DFE Nasze Jutro 2050;2050;Obligacje korporacyjne;Alior Bank S.A.;;
4Q25;31.12.2025;Nationale-Nederlanden;NN DFE Nasze Jutro 2050;2050;Obligacje korporacyjne;Archicom S.A.;;
4Q25;31.12.2025;Nationale-Nederlanden;NN DFE Nasze Jutro 2050;2050;Obligacje korporacyjne;Bank Pekao S.A.;;
4Q25;31.12.2025;Nationale-Nederlanden;NN DFE Nasze Jutro 2050;2050;Obligacje korporacyjne;Bank Pekao S.A.;;
4Q25;31.12.2025;Nationale-Nederlanden;NN DFE Nasze Jutro 2050;2050;Obligacje korporacyjne;Benefit Systems S.A.;;
4Q25;31.12.2025;Nationale-Nederlanden;NN DFE Nasze Jutro 2050;2050;Obligacje korporacyjne;Cyfrowy Polsat S.A.;;
4Q25;31.12.2025;Nationale-Nederlanden;NN DFE Nasze Jutro 2050;2050;Obligacje korporacyjne;Develia S.A.;;
4Q25;31.12.2025;Nationale-Nederlanden;NN DFE Nasze Jutro 2050;2050;Obligacje korporacyjne;Develia S.A.;;
4Q25;31.12.2025;Nationale-Nederlanden;NN DFE Nasze Jutro 2050;2050;Obligacje korporacyjne;Develia S.A.;;
4Q25;31.12.2025;Nationale-Nederlanden;NN DFE Nasze Jutro 2050;2050;Obligacje korporacyjne;Develia S.A.;;
4Q25;31.12.2025;Nationale-Nederlanden;NN DFE Nasze Jutro 2050;2050;Obligacje korporacyjne;Echo Investment S.A.;;
4Q25;31.12.2025;Nationale-Nederlanden;NN DFE Nasze Jutro 2050;2050;Obligacje korporacyjne;Echo Investment S.A.;;
4Q25;31.12.2025;Nationale-Nederlanden;NN DFE Nasze Jutro 2050;2050;Obligacje korporacyjne;Kruk S.A.;;
4Q25;31.12.2025;Nationale-Nederlanden;NN DFE Nasze Jutro 2050;2050;Obligacje korporacyjne;Kruk S.A.;;
4Q25;31.12.2025;Nationale-Nederlanden;NN DFE Nasze Jutro 2050;2050;Obligacje korporacyjne;Kruk S.A.;;
4Q25;31.12.2025;Nationale-Nederlanden;NN DFE Nasze Jutro 2050;2050;Obligacje korporacyjne;Murapol S.A.;;
4Q25;31.12.2025;Nationale-Nederlanden;NN DFE Nasze Jutro 2050;2050;Obligacje korporacyjne;PKO Bank Polski S.A. - OSNP0229;;
4Q25;31.12.2025;Nationale-Nederlanden;NN DFE Nasze Jutro 2050;2050;Obligacje korporacyjne;Santander Bank Polska S.A.;;
4Q25;31.12.2025;Nationale-Nederlanden;NN DFE Nasze Jutro 2050;2050;Obligacje korporacyjne;Santander Bank Polska S.A.;;
4Q25;31.12.2025;Nationale-Nederlanden;NN DFE Nasze Jutro 2050;2050;Obligacje korporacyjne;Santander Bank Polska S.A.;;
4Q25;31.12.2025;Nationale-Nederlanden;NN DFE Nasze Jutro 2050;2050;Inne;P4 Sp. z o.o.;;
4Q25;31.12.2025;Nationale-Nederlanden;NN DFE Nasze Jutro 2050;2050;Inne;Abivax SA - ABVX;;
4Q25;31.12.2025;Nationale-Nederlanden;NN DFE Nasze Jutro 2050;2050;Inne;Rachunek podstawowy;;
4Q25;31.12.2025;Nationale-Nederlanden;NN DFE Nasze Jutro 2050;2050;Inne;Rachunek przeliczeniowy;;
4Q25;31.12.2025;Nationale-Nederlanden;NN DFE Nasze Jutro 2040;2040;Obligacje skarbowe/gwarantowane;MINISTERSTWO FINANSÓW;;
4Q25;31.12.2025;Nationale-Nederlanden;NN DFE Nasze Jutro 2040;2040;Obligacje skarbowe/gwarantowane;MINISTERSTWO FINANSÓW;;
4Q25;31.12.2025;Nationale-Nederlanden;NN DFE Nasze Jutro 2040;2040;Obligacje skarbowe/gwarantowane;MINISTERSTWO FINANSÓW;;
4Q25;31.12.2025;Nationale-Nederlanden;NN DFE Nasze Jutro 2040;2040;Obligacje skarbowe/gwarantowane;MINISTERSTWO FINANSÓW;;
4Q25;31.12.2025;Nationale-Nederlanden;NN DFE Nasze Jutro 2040;2040;Obligacje skarbowe/gwarantowane;MINISTERSTWO FINANSÓW;;
4Q25;31.12.2025;Nationale-Nederlanden;NN DFE Nasze Jutro 2040;2040;Obligacje skarbowe/gwarantowane;MINISTERSTWO FINANSÓW;;
4Q25;31.12.2025;Nationale-Nederlanden;NN DFE Nasze Jutro 2040;2040;Obligacje skarbowe/gwarantowane;MINISTERSTWO FINANSÓW;;
4Q25;31.12.2025;Nationale-Nederlanden;NN DFE Nasze Jutro 2040;2040;Obligacje skarbowe/gwarantowane;MINISTERSTWO FINANSÓW;;
4Q25;31.12.2025;Nationale-Nederlanden;NN DFE Nasze Jutro 2040;2040;Obligacje skarbowe/gwarantowane;MINISTERSTWO FINANSÓW;;
4Q25;31.12.2025;Nationale-Nederlanden;NN DFE Nasze Jutro 2040;2040;Obligacje skarbowe/gwarantowane;MINISTERSTWO FINANSÓW;;
4Q25;31.12.2025;Nationale-Nederlanden;NN DFE Nasze Jutro 2040;2040;Obligacje skarbowe/gwarantowane;MINISTERSTWO FINANSÓW;;
4Q25;31.12.2025;Nationale-Nederlanden;NN DFE Nasze Jutro 2040;2040;Obligacje skarbowe/gwarantowane;MINISTERSTWO FINANSÓW;;
4Q25;31.12.2025;Nationale-Nederlanden;NN DFE Nasze Jutro 2040;2040;Obligacje skarbowe/gwarantowane;MINISTERSTWO FINANSÓW;;
4Q25;31.12.2025;Nationale-Nederlanden;NN DFE Nasze Jutro 2040;2040;Obligacje skarbowe/gwarantowane;MINISTERSTWO FINANSÓW;;
4Q25;31.12.2025;Nationale-Nederlanden;NN DFE Nasze Jutro 2040;2040;Obligacje skarbowe/gwarantowane;MINISTERSTWO FINANSÓW;;
4Q25;31.12.2025;Nationale-Nederlanden;NN DFE Nasze Jutro 2040;2040;Obligacje skarbowe/gwarantowane;MINISTERSTWO FINANSÓW;;
4Q25;31.12.2025;Nationale-Nederlanden;NN DFE Nasze Jutro 2040;2040;Obligacje skarbowe/gwarantowane;MINISTERSTWO FINANSÓW;;
4Q25;31.12.2025;Nationale-Nederlanden;NN DFE Nasze Jutro 2040;2040;Obligacje skarbowe/gwarantowane;MINISTERSTWO FINANSÓW;;
4Q25;31.12.2025;Nationale-Nederlanden;NN DFE Nasze Jutro 2040;2040;Obligacje skarbowe/gwarantowane;Bank Gospodarstwa Krajowego;;
4Q25;31.12.2025;Nationale-Nederlanden;NN DFE Nasze Jutro 2040;2040;Obligacje skarbowe/gwarantowane;Bank Gospodarstwa Krajowego;;
4Q25;31.12.2025;Nationale-Nederlanden;NN DFE Nasze Jutro 2040;2040;Obligacje skarbowe/gwarantowane;Bank Gospodarstwa Krajowego;;
4Q25;31.12.2025;Nationale-Nederlanden;NN DFE Nasze Jutro 2040;2040;Obligacje skarbowe/gwarantowane;Bank Gospodarstwa Krajowego;;
4Q25;31.12.2025;Nationale-Nederlanden;NN DFE Nasze Jutro 2040;2040;Depozyt/Gotówka;Bank Handlowy w Warszawie S.A.;;
4Q25;31.12.2025;Nationale-Nederlanden;NN DFE Nasze Jutro 2040;2040;Depozyt/Gotówka;Bank Handlowy w Warszawie S.A.;;
4Q25;31.12.2025;Nationale-Nederlanden;NN DFE Nasze Jutro 2040;2040;Depozyt/Gotówka;Bank Handlowy w Warszawie S.A.;;
4Q25;31.12.2025;Nationale-Nederlanden;NN DFE Nasze Jutro 2040;2040;Akcje;Alior Bank S.A.;14419688306;130771,6776
4Q25;31.12.2025;Nationale-Nederlanden;NN DFE Nasze Jutro 2040;2040;Akcje;Allegro.eu S.A.;32785188540;418482,2418
4Q25;31.12.2025;Nationale-Nederlanden;NN DFE Nasze Jutro 2040;2040;Akcje;Asseco Poland S.A.;18957269205;53384,43538
4Q25;31.12.2025;Nationale-Nederlanden;NN DFE Nasze Jutro 2040;2040;Akcje;Banco Santander S.A.;6,24146E+11;86822,71736
4Q25;31.12.2025;Nationale-Nederlanden;NN DFE Nasze Jutro 2040;2040;Akcje;Bank Millennium S.A.;20173107594;513264,745
4Q25;31.12.2025;Nationale-Nederlanden;NN DFE Nasze Jutro 2040;2040;Akcje;Bank Pekao S.A.;53832603973;104875,5117
4Q25;31.12.2025;Nationale-Nederlanden;NN DFE Nasze Jutro 2040;2040;Akcje;Benefit Systems S.A.;11586657420;4798,403077
4Q25;31.12.2025;Nationale-Nederlanden;NN DFE Nasze Jutro 2040;2040;Akcje;BNP Paribas Bank Polska S.A.;#VALUE!;#VALUE!
4Q25;31.12.2025;Nationale-Nederlanden;NN DFE Nasze Jutro 2040;2040;Akcje;Budimex S.A.;16283096504;9244,680872
4Q25;31.12.2025;Nationale-Nederlanden;NN DFE Nasze Jutro 2040;2040;Akcje;CCC S.A.;8428916922;16145,90259
4Q25;31.12.2025;Nationale-Nederlanden;NN DFE Nasze Jutro 2040;2040;Akcje;CD Projekt S.A.;24078432910;57103,95996
4Q25;31.12.2025;Nationale-Nederlanden;NN DFE Nasze Jutro 2040;2040;Akcje;Compremum S.A.;52010652,04;420892,1379
4Q25;31.12.2025;Nationale-Nederlanden;NN DFE Nasze Jutro 2040;2040;Akcje;Cyber_Folks S.A.;3154766400;32469,30743
4Q25;31.12.2025;Nationale-Nederlanden;NN DFE Nasze Jutro 2040;2040;Akcje;DataWalk S.A.;583338562,8;53607,66489
4Q25;31.12.2025;Nationale-Nederlanden;NN DFE Nasze Jutro 2040;2040;Akcje;Diagnostyka S.A.;3048169563;27289,84374
4Q25;31.12.2025;Nationale-Nederlanden;NN DFE Nasze Jutro 2040;2040;Akcje;Dino Polska S.A.;40539540000;343391,5115
4Q25;31.12.2025;Nationale-Nederlanden;NN DFE Nasze Jutro 2040;2040;Akcje;Grupa Kęty S.A.;8989870428;9805,474187
4Q25;31.12.2025;Nationale-Nederlanden;NN DFE Nasze Jutro 2040;2040;Akcje;Grupa Pracuj S.A.;128480000;815260,4636
4Q25;31.12.2025;Nationale-Nederlanden;NN DFE Nasze Jutro 2040;2040;Akcje;ING Bank Śląski S.A.;44429150000;36683,26638
4Q25;31.12.2025;Nationale-Nederlanden;NN DFE Nasze Jutro 2040;2040;Akcje;KGHM Polska Miedź S.A.;56160000000;55794,14772
4Q25;31.12.2025;Nationale-Nederlanden;NN DFE Nasze Jutro 2040;2040;Akcje;Kruk S.A.;9619468803;13011,31538
4Q25;31.12.2025;Nationale-Nederlanden;NN DFE Nasze Jutro 2040;2040;Akcje;LPP S.A.;31337570900;1365,531604
4Q25;31.12.2025;Nationale-Nederlanden;NN DFE Nasze Jutro 2040;2040;Akcje;mBank S.A.;45141180222;10871,36304
4Q25;31.12.2025;Nationale-Nederlanden;NN DFE Nasze Jutro 2040;2040;Akcje;Mirbud S.A.;1631578260;92491,48718
4Q25;31.12.2025;Nationale-Nederlanden;NN DFE Nasze Jutro 2040;2040;Akcje;Orange Polska S.A.;13372922711;512095,423
4Q25;31.12.2025;Nationale-Nederlanden;NN DFE Nasze Jutro 2040;2040;Akcje;Orlen S.A.;1,11578E+11;159682,6044
4Q25;31.12.2025;Nationale-Nederlanden;NN DFE Nasze Jutro 2040;2040;Akcje;Pepco Group N.V.;17323558050;44005,46433
4Q25;31.12.2025;Nationale-Nederlanden;NN DFE Nasze Jutro 2040;2040;Akcje;PGE Polska Grupa Energetyczna S.A.;19753649199;372333,9789
4Q25;31.12.2025;Nationale-Nederlanden;NN DFE Nasze Jutro 2040;2040;Akcje;PKO Bank Polski S.A.;1,0645E+11;318242,5349
4Q25;31.12.2025;Nationale-Nederlanden;NN DFE Nasze Jutro 2040;2040;Akcje;PKP Cargo S.A.;594770257,8;115810,0821
4Q25;31.12.2025;Nationale-Nederlanden;NN DFE Nasze Jutro 2040;2040;Akcje;Powszechny Zakład Ubezpieczeń S.A.;57631525020;322665,5803
4Q25;31.12.2025;Nationale-Nederlanden;NN DFE Nasze Jutro 2040;2040;Akcje;Rainbow Tours S.A.;1997268800;23138,02206
4Q25;31.12.2025;Nationale-Nederlanden;NN DFE Nasze Jutro 2040;2040;Akcje;Render Cube S.A.;88736560;9062,532403
4Q25;31.12.2025;Nationale-Nederlanden;NN DFE Nasze Jutro 2040;2040;Akcje;Santander Bank Polska S.A.;55734051856;26542,89828
4Q25;31.12.2025;Nationale-Nederlanden;NN DFE Nasze Jutro 2040;2040;Akcje;Selvita S.A.;642534076,8;551,269213
4Q25;31.12.2025;Nationale-Nederlanden;NN DFE Nasze Jutro 2040;2040;Akcje;Shoper S.A.;1513639328;85429,7355
4Q25;31.12.2025;Nationale-Nederlanden;NN DFE Nasze Jutro 2040;2040;Akcje;Synektik S.A.;2410331855;20075,33843
4Q25;31.12.2025;Nationale-Nederlanden;NN DFE Nasze Jutro 2040;2040;Akcje;Torpol S.A.;1339151000;72913,74357
4Q25;31.12.2025;Nationale-Nederlanden;NN DFE Nasze Jutro 2040;2040;Akcje;UniCredit S.p.A.;4,67691E+11;10921,3266
4Q25;31.12.2025;Nationale-Nederlanden;NN DFE Nasze Jutro 2040;2040;Akcje;Vercom S.A.;2875757779;7901,796754
4Q25;31.12.2025;Nationale-Nederlanden;NN DFE Nasze Jutro 2040;2040;Akcje;XTB S.A.;8443823607;132178,9055
4Q25;31.12.2025;Nationale-Nederlanden;NN DFE Nasze Jutro 2040;2040;Akcje;Zabka Group SA;22968118455;309358,9476
4Q25;31.12.2025;Nationale-Nederlanden;NN DFE Nasze Jutro 2040;2040;Akcje;Advanced Micro Devices Inc.;1,25537E+12;3276,731728
4Q25;31.12.2025;Nationale-Nederlanden;NN DFE Nasze Jutro 2040;2040;Akcje;Agnico Eagle Mines Ltd;3,05361E+11;3227,226585
4Q25;31.12.2025;Nationale-Nederlanden;NN DFE Nasze Jutro 2040;2040;Akcje;Allianz SE;6,27305E+11;1525,423681
4Q25;31.12.2025;Nationale-Nederlanden;NN DFE Nasze Jutro 2040;2040;Akcje;Alphabet Inc.;6,55166E+12;8834,938621
4Q25;31.12.2025;Nationale-Nederlanden;NN DFE Nasze Jutro 2040;2040;Akcje;Amazon.com Inc.;8,90856E+12;4792,382948
4Q25;31.12.2025;Nationale-Nederlanden;NN DFE Nasze Jutro 2040;2040;Akcje;Apple Inc.;1,43496E+13;303,5309373
4Q25;31.12.2025;Nationale-Nederlanden;NN DFE Nasze Jutro 2040;2040;Akcje;Applied Materials Inc.;7,33364E+11;118,2067681
4Q25;31.12.2025;Nationale-Nederlanden;NN DFE Nasze Jutro 2040;2040;Akcje;ASML Holding N.V.;1,50904E+12;1304,238965
4Q25;31.12.2025;Nationale-Nederlanden;NN DFE Nasze Jutro 2040;2040;Akcje;Banco Bilbao Vizcaya Argentaria S.A.;4,82978E+11;24231,58053
4Q25;31.12.2025;Nationale-Nederlanden;NN DFE Nasze Jutro 2040;2040;Akcje;Banco Comercial Portugues S.A.;55983190789;652575,2686
4Q25;31.12.2025;Nationale-Nederlanden;NN DFE Nasze Jutro 2040;2040;Akcje;Bank of America Corp.;1,44401E+12;6927,11707
4Q25;31.12.2025;Nationale-Nederlanden;NN DFE Nasze Jutro 2040;2040;Akcje;Berkshire Hathaway Inc.;1,41931E+12;0,645757557
4Q25;31.12.2025;Nationale-Nederlanden;NN DFE Nasze Jutro 2040;2040;Akcje;BNP Paribas SA;3,75523E+11;367,63111
4Q25;31.12.2025;Nationale-Nederlanden;NN DFE Nasze Jutro 2040;2040;Akcje;Broadcom Inc.;5,89973E+12;5069,868313
4Q25;31.12.2025;Nationale-Nederlanden;NN DFE Nasze Jutro 2040;2040;Akcje;CaixaBank SA;3,09585E+11;112245,247
4Q25;31.12.2025;Nationale-Nederlanden;NN DFE Nasze Jutro 2040;2040;Akcje;Caterpillar Inc.;9,58324E+11;1104,932775
4Q25;31.12.2025;Nationale-Nederlanden;NN DFE Nasze Jutro 2040;2040;Akcje;Coca-Cola Company;1,0812E+12;818,4316256
4Q25;31.12.2025;Nationale-Nederlanden;NN DFE Nasze Jutro 2040;2040;Akcje;CrowdStrike Holdings Inc.;4,2487E+11;2134,734125
4Q25;31.12.2025;Nationale-Nederlanden;NN DFE Nasze Jutro 2040;2040;Akcje;Deutsche Post AG;2,26929E+11;117,1092893
4Q25;31.12.2025;Nationale-Nederlanden;NN DFE Nasze Jutro 2040;2040;Akcje;Erste Group Bank AG;1,78377E+11;3107,900619
4Q25;31.12.2025;Nationale-Nederlanden;NN DFE Nasze Jutro 2040;2040;Akcje;GE Vernova Inc.;6,33335E+11;561,9830349
4Q25;31.12.2025;Nationale-Nederlanden;NN DFE Nasze Jutro 2040;2040;Akcje;General Electric Co.;1,16152E+12;2247,932131
4Q25;31.12.2025;Nationale-Nederlanden;NN DFE Nasze Jutro 2040;2040;Akcje;Grenergy Renovables S.A.;10382849024;11949,0565
4Q25;31.12.2025;Nationale-Nederlanden;NN DFE Nasze Jutro 2040;2040;Akcje;ING Groep N.V.;2,95857E+11;9766,766447
4Q25;31.12.2025;Nationale-Nederlanden;NN DFE Nasze Jutro 2040;2040;Akcje;InPost S.A.;22088789759;41416,09839
4Q25;31.12.2025;Nationale-Nederlanden;NN DFE Nasze Jutro 2040;2040;Akcje;Intel Corp.;6,6267E+11;723,2651752
4Q25;31.12.2025;Nationale-Nederlanden;NN DFE Nasze Jutro 2040;2040;Akcje;JP Morgan Chase & Co.;3,12445E+12;2930,125442
4Q25;31.12.2025;Nationale-Nederlanden;NN DFE Nasze Jutro 2040;2040;Akcje;Linde Plc;7,15833E+11;187,3276753
4Q25;31.12.2025;Nationale-Nederlanden;NN DFE Nasze Jutro 2040;2040;Akcje;Lundin Mining Corp.;66041411732;81048,9565
4Q25;31.12.2025;Nationale-Nederlanden;NN DFE Nasze Jutro 2040;2040;Akcje;LVMH S.A.;1,35448E+12;549,9440804
4Q25;31.12.2025;Nationale-Nederlanden;NN DFE Nasze Jutro 2040;2040;Akcje;Mercadolibre Inc.;3,67142E+11;75,13142141
4Q25;31.12.2025;Nationale-Nederlanden;NN DFE Nasze Jutro 2040;2040;Akcje;Meta Platforms Inc.;5,19066E+12;217,3802459
4Q25;31.12.2025;Nationale-Nederlanden;NN DFE Nasze Jutro 2040;2040;Akcje;Micron Technology Inc.;1,15492E+12;5458,548213
4Q25;31.12.2025;Nationale-Nederlanden;NN DFE Nasze Jutro 2040;2040;Akcje;Microsoft Corp.;1,29114E+13;2971,197286
4Q25;31.12.2025;Nationale-Nederlanden;NN DFE Nasze Jutro 2040;2040;Akcje;Münchener Rück AG;3,10156E+11;90,08407313
4Q25;31.12.2025;Nationale-Nederlanden;NN DFE Nasze Jutro 2040;2040;Akcje;Nektar Therapeutics;4148400852;29894,29172
4Q25;31.12.2025;Nationale-Nederlanden;NN DFE Nasze Jutro 2040;2040;Akcje;Nvidia Corp.;1,62937E+13;12527,91412
4Q25;31.12.2025;Nationale-Nederlanden;NN DFE Nasze Jutro 2040;2040;Akcje;Oracle Corp.;2,01337E+12;3923,863722
4Q25;31.12.2025;Nationale-Nederlanden;NN DFE Nasze Jutro 2040;2040;Akcje;PepsiCo Inc.;7,05187E+11;54,09462716
4Q25;31.12.2025;Nationale-Nederlanden;NN DFE Nasze Jutro 2040;2040;Akcje;Procter & Gamble Co;1,19742E+12;682,1933146
4Q25;31.12.2025;Nationale-Nederlanden;NN DFE Nasze Jutro 2040;2040;Akcje;Rheinmetall AG;3,03236E+11;325,3036078
4Q25;31.12.2025;Nationale-Nederlanden;NN DFE Nasze Jutro 2040;2040;Akcje;RTX Corp.;8,85075E+11;3589,278438
4Q25;31.12.2025;Nationale-Nederlanden;NN DFE Nasze Jutro 2040;2040;Akcje;SAP SE;1,08085E+12;975,9108208
4Q25;31.12.2025;Nationale-Nederlanden;NN DFE Nasze Jutro 2040;2040;Akcje;Schneider Electric SE;5,72013E+11;2259,879497
4Q25;31.12.2025;Nationale-Nederlanden;NN DFE Nasze Jutro 2040;2040;Akcje;Siemens Energy AG;4,37803E+11;4186,907669
4Q25;31.12.2025;Nationale-Nederlanden;NN DFE Nasze Jutro 2040;2040;Akcje;Snowflake Inc.;2,69881E+11;5186,071587
4Q25;31.12.2025;Nationale-Nederlanden;NN DFE Nasze Jutro 2040;2040;Akcje;Vertiv Holdings Co.;2,22854E+11;4868,516119
4Q25;31.12.2025;Nationale-Nederlanden;NN DFE Nasze Jutro 2040;2040;Akcje;Visa Inc.;2,1197E+12;937,6401419
4Q25;31.12.2025;Nationale-Nederlanden;NN DFE Nasze Jutro 2040;2040;Akcje;Walmart Inc.;3,19247E+12;1115,952046
4Q25;31.12.2025;Nationale-Nederlanden;NN DFE Nasze Jutro 2040;2040;Akcje;Waste Management Inc.;3,18604E+11;1066,866179
4Q25;31.12.2025;Nationale-Nederlanden;NN DFE Nasze Jutro 2040;2040;Akcje;Wells Fargo & Co;1,05185E+12;9004,751285
4Q25;31.12.2025;Nationale-Nederlanden;NN DFE Nasze Jutro 2040;2040;Akcje;Western Digital Corp.;2,09987E+11;5723,010833
4Q25;31.12.2025;Nationale-Nederlanden;NN DFE Nasze Jutro 2040;2040;Akcje;Wheaton Precious Metals Corp.;1,9197E+11;4834,765794
4Q25;31.12.2025;Nationale-Nederlanden;NN DFE Nasze Jutro 2040;2040;Obligacje korporacyjne;Alior Bank S.A.;;
4Q25;31.12.2025;Nationale-Nederlanden;NN DFE Nasze Jutro 2040;2040;Obligacje korporacyjne;Archicom S.A.;;
4Q25;31.12.2025;Nationale-Nederlanden;NN DFE Nasze Jutro 2040;2040;Obligacje korporacyjne;Bank Pekao S.A.;;
4Q25;31.12.2025;Nationale-Nederlanden;NN DFE Nasze Jutro 2040;2040;Obligacje korporacyjne;Bank Pekao S.A.;;
4Q25;31.12.2025;Nationale-Nederlanden;NN DFE Nasze Jutro 2040;2040;Obligacje korporacyjne;Benefit Systems S.A.;;
4Q25;31.12.2025;Nationale-Nederlanden;NN DFE Nasze Jutro 2040;2040;Obligacje korporacyjne;Cyfrowy Polsat S.A.;;
4Q25;31.12.2025;Nationale-Nederlanden;NN DFE Nasze Jutro 2040;2040;Obligacje korporacyjne;Develia S.A.;;
4Q25;31.12.2025;Nationale-Nederlanden;NN DFE Nasze Jutro 2040;2040;Obligacje korporacyjne;Develia S.A.;;
4Q25;31.12.2025;Nationale-Nederlanden;NN DFE Nasze Jutro 2040;2040;Obligacje korporacyjne;Develia S.A.;;
4Q25;31.12.2025;Nationale-Nederlanden;NN DFE Nasze Jutro 2040;2040;Obligacje korporacyjne;Develia S.A.;;
4Q25;31.12.2025;Nationale-Nederlanden;NN DFE Nasze Jutro 2040;2040;Obligacje korporacyjne;Echo Investment S.A.;;
4Q25;31.12.2025;Nationale-Nederlanden;NN DFE Nasze Jutro 2040;2040;Obligacje korporacyjne;Echo Investment S.A.;;
4Q25;31.12.2025;Nationale-Nederlanden;NN DFE Nasze Jutro 2040;2040;Obligacje korporacyjne;Kruk S.A.;;
4Q25;31.12.2025;Nationale-Nederlanden;NN DFE Nasze Jutro 2040;2040;Obligacje korporacyjne;Kruk S.A.;;
4Q25;31.12.2025;Nationale-Nederlanden;NN DFE Nasze Jutro 2040;2040;Obligacje korporacyjne;Kruk S.A.;;
4Q25;31.12.2025;Nationale-Nederlanden;NN DFE Nasze Jutro 2040;2040;Obligacje korporacyjne;Murapol S.A.;;
4Q25;31.12.2025;Nationale-Nederlanden;NN DFE Nasze Jutro 2040;2040;Obligacje korporacyjne;PKO Bank Polski S.A. - OSNP0229;;
4Q25;31.12.2025;Nationale-Nederlanden;NN DFE Nasze Jutro 2040;2040;Obligacje korporacyjne;Santander Bank Polska S.A.;;
4Q25;31.12.2025;Nationale-Nederlanden;NN DFE Nasze Jutro 2040;2040;Obligacje korporacyjne;Santander Bank Polska S.A.;;
4Q25;31.12.2025;Nationale-Nederlanden;NN DFE Nasze Jutro 2040;2040;Obligacje korporacyjne;Santander Bank Polska S.A.;;
4Q25;31.12.2025;Nationale-Nederlanden;NN DFE Nasze Jutro 2040;2040;Inne;P4 Sp. z o.o.;;
4Q25;31.12.2025;Nationale-Nederlanden;NN DFE Nasze Jutro 2040;2040;Inne;Abivax SA - ABVX;;
4Q25;31.12.2025;Nationale-Nederlanden;NN DFE Nasze Jutro 2040;2040;Inne;Rachunek podstawowy;;
4Q25;31.12.2025;Nationale-Nederlanden;NN DFE Nasze Jutro 2040;2040;Inne;Rachunek przeliczeniowy;;
4Q25;31.12.2025;Nationale-Nederlanden;NN DFE Nasze Jutro 2030;2030;Obligacje skarbowe/gwarantowane;MINISTERSTWO FINANSÓW;;
4Q25;31.12.2025;Nationale-Nederlanden;NN DFE Nasze Jutro 2030;2030;Obligacje skarbowe/gwarantowane;MINISTERSTWO FINANSÓW;;
4Q25;31.12.2025;Nationale-Nederlanden;NN DFE Nasze Jutro 2030;2030;Obligacje skarbowe/gwarantowane;MINISTERSTWO FINANSÓW;;
4Q25;31.12.2025;Nationale-Nederlanden;NN DFE Nasze Jutro 2030;2030;Obligacje skarbowe/gwarantowane;MINISTERSTWO FINANSÓW;;
4Q25;31.12.2025;Nationale-Nederlanden;NN DFE Nasze Jutro 2030;2030;Obligacje skarbowe/gwarantowane;MINISTERSTWO FINANSÓW;;
4Q25;31.12.2025;Nationale-Nederlanden;NN DFE Nasze Jutro 2030;2030;Obligacje skarbowe/gwarantowane;MINISTERSTWO FINANSÓW;;
4Q25;31.12.2025;Nationale-Nederlanden;NN DFE Nasze Jutro 2030;2030;Obligacje skarbowe/gwarantowane;MINISTERSTWO FINANSÓW;;
4Q25;31.12.2025;Nationale-Nederlanden;NN DFE Nasze Jutro 2030;2030;Obligacje skarbowe/gwarantowane;MINISTERSTWO FINANSÓW;;
4Q25;31.12.2025;Nationale-Nederlanden;NN DFE Nasze Jutro 2030;2030;Obligacje skarbowe/gwarantowane;MINISTERSTWO FINANSÓW;;
4Q25;31.12.2025;Nationale-Nederlanden;NN DFE Nasze Jutro 2030;2030;Obligacje skarbowe/gwarantowane;MINISTERSTWO FINANSÓW;;
4Q25;31.12.2025;Nationale-Nederlanden;NN DFE Nasze Jutro 2030;2030;Obligacje skarbowe/gwarantowane;MINISTERSTWO FINANSÓW;;
4Q25;31.12.2025;Nationale-Nederlanden;NN DFE Nasze Jutro 2030;2030;Obligacje skarbowe/gwarantowane;MINISTERSTWO FINANSÓW;;
4Q25;31.12.2025;Nationale-Nederlanden;NN DFE Nasze Jutro 2030;2030;Obligacje skarbowe/gwarantowane;MINISTERSTWO FINANSÓW;;
4Q25;31.12.2025;Nationale-Nederlanden;NN DFE Nasze Jutro 2030;2030;Obligacje skarbowe/gwarantowane;MINISTERSTWO FINANSÓW;;
4Q25;31.12.2025;Nationale-Nederlanden;NN DFE Nasze Jutro 2030;2030;Obligacje skarbowe/gwarantowane;MINISTERSTWO FINANSÓW;;
4Q25;31.12.2025;Nationale-Nederlanden;NN DFE Nasze Jutro 2030;2030;Obligacje skarbowe/gwarantowane;MINISTERSTWO FINANSÓW;;
4Q25;31.12.2025;Nationale-Nederlanden;NN DFE Nasze Jutro 2030;2030;Obligacje skarbowe/gwarantowane;MINISTERSTWO FINANSÓW;;
4Q25;31.12.2025;Nationale-Nederlanden;NN DFE Nasze Jutro 2030;2030;Obligacje skarbowe/gwarantowane;MINISTERSTWO FINANSÓW;;
4Q25;31.12.2025;Nationale-Nederlanden;NN DFE Nasze Jutro 2030;2030;Obligacje skarbowe/gwarantowane;MINISTERSTWO FINANSÓW;;
4Q25;31.12.2025;Nationale-Nederlanden;NN DFE Nasze Jutro 2030;2030;Obligacje skarbowe/gwarantowane;Bank Gospodarstwa Krajowego;;
4Q25;31.12.2025;Nationale-Nederlanden;NN DFE Nasze Jutro 2030;2030;Obligacje skarbowe/gwarantowane;Bank Gospodarstwa Krajowego;;
4Q25;31.12.2025;Nationale-Nederlanden;NN DFE Nasze Jutro 2030;2030;Obligacje skarbowe/gwarantowane;Bank Gospodarstwa Krajowego;;
4Q25;31.12.2025;Nationale-Nederlanden;NN DFE Nasze Jutro 2030;2030;Obligacje skarbowe/gwarantowane;Bank Gospodarstwa Krajowego;;
4Q25;31.12.2025;Nationale-Nederlanden;NN DFE Nasze Jutro 2030;2030;Depozyt/Gotówka;Bank Handlowy w Warszawie S.A.;;
4Q25;31.12.2025;Nationale-Nederlanden;NN DFE Nasze Jutro 2030;2030;Depozyt/Gotówka;Bank Handlowy w Warszawie S.A.;;
4Q25;31.12.2025;Nationale-Nederlanden;NN DFE Nasze Jutro 2030;2030;Depozyt/Gotówka;Bank Handlowy w Warszawie S.A.;;
4Q25;31.12.2025;Nationale-Nederlanden;NN DFE Nasze Jutro 2030;2030;Akcje;Alior Bank S.A.;14419688306;32951,01041
4Q25;31.12.2025;Nationale-Nederlanden;NN DFE Nasze Jutro 2030;2030;Akcje;Allegro.eu S.A.;32785188540;102541,6425
4Q25;31.12.2025;Nationale-Nederlanden;NN DFE Nasze Jutro 2030;2030;Akcje;Asseco Poland S.A.;18957269205;12897,5232
4Q25;31.12.2025;Nationale-Nederlanden;NN DFE Nasze Jutro 2030;2030;Akcje;Banco Santander S.A.;6,24146E+11;22018,17986
4Q25;31.12.2025;Nationale-Nederlanden;NN DFE Nasze Jutro 2030;2030;Akcje;Bank Millennium S.A.;20173107594;125225,9735
4Q25;31.12.2025;Nationale-Nederlanden;NN DFE Nasze Jutro 2030;2030;Akcje;Bank Pekao S.A.;53832603973;25589,34169
4Q25;31.12.2025;Nationale-Nederlanden;NN DFE Nasze Jutro 2030;2030;Akcje;Benefit Systems S.A.;11586657420;1183,865846
4Q25;31.12.2025;Nationale-Nederlanden;NN DFE Nasze Jutro 2030;2030;Akcje;BNP Paribas Bank Polska S.A.;#VALUE!;#VALUE!
4Q25;31.12.2025;Nationale-Nederlanden;NN DFE Nasze Jutro 2030;2030;Akcje;Budimex S.A.;16283096504;2264,146378
4Q25;31.12.2025;Nationale-Nederlanden;NN DFE Nasze Jutro 2030;2030;Akcje;CCC S.A.;8428916922;3953,337625
4Q25;31.12.2025;Nationale-Nederlanden;NN DFE Nasze Jutro 2030;2030;Akcje;CD Projekt S.A.;24078432910;13987,26207
4Q25;31.12.2025;Nationale-Nederlanden;NN DFE Nasze Jutro 2030;2030;Akcje;Cyber_Folks S.A.;3154766400;8225,690728
4Q25;31.12.2025;Nationale-Nederlanden;NN DFE Nasze Jutro 2030;2030;Akcje;DataWalk S.A.;583338562,8;13893,81649
4Q25;31.12.2025;Nationale-Nederlanden;NN DFE Nasze Jutro 2030;2030;Akcje;Diagnostyka S.A.;3048169563;6859,828713
4Q25;31.12.2025;Nationale-Nederlanden;NN DFE Nasze Jutro 2030;2030;Akcje;Dino Polska S.A.;40539540000;86991,35913
4Q25;31.12.2025;Nationale-Nederlanden;NN DFE Nasze Jutro 2030;2030;Akcje;Grupa Kęty S.A.;8989870428;2474,231604
4Q25;31.12.2025;Nationale-Nederlanden;NN DFE Nasze Jutro 2030;2030;Akcje;Grupa Pracuj S.A.;128480000;199553,6182
4Q25;31.12.2025;Nationale-Nederlanden;NN DFE Nasze Jutro 2030;2030;Akcje;ING Bank Śląski S.A.;44429150000;9231,221171
4Q25;31.12.2025;Nationale-Nederlanden;NN DFE Nasze Jutro 2030;2030;Akcje;KGHM Polska Miedź S.A.;56160000000;14077,22536
4Q25;31.12.2025;Nationale-Nederlanden;NN DFE Nasze Jutro 2030;2030;Akcje;Kruk S.A.;9619468803;3283,397751
4Q25;31.12.2025;Nationale-Nederlanden;NN DFE Nasze Jutro 2030;2030;Akcje;LPP S.A.;31337570900;337,8943172
4Q25;31.12.2025;Nationale-Nederlanden;NN DFE Nasze Jutro 2030;2030;Akcje;mBank S.A.;45141180222;2642,734611
4Q25;31.12.2025;Nationale-Nederlanden;NN DFE Nasze Jutro 2030;2030;Akcje;Mirbud S.A.;1631578260;23941,55533
4Q25;31.12.2025;Nationale-Nederlanden;NN DFE Nasze Jutro 2030;2030;Akcje;Orange Polska S.A.;13372922711;125383,0128
4Q25;31.12.2025;Nationale-Nederlanden;NN DFE Nasze Jutro 2030;2030;Akcje;Orlen S.A.;1,11578E+11;39046,79752
4Q25;31.12.2025;Nationale-Nederlanden;NN DFE Nasze Jutro 2030;2030;Akcje;Pepco Group N.V.;17323558050;10774,21367
4Q25;31.12.2025;Nationale-Nederlanden;NN DFE Nasze Jutro 2030;2030;Akcje;PGE Polska Grupa Energetyczna S.A.;19753649199;91233,63358
4Q25;31.12.2025;Nationale-Nederlanden;NN DFE Nasze Jutro 2030;2030;Akcje;PKO Bank Polski S.A.;1,0645E+11;77651,1267
4Q25;31.12.2025;Nationale-Nederlanden;NN DFE Nasze Jutro 2030;2030;Akcje;PKP Cargo S.A.;594770257,8;31384,17319
4Q25;31.12.2025;Nationale-Nederlanden;NN DFE Nasze Jutro 2030;2030;Akcje;Powszechny Zakład Ubezpieczeń S.A.;57631525020;80562,01783
4Q25;31.12.2025;Nationale-Nederlanden;NN DFE Nasze Jutro 2030;2030;Akcje;Rainbow Tours S.A.;1997268800;5757,619419
4Q25;31.12.2025;Nationale-Nederlanden;NN DFE Nasze Jutro 2030;2030;Akcje;Render Cube S.A.;88736560;2237,318689
4Q25;31.12.2025;Nationale-Nederlanden;NN DFE Nasze Jutro 2030;2030;Akcje;Santander Bank Polska S.A.;55734051856;6689,754877
4Q25;31.12.2025;Nationale-Nederlanden;NN DFE Nasze Jutro 2030;2030;Akcje;Shoper S.A.;1513639328;21434,55297
4Q25;31.12.2025;Nationale-Nederlanden;NN DFE Nasze Jutro 2030;2030;Akcje;Synektik S.A.;2410331855;5065,267976
4Q25;31.12.2025;Nationale-Nederlanden;NN DFE Nasze Jutro 2030;2030;Akcje;Torpol S.A.;1339151000;17799,74957
4Q25;31.12.2025;Nationale-Nederlanden;NN DFE Nasze Jutro 2030;2030;Akcje;UniCredit S.p.A.;4,67691E+11;2754,308377
4Q25;31.12.2025;Nationale-Nederlanden;NN DFE Nasze Jutro 2030;2030;Akcje;Vercom S.A.;2875757779;1930,979366
4Q25;31.12.2025;Nationale-Nederlanden;NN DFE Nasze Jutro 2030;2030;Akcje;XTB S.A.;8443823607;32321,60874
4Q25;31.12.2025;Nationale-Nederlanden;NN DFE Nasze Jutro 2030;2030;Akcje;Zabka Group SA;22968118455;77274,98777
4Q25;31.12.2025;Nationale-Nederlanden;NN DFE Nasze Jutro 2030;2030;Akcje;Advanced Micro Devices Inc.;1,25537E+12;802,403578
4Q25;31.12.2025;Nationale-Nederlanden;NN DFE Nasze Jutro 2030;2030;Akcje;Agnico Eagle Mines Ltd;3,05361E+11;832,9624851
4Q25;31.12.2025;Nationale-Nederlanden;NN DFE Nasze Jutro 2030;2030;Akcje;Allianz SE;6,27305E+11;384,3587249
4Q25;31.12.2025;Nationale-Nederlanden;NN DFE Nasze Jutro 2030;2030;Akcje;Alphabet Inc.;6,55166E+12;2230,578456
4Q25;31.12.2025;Nationale-Nederlanden;NN DFE Nasze Jutro 2030;2030;Akcje;Amazon.com Inc.;8,90856E+12;1208,113256
4Q25;31.12.2025;Nationale-Nederlanden;NN DFE Nasze Jutro 2030;2030;Akcje;Apple Inc.;1,43496E+13;85,14894143
4Q25;31.12.2025;Nationale-Nederlanden;NN DFE Nasze Jutro 2030;2030;Akcje;Applied Materials Inc.;7,33364E+11;29,05081598
4Q25;31.12.2025;Nationale-Nederlanden;NN DFE Nasze Jutro 2030;2030;Akcje;ASML Holding N.V.;1,50904E+12;326,5605997
4Q25;31.12.2025;Nationale-Nederlanden;NN DFE Nasze Jutro 2030;2030;Akcje;Banco Bilbao Vizcaya Argentaria S.A.;4,82978E+11;5937,73792
4Q25;31.12.2025;Nationale-Nederlanden;NN DFE Nasze Jutro 2030;2030;Akcje;Banco Comercial Portugues S.A.;55983190789;159902,4993
4Q25;31.12.2025;Nationale-Nederlanden;NN DFE Nasze Jutro 2030;2030;Akcje;Bank of America Corp.;1,44401E+12;1696,968365
4Q25;31.12.2025;Nationale-Nederlanden;NN DFE Nasze Jutro 2030;2030;Akcje;Berkshire Hathaway Inc.;1,41931E+12;0,164107804
4Q25;31.12.2025;Nationale-Nederlanden;NN DFE Nasze Jutro 2030;2030;Akcje;BNP Paribas SA;3,75523E+11;87,14959951
4Q25;31.12.2025;Nationale-Nederlanden;NN DFE Nasze Jutro 2030;2030;Akcje;Broadcom Inc.;5,89973E+12;1242,172835
4Q25;31.12.2025;Nationale-Nederlanden;NN DFE Nasze Jutro 2030;2030;Akcje;CaixaBank SA;3,09585E+11;27503,74956
4Q25;31.12.2025;Nationale-Nederlanden;NN DFE Nasze Jutro 2030;2030;Akcje;Caterpillar Inc.;9,58324E+11;270,4731178
4Q25;31.12.2025;Nationale-Nederlanden;NN DFE Nasze Jutro 2030;2030;Akcje;Coca-Cola Company;1,0812E+12;211,3697422
4Q25;31.12.2025;Nationale-Nederlanden;NN DFE Nasze Jutro 2030;2030;Akcje;CrowdStrike Holdings Inc.;4,2487E+11;538,9427328
4Q25;31.12.2025;Nationale-Nederlanden;NN DFE Nasze Jutro 2030;2030;Akcje;Deutsche Post AG;2,26929E+11;37,03458194
4Q25;31.12.2025;Nationale-Nederlanden;NN DFE Nasze Jutro 2030;2030;Akcje;Erste Group Bank AG;1,78377E+11;781,7295856
4Q25;31.12.2025;Nationale-Nederlanden;NN DFE Nasze Jutro 2030;2030;Akcje;GE Vernova Inc.;6,33335E+11;137,2400649
4Q25;31.12.2025;Nationale-Nederlanden;NN DFE Nasze Jutro 2030;2030;Akcje;General Electric Co.;1,16152E+12;550,9637615
4Q25;31.12.2025;Nationale-Nederlanden;NN DFE Nasze Jutro 2030;2030;Akcje;Grenergy Renovables S.A.;10382849024;2991,013987
4Q25;31.12.2025;Nationale-Nederlanden;NN DFE Nasze Jutro 2030;2030;Akcje;ING Groep N.V.;2,95857E+11;2454,213074
4Q25;31.12.2025;Nationale-Nederlanden;NN DFE Nasze Jutro 2030;2030;Akcje;InPost S.A.;22088789759;10682,33808
4Q25;31.12.2025;Nationale-Nederlanden;NN DFE Nasze Jutro 2030;2030;Akcje;Intel Corp.;6,6267E+11;177,3101543
4Q25;31.12.2025;Nationale-Nederlanden;NN DFE Nasze Jutro 2030;2030;Akcje;JP Morgan Chase & Co.;3,12445E+12;715,2511316
4Q25;31.12.2025;Nationale-Nederlanden;NN DFE Nasze Jutro 2030;2030;Akcje;Linde Plc;7,15833E+11;46,08060112
4Q25;31.12.2025;Nationale-Nederlanden;NN DFE Nasze Jutro 2030;2030;Akcje;Lundin Mining Corp.;66041411732;20942,99213
4Q25;31.12.2025;Nationale-Nederlanden;NN DFE Nasze Jutro 2030;2030;Akcje;LVMH S.A.;1,35448E+12;142,2441876
4Q25;31.12.2025;Nationale-Nederlanden;NN DFE Nasze Jutro 2030;2030;Akcje;Mercadolibre Inc.;3,67142E+11;20,03504626
4Q25;31.12.2025;Nationale-Nederlanden;NN DFE Nasze Jutro 2030;2030;Akcje;Meta Platforms Inc.;5,19066E+12;56,09812893
4Q25;31.12.2025;Nationale-Nederlanden;NN DFE Nasze Jutro 2030;2030;Akcje;Micron Technology Inc.;1,15492E+12;1337,339298
4Q25;31.12.2025;Nationale-Nederlanden;NN DFE Nasze Jutro 2030;2030;Akcje;Microsoft Corp.;1,29114E+13;749,3107156
4Q25;31.12.2025;Nationale-Nederlanden;NN DFE Nasze Jutro 2030;2030;Akcje;Münchener Rück AG;3,10156E+11;22,02055346
4Q25;31.12.2025;Nationale-Nederlanden;NN DFE Nasze Jutro 2030;2030;Akcje;Nektar Therapeutics;4148400852;7552,210429
4Q25;31.12.2025;Nationale-Nederlanden;NN DFE Nasze Jutro 2030;2030;Akcje;Nvidia Corp.;1,62937E+13;3070,370768
4Q25;31.12.2025;Nationale-Nederlanden;NN DFE Nasze Jutro 2030;2030;Akcje;Oracle Corp.;2,01337E+12;990,7330131
4Q25;31.12.2025;Nationale-Nederlanden;NN DFE Nasze Jutro 2030;2030;Akcje;PepsiCo Inc.;7,05187E+11;14,02452651
4Q25;31.12.2025;Nationale-Nederlanden;NN DFE Nasze Jutro 2030;2030;Akcje;Procter & Gamble Co;1,19742E+12;175,3066372
4Q25;31.12.2025;Nationale-Nederlanden;NN DFE Nasze Jutro 2030;2030;Akcje;Rheinmetall AG;3,03236E+11;80,07473323
4Q25;31.12.2025;Nationale-Nederlanden;NN DFE Nasze Jutro 2030;2030;Akcje;RTX Corp.;8,85075E+11;878,5367611
4Q25;31.12.2025;Nationale-Nederlanden;NN DFE Nasze Jutro 2030;2030;Akcje;SAP SE;1,08085E+12;245,2288716
4Q25;31.12.2025;Nationale-Nederlanden;NN DFE Nasze Jutro 2030;2030;Akcje;Schneider Electric SE;5,72013E+11;553,9509583
4Q25;31.12.2025;Nationale-Nederlanden;NN DFE Nasze Jutro 2030;2030;Akcje;Siemens Energy AG;4,37803E+11;1025,957537
4Q25;31.12.2025;Nationale-Nederlanden;NN DFE Nasze Jutro 2030;2030;Akcje;Snowflake Inc.;2,69881E+11;1308,288487
4Q25;31.12.2025;Nationale-Nederlanden;NN DFE Nasze Jutro 2030;2030;Akcje;Vertiv Holdings Co.;2,22854E+11;1226,14481
4Q25;31.12.2025;Nationale-Nederlanden;NN DFE Nasze Jutro 2030;2030;Akcje;Visa Inc.;2,1197E+12;242,4240561
4Q25;31.12.2025;Nationale-Nederlanden;NN DFE Nasze Jutro 2030;2030;Akcje;Walmart Inc.;3,19247E+12;287,5029029
4Q25;31.12.2025;Nationale-Nederlanden;NN DFE Nasze Jutro 2030;2030;Akcje;Waste Management Inc.;3,18604E+11;274,4801333
4Q25;31.12.2025;Nationale-Nederlanden;NN DFE Nasze Jutro 2030;2030;Akcje;Wells Fargo & Co;1,05185E+12;2197,844492
4Q25;31.12.2025;Nationale-Nederlanden;NN DFE Nasze Jutro 2030;2030;Akcje;Western Digital Corp.;2,09987E+11;1442,523278
4Q25;31.12.2025;Nationale-Nederlanden;NN DFE Nasze Jutro 2030;2030;Akcje;Wheaton Precious Metals Corp.;1,9197E+11;1209,44489
4Q25;31.12.2025;Nationale-Nederlanden;NN DFE Nasze Jutro 2030;2030;Obligacje korporacyjne;Alior Bank S.A.;;
4Q25;31.12.2025;Nationale-Nederlanden;NN DFE Nasze Jutro 2030;2030;Obligacje korporacyjne;Archicom S.A.;;
4Q25;31.12.2025;Nationale-Nederlanden;NN DFE Nasze Jutro 2030;2030;Obligacje korporacyjne;Bank Pekao S.A.;;
4Q25;31.12.2025;Nationale-Nederlanden;NN DFE Nasze Jutro 2030;2030;Obligacje korporacyjne;Bank Pekao S.A.;;
4Q25;31.12.2025;Nationale-Nederlanden;NN DFE Nasze Jutro 2030;2030;Obligacje korporacyjne;Benefit Systems S.A.;;
4Q25;31.12.2025;Nationale-Nederlanden;NN DFE Nasze Jutro 2030;2030;Obligacje korporacyjne;Cyfrowy Polsat S.A.;;
4Q25;31.12.2025;Nationale-Nederlanden;NN DFE Nasze Jutro 2030;2030;Obligacje korporacyjne;Develia S.A.;;
4Q25;31.12.2025;Nationale-Nederlanden;NN DFE Nasze Jutro 2030;2030;Obligacje korporacyjne;Develia S.A.;;
4Q25;31.12.2025;Nationale-Nederlanden;NN DFE Nasze Jutro 2030;2030;Obligacje korporacyjne;Develia S.A.;;
4Q25;31.12.2025;Nationale-Nederlanden;NN DFE Nasze Jutro 2030;2030;Obligacje korporacyjne;Develia S.A.;;
4Q25;31.12.2025;Nationale-Nederlanden;NN DFE Nasze Jutro 2030;2030;Obligacje korporacyjne;Echo Investment S.A.;;
4Q25;31.12.2025;Nationale-Nederlanden;NN DFE Nasze Jutro 2030;2030;Obligacje korporacyjne;Echo Investment S.A.;;
4Q25;31.12.2025;Nationale-Nederlanden;NN DFE Nasze Jutro 2030;2030;Obligacje korporacyjne;Kruk S.A.;;
4Q25;31.12.2025;Nationale-Nederlanden;NN DFE Nasze Jutro 2030;2030;Obligacje korporacyjne;Kruk S.A.;;
4Q25;31.12.2025;Nationale-Nederlanden;NN DFE Nasze Jutro 2030;2030;Obligacje korporacyjne;Kruk S.A.;;
4Q25;31.12.2025;Nationale-Nederlanden;NN DFE Nasze Jutro 2030;2030;Obligacje korporacyjne;Murapol S.A.;;
4Q25;31.12.2025;Nationale-Nederlanden;NN DFE Nasze Jutro 2030;2030;Obligacje korporacyjne;PKO Bank Polski S.A. - OSNP0229;;
4Q25;31.12.2025;Nationale-Nederlanden;NN DFE Nasze Jutro 2030;2030;Obligacje korporacyjne;Santander Bank Polska S.A.;;
4Q25;31.12.2025;Nationale-Nederlanden;NN DFE Nasze Jutro 2030;2030;Obligacje korporacyjne;Santander Bank Polska S.A.;;
4Q25;31.12.2025;Nationale-Nederlanden;NN DFE Nasze Jutro 2030;2030;Inne;P4 Sp. z o.o.;;
4Q25;31.12.2025;Nationale-Nederlanden;NN DFE Nasze Jutro 2030;2030;Inne;Abivax SA - ABVX;;
4Q25;31.12.2025;Nationale-Nederlanden;NN DFE Nasze Jutro 2030;2030;Inne;Rachunek podstawowy;;
4Q25;31.12.2025;Nationale-Nederlanden;NN DFE Nasze Jutro 2030;2030;Inne;Rachunek przeliczeniowy;;
4Q25;31.12.2025;Nationale-Nederlanden;NN DFE Nasze Jutro 2065;2065;Obligacje skarbowe/gwarantowane;MINISTERSTWO FINANSÓW;;
4Q25;31.12.2025;Nationale-Nederlanden;NN DFE Nasze Jutro 2065;2065;Obligacje skarbowe/gwarantowane;MINISTERSTWO FINANSÓW;;
4Q25;31.12.2025;Nationale-Nederlanden;NN DFE Nasze Jutro 2065;2065;Obligacje skarbowe/gwarantowane;MINISTERSTWO FINANSÓW;;
4Q25;31.12.2025;Nationale-Nederlanden;NN DFE Nasze Jutro 2065;2065;Obligacje skarbowe/gwarantowane;MINISTERSTWO FINANSÓW;;
4Q25;31.12.2025;Nationale-Nederlanden;NN DFE Nasze Jutro 2065;2065;Obligacje skarbowe/gwarantowane;MINISTERSTWO FINANSÓW;;
4Q25;31.12.2025;Nationale-Nederlanden;NN DFE Nasze Jutro 2065;2065;Obligacje skarbowe/gwarantowane;MINISTERSTWO FINANSÓW;;
4Q25;31.12.2025;Nationale-Nederlanden;NN DFE Nasze Jutro 2065;2065;Obligacje skarbowe/gwarantowane;MINISTERSTWO FINANSÓW;;
4Q25;31.12.2025;Nationale-Nederlanden;NN DFE Nasze Jutro 2065;2065;Obligacje skarbowe/gwarantowane;MINISTERSTWO FINANSÓW;;
4Q25;31.12.2025;Nationale-Nederlanden;NN DFE Nasze Jutro 2065;2065;Obligacje skarbowe/gwarantowane;MINISTERSTWO FINANSÓW;;
4Q25;31.12.2025;Nationale-Nederlanden;NN DFE Nasze Jutro 2065;2065;Obligacje skarbowe/gwarantowane;MINISTERSTWO FINANSÓW;;
4Q25;31.12.2025;Nationale-Nederlanden;NN DFE Nasze Jutro 2065;2065;Obligacje skarbowe/gwarantowane;MINISTERSTWO FINANSÓW;;
4Q25;31.12.2025;Nationale-Nederlanden;NN DFE Nasze Jutro 2065;2065;Obligacje skarbowe/gwarantowane;MINISTERSTWO FINANSÓW;;
4Q25;31.12.2025;Nationale-Nederlanden;NN DFE Nasze Jutro 2065;2065;Obligacje skarbowe/gwarantowane;MINISTERSTWO FINANSÓW;;
4Q25;31.12.2025;Nationale-Nederlanden;NN DFE Nasze Jutro 2065;2065;Obligacje skarbowe/gwarantowane;MINISTERSTWO FINANSÓW;;
4Q25;31.12.2025;Nationale-Nederlanden;NN DFE Nasze Jutro 2065;2065;Obligacje skarbowe/gwarantowane;MINISTERSTWO FINANSÓW;;
4Q25;31.12.2025;Nationale-Nederlanden;NN DFE Nasze Jutro 2065;2065;Depozyt/Gotówka;Bank Handlowy w Warszawie S.A.;;
4Q25;31.12.2025;Nationale-Nederlanden;NN DFE Nasze Jutro 2065;2065;Depozyt/Gotówka;Bank Handlowy w Warszawie S.A.;;
4Q25;31.12.2025;Nationale-Nederlanden;NN DFE Nasze Jutro 2065;2065;Depozyt/Gotówka;Bank Handlowy w Warszawie S.A.;;
4Q25;31.12.2025;Nationale-Nederlanden;NN DFE Nasze Jutro 2065;2065;Akcje;Alior Bank S.A.;14419688306;6757,193119
4Q25;31.12.2025;Nationale-Nederlanden;NN DFE Nasze Jutro 2065;2065;Akcje;Allegro.eu S.A.;32785188540;22019,21341
4Q25;31.12.2025;Nationale-Nederlanden;NN DFE Nasze Jutro 2065;2065;Akcje;Asseco Poland S.A.;18957269205;2788,761515
4Q25;31.12.2025;Nationale-Nederlanden;NN DFE Nasze Jutro 2065;2065;Akcje;Banco Santander S.A.;6,24146E+11;4490,17509
4Q25;31.12.2025;Nationale-Nederlanden;NN DFE Nasze Jutro 2065;2065;Akcje;Bank Millennium S.A.;20173107594;26770,82682
4Q25;31.12.2025;Nationale-Nederlanden;NN DFE Nasze Jutro 2065;2065;Akcje;Bank Pekao S.A.;53832603973;5470,10941
4Q25;31.12.2025;Nationale-Nederlanden;NN DFE Nasze Jutro 2065;2065;Akcje;Benefit Systems S.A.;11586657420;250,7597521
4Q25;31.12.2025;Nationale-Nederlanden;NN DFE Nasze Jutro 2065;2065;Akcje;BNP Paribas Bank Polska S.A.;#VALUE!;#VALUE!
4Q25;31.12.2025;Nationale-Nederlanden;NN DFE Nasze Jutro 2065;2065;Akcje;Budimex S.A.;16283096504;484,2452179
4Q25;31.12.2025;Nationale-Nederlanden;NN DFE Nasze Jutro 2065;2065;Akcje;CCC S.A.;8428916922;840,4495819
4Q25;31.12.2025;Nationale-Nederlanden;NN DFE Nasze Jutro 2065;2065;Akcje;CD Projekt S.A.;24078432910;3019,612407
4Q25;31.12.2025;Nationale-Nederlanden;NN DFE Nasze Jutro 2065;2065;Akcje;Cyber_Folks S.A.;3154766400;1705,921553
4Q25;31.12.2025;Nationale-Nederlanden;NN DFE Nasze Jutro 2065;2065;Akcje;DataWalk S.A.;583338562,8;2021,426188
4Q25;31.12.2025;Nationale-Nederlanden;NN DFE Nasze Jutro 2065;2065;Akcje;Diagnostyka S.A.;3048169563;1388,793684
4Q25;31.12.2025;Nationale-Nederlanden;NN DFE Nasze Jutro 2065;2065;Akcje;Dino Polska S.A.;40539540000;17646,97533
4Q25;31.12.2025;Nationale-Nederlanden;NN DFE Nasze Jutro 2065;2065;Akcje;Grupa Kęty S.A.;8989870428;512,5337822
4Q25;31.12.2025;Nationale-Nederlanden;NN DFE Nasze Jutro 2065;2065;Akcje;Grupa Pracuj S.A.;128480000;43448,09091
4Q25;31.12.2025;Nationale-Nederlanden;NN DFE Nasze Jutro 2065;2065;Akcje;ING Bank Śląski S.A.;44429150000;1837,49429
4Q25;31.12.2025;Nationale-Nederlanden;NN DFE Nasze Jutro 2065;2065;Akcje;KGHM Polska Miedź S.A.;56160000000;2940,456588
4Q25;31.12.2025;Nationale-Nederlanden;NN DFE Nasze Jutro 2065;2065;Akcje;Kruk S.A.;9619468803;686,546849
4Q25;31.12.2025;Nationale-Nederlanden;NN DFE Nasze Jutro 2065;2065;Akcje;LPP S.A.;31337570900;71,76517107
4Q25;31.12.2025;Nationale-Nederlanden;NN DFE Nasze Jutro 2065;2065;Akcje;mBank S.A.;45141180222;566,801008
4Q25;31.12.2025;Nationale-Nederlanden;NN DFE Nasze Jutro 2065;2065;Akcje;Mirbud S.A.;1631578260;4453,089069
4Q25;31.12.2025;Nationale-Nederlanden;NN DFE Nasze Jutro 2065;2065;Akcje;Orange Polska S.A.;13372922711;26659,46222
4Q25;31.12.2025;Nationale-Nederlanden;NN DFE Nasze Jutro 2065;2065;Akcje;Orlen S.A.;1,11578E+11;8365,384559
4Q25;31.12.2025;Nationale-Nederlanden;NN DFE Nasze Jutro 2065;2065;Akcje;Pepco Group N.V.;17323558050;2290,533333
4Q25;31.12.2025;Nationale-Nederlanden;NN DFE Nasze Jutro 2065;2065;Akcje;PGE Polska Grupa Energetyczna S.A.;19753649199;19197,47388
4Q25;31.12.2025;Nationale-Nederlanden;NN DFE Nasze Jutro 2065;2065;Akcje;PKO Bank Polski S.A.;1,0645E+11;16600,09183
4Q25;31.12.2025;Nationale-Nederlanden;NN DFE Nasze Jutro 2065;2065;Akcje;PKP Cargo S.A.;594770257,8;5921,71009
4Q25;31.12.2025;Nationale-Nederlanden;NN DFE Nasze Jutro 2065;2065;Akcje;Powszechny Zakład Ubezpieczeń S.A.;57631525020;16636,24064
4Q25;31.12.2025;Nationale-Nederlanden;NN DFE Nasze Jutro 2065;2065;Akcje;Rainbow Tours S.A.;1997268800;1159,09181
4Q25;31.12.2025;Nationale-Nederlanden;NN DFE Nasze Jutro 2065;2065;Akcje;Render Cube S.A.;88736560;311,9384709
4Q25;31.12.2025;Nationale-Nederlanden;NN DFE Nasze Jutro 2065;2065;Akcje;Santander Bank Polska S.A.;55734051856;1389,78018
4Q25;31.12.2025;Nationale-Nederlanden;NN DFE Nasze Jutro 2065;2065;Akcje;Selvita S.A.;642534076,8;9,020833333
4Q25;31.12.2025;Nationale-Nederlanden;NN DFE Nasze Jutro 2065;2065;Akcje;Shoper S.A.;1513639328;4549,267286
4Q25;31.12.2025;Nationale-Nederlanden;NN DFE Nasze Jutro 2065;2065;Akcje;Synektik S.A.;2410331855;1076,041366
4Q25;31.12.2025;Nationale-Nederlanden;NN DFE Nasze Jutro 2065;2065;Akcje;Torpol S.A.;1339151000;3809,996398
4Q25;31.12.2025;Nationale-Nederlanden;NN DFE Nasze Jutro 2065;2065;Akcje;UniCredit S.p.A.;4,67691E+11;561,451402
4Q25;31.12.2025;Nationale-Nederlanden;NN DFE Nasze Jutro 2065;2065;Akcje;Vercom S.A.;2875757779;414,0636785
4Q25;31.12.2025;Nationale-Nederlanden;NN DFE Nasze Jutro 2065;2065;Akcje;XTB S.A.;8443823607;6924,914926
4Q25;31.12.2025;Nationale-Nederlanden;NN DFE Nasze Jutro 2065;2065;Akcje;Zabka Group SA;22968118455;15851,79258
4Q25;31.12.2025;Nationale-Nederlanden;NN DFE Nasze Jutro 2065;2065;Akcje;Advanced Micro Devices Inc.;1,25537E+12;170,2978869
4Q25;31.12.2025;Nationale-Nederlanden;NN DFE Nasze Jutro 2065;2065;Akcje;Agnico Eagle Mines Ltd;3,05361E+11;168,0008784
4Q25;31.12.2025;Nationale-Nederlanden;NN DFE Nasze Jutro 2065;2065;Akcje;Allianz SE;6,27305E+11;74,06912914
4Q25;31.12.2025;Nationale-Nederlanden;NN DFE Nasze Jutro 2065;2065;Akcje;Alphabet Inc.;6,55166E+12;437,8803121
4Q25;31.12.2025;Nationale-Nederlanden;NN DFE Nasze Jutro 2065;2065;Akcje;Amazon.com Inc.;8,90856E+12;240,4205673
4Q25;31.12.2025;Nationale-Nederlanden;NN DFE Nasze Jutro 2065;2065;Akcje;Apple Inc.;1,43496E+13;14,02453851
4Q25;31.12.2025;Nationale-Nederlanden;NN DFE Nasze Jutro 2065;2065;Akcje;Applied Materials Inc.;7,33364E+11;6,010512531
4Q25;31.12.2025;Nationale-Nederlanden;NN DFE Nasze Jutro 2065;2065;Akcje;ASML Holding N.V.;1,50904E+12;64,11005989
4Q25;31.12.2025;Nationale-Nederlanden;NN DFE Nasze Jutro 2065;2065;Akcje;Banco Bilbao Vizcaya Argentaria S.A.;4,82978E+11;1249,62911
4Q25;31.12.2025;Nationale-Nederlanden;NN DFE Nasze Jutro 2065;2065;Akcje;Banco Comercial Portugues S.A.;55983190789;33645,76258
4Q25;31.12.2025;Nationale-Nederlanden;NN DFE Nasze Jutro 2065;2065;Akcje;Bank of America Corp.;1,44401E+12;357,6255869
4Q25;31.12.2025;Nationale-Nederlanden;NN DFE Nasze Jutro 2065;2065;Akcje;Berkshire Hathaway Inc.;1,41931E+12;0,033355245
4Q25;31.12.2025;Nationale-Nederlanden;NN DFE Nasze Jutro 2065;2065;Akcje;BNP Paribas SA;3,75523E+11;37,06363121
4Q25;31.12.2025;Nationale-Nederlanden;NN DFE Nasze Jutro 2065;2065;Akcje;Broadcom Inc.;5,89973E+12;261,457346
4Q25;31.12.2025;Nationale-Nederlanden;NN DFE Nasze Jutro 2065;2065;Akcje;CaixaBank SA;3,09585E+11;5786,839023
4Q25;31.12.2025;Nationale-Nederlanden;NN DFE Nasze Jutro 2065;2065;Akcje;Caterpillar Inc.;9,58324E+11;57,09988052
4Q25;31.12.2025;Nationale-Nederlanden;NN DFE Nasze Jutro 2065;2065;Akcje;Coca-Cola Company;1,0812E+12;36,06307115
4Q25;31.12.2025;Nationale-Nederlanden;NN DFE Nasze Jutro 2065;2065;Akcje;CrowdStrike Holdings Inc.;4,2487E+11;105,1839892
4Q25;31.12.2025;Nationale-Nederlanden;NN DFE Nasze Jutro 2065;2065;Akcje;Deutsche Post AG;2,26929E+11;2,001881621
4Q25;31.12.2025;Nationale-Nederlanden;NN DFE Nasze Jutro 2065;2065;Akcje;Erste Group Bank AG;1,78377E+11;146,1364018
4Q25;31.12.2025;Nationale-Nederlanden;NN DFE Nasze Jutro 2065;2065;Akcje;GE Vernova Inc.;6,33335E+11;29,05081479
4Q25;31.12.2025;Nationale-Nederlanden;NN DFE Nasze Jutro 2065;2065;Akcje;General Electric Co.;1,16152E+12;116,2032668
4Q25;31.12.2025;Nationale-Nederlanden;NN DFE Nasze Jutro 2065;2065;Akcje;Grenergy Renovables S.A.;10382849024;583,0026126
4Q25;31.12.2025;Nationale-Nederlanden;NN DFE Nasze Jutro 2065;2065;Akcje;ING Groep N.V.;2,95857E+11;460,7910258
4Q25;31.12.2025;Nationale-Nederlanden;NN DFE Nasze Jutro 2065;2065;Akcje;InPost S.A.;22088789759;1969,381097
4Q25;31.12.2025;Nationale-Nederlanden;NN DFE Nasze Jutro 2065;2065;Akcje;Intel Corp.;6,6267E+11;38,0665604
4Q25;31.12.2025;Nationale-Nederlanden;NN DFE Nasze Jutro 2065;2065;Akcje;JP Morgan Chase & Co.;3,12445E+12;153,2681039
4Q25;31.12.2025;Nationale-Nederlanden;NN DFE Nasze Jutro 2065;2065;Akcje;Linde Plc;7,15833E+11;10,01752142
4Q25;31.12.2025;Nationale-Nederlanden;NN DFE Nasze Jutro 2065;2065;Akcje;Lundin Mining Corp.;66041411732;4111,113745
4Q25;31.12.2025;Nationale-Nederlanden;NN DFE Nasze Jutro 2065;2065;Akcje;LVMH S.A.;1,35448E+12;27,04642639
4Q25;31.12.2025;Nationale-Nederlanden;NN DFE Nasze Jutro 2065;2065;Akcje;Mercadolibre Inc.;3,67142E+11;4,007009805
4Q25;31.12.2025;Nationale-Nederlanden;NN DFE Nasze Jutro 2065;2065;Akcje;Meta Platforms Inc.;5,19066E+12;11,0192745
4Q25;31.12.2025;Nationale-Nederlanden;NN DFE Nasze Jutro 2065;2065;Akcje;Micron Technology Inc.;1,15492E+12;281,4923964
4Q25;31.12.2025;Nationale-Nederlanden;NN DFE Nasze Jutro 2065;2065;Akcje;Microsoft Corp.;1,29114E+13;149,2610891
4Q25;31.12.2025;Nationale-Nederlanden;NN DFE Nasze Jutro 2065;2065;Akcje;Münchener Rück AG;3,10156E+11;5,004669326
4Q25;31.12.2025;Nationale-Nederlanden;NN DFE Nasze Jutro 2065;2065;Akcje;Nektar Therapeutics;4148400852;1470,572416
4Q25;31.12.2025;Nationale-Nederlanden;NN DFE Nasze Jutro 2065;2065;Akcje;Nvidia Corp.;1,62937E+13;646,1302286
4Q25;31.12.2025;Nationale-Nederlanden;NN DFE Nasze Jutro 2065;2065;Akcje;Oracle Corp.;2,01337E+12;202,3539665
4Q25;31.12.2025;Nationale-Nederlanden;NN DFE Nasze Jutro 2065;2065;Akcje;PepsiCo Inc.;7,05187E+11;2,00349825
4Q25;31.12.2025;Nationale-Nederlanden;NN DFE Nasze Jutro 2065;2065;Akcje;Procter & Gamble Co;1,19742E+12;28,04906738
4Q25;31.12.2025;Nationale-Nederlanden;NN DFE Nasze Jutro 2065;2065;Akcje;Rheinmetall AG;3,03236E+11;17,01588132
4Q25;31.12.2025;Nationale-Nederlanden;NN DFE Nasze Jutro 2065;2065;Akcje;RTX Corp.;8,85075E+11;187,3276728
4Q25;31.12.2025;Nationale-Nederlanden;NN DFE Nasze Jutro 2065;2065;Akcje;SAP SE;1,08085E+12;46,04297728
4Q25;31.12.2025;Nationale-Nederlanden;NN DFE Nasze Jutro 2065;2065;Akcje;Schneider Electric SE;5,72013E+11;116,1994657
4Q25;31.12.2025;Nationale-Nederlanden;NN DFE Nasze Jutro 2065;2065;Akcje;Siemens Energy AG;4,37803E+11;216,2017805
4Q25;31.12.2025;Nationale-Nederlanden;NN DFE Nasze Jutro 2065;2065;Akcje;Snowflake Inc.;2,69881E+11;259,4538339
4Q25;31.12.2025;Nationale-Nederlanden;NN DFE Nasze Jutro 2065;2065;Akcje;Vertiv Holdings Co.;2,22854E+11;244,4275707
4Q25;31.12.2025;Nationale-Nederlanden;NN DFE Nasze Jutro 2065;2065;Akcje;Visa Inc.;2,1197E+12;48,08412367
4Q25;31.12.2025;Nationale-Nederlanden;NN DFE Nasze Jutro 2065;2065;Akcje;Walmart Inc.;3,19247E+12;46,08061578
4Q25;31.12.2025;Nationale-Nederlanden;NN DFE Nasze Jutro 2065;2065;Akcje;Waste Management Inc.;3,18604E+11;51,08936118
4Q25;31.12.2025;Nationale-Nederlanden;NN DFE Nasze Jutro 2065;2065;Akcje;Wells Fargo & Co;1,05185E+12;470,823586
4Q25;31.12.2025;Nationale-Nederlanden;NN DFE Nasze Jutro 2065;2065;Akcje;Western Digital Corp.;2,09987E+11;287,502906
4Q25;31.12.2025;Nationale-Nederlanden;NN DFE Nasze Jutro 2065;2065;Akcje;Wheaton Precious Metals Corp.;1,9197E+11;248,1170709
4Q25;31.12.2025;Nationale-Nederlanden;NN DFE Nasze Jutro 2065;2065;Obligacje korporacyjne;Archicom S.A.;;
4Q25;31.12.2025;Nationale-Nederlanden;NN DFE Nasze Jutro 2065;2065;Obligacje korporacyjne;Bank Pekao S.A.;;
4Q25;31.12.2025;Nationale-Nederlanden;NN DFE Nasze Jutro 2065;2065;Obligacje korporacyjne;Benefit Systems S.A.;;
4Q25;31.12.2025;Nationale-Nederlanden;NN DFE Nasze Jutro 2065;2065;Obligacje korporacyjne;Cyfrowy Polsat S.A.;;
4Q25;31.12.2025;Nationale-Nederlanden;NN DFE Nasze Jutro 2065;2065;Obligacje korporacyjne;Develia S.A.;;
4Q25;31.12.2025;Nationale-Nederlanden;NN DFE Nasze Jutro 2065;2065;Obligacje korporacyjne;Develia S.A.;;
4Q25;31.12.2025;Nationale-Nederlanden;NN DFE Nasze Jutro 2065;2065;Obligacje korporacyjne;Develia S.A.;;
4Q25;31.12.2025;Nationale-Nederlanden;NN DFE Nasze Jutro 2065;2065;Obligacje korporacyjne;Echo Investment S.A.;;
4Q25;31.12.2025;Nationale-Nederlanden;NN DFE Nasze Jutro 2065;2065;Obligacje korporacyjne;Echo Investment S.A.;;
4Q25;31.12.2025;Nationale-Nederlanden;NN DFE Nasze Jutro 2065;2065;Obligacje korporacyjne;Kruk S.A.;;
4Q25;31.12.2025;Nationale-Nederlanden;NN DFE Nasze Jutro 2065;2065;Obligacje korporacyjne;Kruk S.A.;;
4Q25;31.12.2025;Nationale-Nederlanden;NN DFE Nasze Jutro 2065;2065;Obligacje korporacyjne;Murapol S.A.;;
4Q25;31.12.2025;Nationale-Nederlanden;NN DFE Nasze Jutro 2065;2065;Obligacje korporacyjne;Santander Bank Polska S.A.;;
4Q25;31.12.2025;Nationale-Nederlanden;NN DFE Nasze Jutro 2065;2065;Inne;Abivax SA - ABVX;;
4Q25;31.12.2025;Nationale-Nederlanden;NN DFE Nasze Jutro 2065;2065;Inne;Rachunek podstawowy;;
4Q25;31.12.2025;Nationale-Nederlanden;NN DFE Nasze Jutro 2065;2065;Inne;Rachunek przeliczeniowy;;
4Q25;31.12.2025;Nationale-Nederlanden;NN DFE Nasze Jutro 2025;2025;Obligacje skarbowe/gwarantowane;MINISTERSTWO FINANSÓW;;
4Q25;31.12.2025;Nationale-Nederlanden;NN DFE Nasze Jutro 2025;2025;Obligacje skarbowe/gwarantowane;MINISTERSTWO FINANSÓW;;
4Q25;31.12.2025;Nationale-Nederlanden;NN DFE Nasze Jutro 2025;2025;Obligacje skarbowe/gwarantowane;MINISTERSTWO FINANSÓW;;
4Q25;31.12.2025;Nationale-Nederlanden;NN DFE Nasze Jutro 2025;2025;Obligacje skarbowe/gwarantowane;MINISTERSTWO FINANSÓW;;
4Q25;31.12.2025;Nationale-Nederlanden;NN DFE Nasze Jutro 2025;2025;Obligacje skarbowe/gwarantowane;MINISTERSTWO FINANSÓW;;
4Q25;31.12.2025;Nationale-Nederlanden;NN DFE Nasze Jutro 2025;2025;Obligacje skarbowe/gwarantowane;MINISTERSTWO FINANSÓW;;
4Q25;31.12.2025;Nationale-Nederlanden;NN DFE Nasze Jutro 2025;2025;Obligacje skarbowe/gwarantowane;MINISTERSTWO FINANSÓW;;
4Q25;31.12.2025;Nationale-Nederlanden;NN DFE Nasze Jutro 2025;2025;Obligacje skarbowe/gwarantowane;MINISTERSTWO FINANSÓW;;
4Q25;31.12.2025;Nationale-Nederlanden;NN DFE Nasze Jutro 2025;2025;Obligacje skarbowe/gwarantowane;MINISTERSTWO FINANSÓW;;
4Q25;31.12.2025;Nationale-Nederlanden;NN DFE Nasze Jutro 2025;2025;Obligacje skarbowe/gwarantowane;MINISTERSTWO FINANSÓW;;
4Q25;31.12.2025;Nationale-Nederlanden;NN DFE Nasze Jutro 2025;2025;Obligacje skarbowe/gwarantowane;MINISTERSTWO FINANSÓW;;
4Q25;31.12.2025;Nationale-Nederlanden;NN DFE Nasze Jutro 2025;2025;Obligacje skarbowe/gwarantowane;MINISTERSTWO FINANSÓW;;
4Q25;31.12.2025;Nationale-Nederlanden;NN DFE Nasze Jutro 2025;2025;Obligacje skarbowe/gwarantowane;MINISTERSTWO FINANSÓW;;
4Q25;31.12.2025;Nationale-Nederlanden;NN DFE Nasze Jutro 2025;2025;Obligacje skarbowe/gwarantowane;MINISTERSTWO FINANSÓW;;
4Q25;31.12.2025;Nationale-Nederlanden;NN DFE Nasze Jutro 2025;2025;Obligacje skarbowe/gwarantowane;MINISTERSTWO FINANSÓW;;
4Q25;31.12.2025;Nationale-Nederlanden;NN DFE Nasze Jutro 2025;2025;Obligacje skarbowe/gwarantowane;MINISTERSTWO FINANSÓW;;
4Q25;31.12.2025;Nationale-Nederlanden;NN DFE Nasze Jutro 2025;2025;Obligacje skarbowe/gwarantowane;MINISTERSTWO FINANSÓW;;
4Q25;31.12.2025;Nationale-Nederlanden;NN DFE Nasze Jutro 2025;2025;Obligacje skarbowe/gwarantowane;MINISTERSTWO FINANSÓW;;
4Q25;31.12.2025;Nationale-Nederlanden;NN DFE Nasze Jutro 2025;2025;Obligacje skarbowe/gwarantowane;MINISTERSTWO FINANSÓW;;
4Q25;31.12.2025;Nationale-Nederlanden;NN DFE Nasze Jutro 2025;2025;Obligacje skarbowe/gwarantowane;Bank Gospodarstwa Krajowego;;
4Q25;31.12.2025;Nationale-Nederlanden;NN DFE Nasze Jutro 2025;2025;Obligacje skarbowe/gwarantowane;Bank Gospodarstwa Krajowego;;
4Q25;31.12.2025;Nationale-Nederlanden;NN DFE Nasze Jutro 2025;2025;Obligacje skarbowe/gwarantowane;Bank Gospodarstwa Krajowego;;
4Q25;31.12.2025;Nationale-Nederlanden;NN DFE Nasze Jutro 2025;2025;Obligacje skarbowe/gwarantowane;Bank Gospodarstwa Krajowego;;
4Q25;31.12.2025;Nationale-Nederlanden;NN DFE Nasze Jutro 2025;2025;Depozyt/Gotówka;Bank Handlowy w Warszawie S.A.;;
4Q25;31.12.2025;Nationale-Nederlanden;NN DFE Nasze Jutro 2025;2025;Depozyt/Gotówka;Bank Handlowy w Warszawie S.A.;;
4Q25;31.12.2025;Nationale-Nederlanden;NN DFE Nasze Jutro 2025;2025;Depozyt/Gotówka;Bank Handlowy w Warszawie S.A.;;
4Q25;31.12.2025;Nationale-Nederlanden;NN DFE Nasze Jutro 2025;2025;Obligacje korporacyjne;Alior Bank S.A.;;
4Q25;31.12.2025;Nationale-Nederlanden;NN DFE Nasze Jutro 2025;2025;Obligacje korporacyjne;Alior Bank S.A.;;
4Q25;31.12.2025;Nationale-Nederlanden;NN DFE Nasze Jutro 2025;2025;Obligacje korporacyjne;Archicom S.A.;;
4Q25;31.12.2025;Nationale-Nederlanden;NN DFE Nasze Jutro 2025;2025;Obligacje korporacyjne;Archicom S.A.;;
4Q25;31.12.2025;Nationale-Nederlanden;NN DFE Nasze Jutro 2025;2025;Obligacje korporacyjne;Bank Pekao S.A.;;
4Q25;31.12.2025;Nationale-Nederlanden;NN DFE Nasze Jutro 2025;2025;Obligacje korporacyjne;Bank Pekao S.A.;;
4Q25;31.12.2025;Nationale-Nederlanden;NN DFE Nasze Jutro 2025;2025;Obligacje korporacyjne;Benefit Systems S.A.;;
4Q25;31.12.2025;Nationale-Nederlanden;NN DFE Nasze Jutro 2025;2025;Obligacje korporacyjne;Cyfrowy Polsat S.A.;;
4Q25;31.12.2025;Nationale-Nederlanden;NN DFE Nasze Jutro 2025;2025;Obligacje korporacyjne;Develia S.A.;;
4Q25;31.12.2025;Nationale-Nederlanden;NN DFE Nasze Jutro 2025;2025;Obligacje korporacyjne;Develia S.A.;;
4Q25;31.12.2025;Nationale-Nederlanden;NN DFE Nasze Jutro 2025;2025;Obligacje korporacyjne;Develia S.A.;;
4Q25;31.12.2025;Nationale-Nederlanden;NN DFE Nasze Jutro 2025;2025;Obligacje korporacyjne;Develia S.A.;;
4Q25;31.12.2025;Nationale-Nederlanden;NN DFE Nasze Jutro 2025;2025;Obligacje korporacyjne;Echo Investment S.A.;;
4Q25;31.12.2025;Nationale-Nederlanden;NN DFE Nasze Jutro 2025;2025;Obligacje korporacyjne;Echo Investment S.A.;;
4Q25;31.12.2025;Nationale-Nederlanden;NN DFE Nasze Jutro 2025;2025;Obligacje korporacyjne;Kruk S.A.;;
4Q25;31.12.2025;Nationale-Nederlanden;NN DFE Nasze Jutro 2025;2025;Obligacje korporacyjne;Kruk S.A.;;
4Q25;31.12.2025;Nationale-Nederlanden;NN DFE Nasze Jutro 2025;2025;Obligacje korporacyjne;Kruk S.A.;;
4Q25;31.12.2025;Nationale-Nederlanden;NN DFE Nasze Jutro 2025;2025;Obligacje korporacyjne;Murapol S.A.;;
4Q25;31.12.2025;Nationale-Nederlanden;NN DFE Nasze Jutro 2025;2025;Obligacje korporacyjne;PKO Bank Polski S.A. - OSNP0229;;
4Q25;31.12.2025;Nationale-Nederlanden;NN DFE Nasze Jutro 2025;2025;Obligacje korporacyjne;Santander Bank Polska S.A.;;
4Q25;31.12.2025;Nationale-Nederlanden;NN DFE Nasze Jutro 2025;2025;Obligacje korporacyjne;Santander Bank Polska S.A.;;
4Q25;31.12.2025;Nationale-Nederlanden;NN DFE Nasze Jutro 2025;2025;Inne;P4 Sp. z o.o.;;
4Q25;31.12.2025;Nationale-Nederlanden;NN DFE Nasze Jutro 2025;2025;Inne;Rachunek podstawowy;;
4Q25;31.12.2025;Nationale-Nederlanden;NN DFE Nasze Jutro 2025;2025;Inne;Rachunek przeliczeniowy;;
4Q25;31.12.2025;Nationale-Nederlanden;NN DFE Nasze Jutro 2045;2045;Obligacje skarbowe/gwarantowane;MINISTERSTWO FINANSÓW;;
4Q25;31.12.2025;Nationale-Nederlanden;NN DFE Nasze Jutro 2045;2045;Obligacje skarbowe/gwarantowane;MINISTERSTWO FINANSÓW;;
4Q25;31.12.2025;Nationale-Nederlanden;NN DFE Nasze Jutro 2045;2045;Obligacje skarbowe/gwarantowane;MINISTERSTWO FINANSÓW;;
4Q25;31.12.2025;Nationale-Nederlanden;NN DFE Nasze Jutro 2045;2045;Obligacje skarbowe/gwarantowane;MINISTERSTWO FINANSÓW;;
4Q25;31.12.2025;Nationale-Nederlanden;NN DFE Nasze Jutro 2045;2045;Obligacje skarbowe/gwarantowane;MINISTERSTWO FINANSÓW;;
4Q25;31.12.2025;Nationale-Nederlanden;NN DFE Nasze Jutro 2045;2045;Obligacje skarbowe/gwarantowane;MINISTERSTWO FINANSÓW;;
4Q25;31.12.2025;Nationale-Nederlanden;NN DFE Nasze Jutro 2045;2045;Obligacje skarbowe/gwarantowane;MINISTERSTWO FINANSÓW;;
4Q25;31.12.2025;Nationale-Nederlanden;NN DFE Nasze Jutro 2045;2045;Obligacje skarbowe/gwarantowane;MINISTERSTWO FINANSÓW;;
4Q25;31.12.2025;Nationale-Nederlanden;NN DFE Nasze Jutro 2045;2045;Obligacje skarbowe/gwarantowane;MINISTERSTWO FINANSÓW;;
4Q25;31.12.2025;Nationale-Nederlanden;NN DFE Nasze Jutro 2045;2045;Obligacje skarbowe/gwarantowane;MINISTERSTWO FINANSÓW;;
4Q25;31.12.2025;Nationale-Nederlanden;NN DFE Nasze Jutro 2045;2045;Obligacje skarbowe/gwarantowane;MINISTERSTWO FINANSÓW;;
4Q25;31.12.2025;Nationale-Nederlanden;NN DFE Nasze Jutro 2045;2045;Obligacje skarbowe/gwarantowane;MINISTERSTWO FINANSÓW;;
4Q25;31.12.2025;Nationale-Nederlanden;NN DFE Nasze Jutro 2045;2045;Obligacje skarbowe/gwarantowane;MINISTERSTWO FINANSÓW;;
4Q25;31.12.2025;Nationale-Nederlanden;NN DFE Nasze Jutro 2045;2045;Obligacje skarbowe/gwarantowane;MINISTERSTWO FINANSÓW;;
4Q25;31.12.2025;Nationale-Nederlanden;NN DFE Nasze Jutro 2045;2045;Obligacje skarbowe/gwarantowane;MINISTERSTWO FINANSÓW;;
4Q25;31.12.2025;Nationale-Nederlanden;NN DFE Nasze Jutro 2045;2045;Obligacje skarbowe/gwarantowane;MINISTERSTWO FINANSÓW;;
4Q25;31.12.2025;Nationale-Nederlanden;NN DFE Nasze Jutro 2045;2045;Obligacje skarbowe/gwarantowane;MINISTERSTWO FINANSÓW;;
4Q25;31.12.2025;Nationale-Nederlanden;NN DFE Nasze Jutro 2045;2045;Obligacje skarbowe/gwarantowane;Bank Gospodarstwa Krajowego;;
4Q25;31.12.2025;Nationale-Nederlanden;NN DFE Nasze Jutro 2045;2045;Obligacje skarbowe/gwarantowane;Bank Gospodarstwa Krajowego;;
4Q25;31.12.2025;Nationale-Nederlanden;NN DFE Nasze Jutro 2045;2045;Obligacje skarbowe/gwarantowane;Bank Gospodarstwa Krajowego;;
4Q25;31.12.2025;Nationale-Nederlanden;NN DFE Nasze Jutro 2045;2045;Obligacje skarbowe/gwarantowane;Bank Gospodarstwa Krajowego;;
4Q25;31.12.2025;Nationale-Nederlanden;NN DFE Nasze Jutro 2045;2045;Depozyt/Gotówka;Bank Handlowy w Warszawie S.A.;;
4Q25;31.12.2025;Nationale-Nederlanden;NN DFE Nasze Jutro 2045;2045;Depozyt/Gotówka;Bank Handlowy w Warszawie S.A.;;
4Q25;31.12.2025;Nationale-Nederlanden;NN DFE Nasze Jutro 2045;2045;Depozyt/Gotówka;Bank Handlowy w Warszawie S.A.;;
4Q25;31.12.2025;Nationale-Nederlanden;NN DFE Nasze Jutro 2045;2045;Akcje;Alior Bank S.A.;14419688306;140321,7902
4Q25;31.12.2025;Nationale-Nederlanden;NN DFE Nasze Jutro 2045;2045;Akcje;Allegro.eu S.A.;32785188540;450860,4919
4Q25;31.12.2025;Nationale-Nederlanden;NN DFE Nasze Jutro 2045;2045;Akcje;Asseco Poland S.A.;18957269205;57634,4042
4Q25;31.12.2025;Nationale-Nederlanden;NN DFE Nasze Jutro 2045;2045;Akcje;Banco Santander S.A.;6,24146E+11;93237,96803
4Q25;31.12.2025;Nationale-Nederlanden;NN DFE Nasze Jutro 2045;2045;Akcje;Bank Millennium S.A.;20173107594;554331,371
4Q25;31.12.2025;Nationale-Nederlanden;NN DFE Nasze Jutro 2045;2045;Akcje;Bank Pekao S.A.;53832603973;113280,6317
4Q25;31.12.2025;Nationale-Nederlanden;NN DFE Nasze Jutro 2045;2045;Akcje;Benefit Systems S.A.;11586657420;5182,035561
4Q25;31.12.2025;Nationale-Nederlanden;NN DFE Nasze Jutro 2045;2045;Akcje;BNP Paribas Bank Polska S.A.;#VALUE!;#VALUE!
4Q25;31.12.2025;Nationale-Nederlanden;NN DFE Nasze Jutro 2045;2045;Akcje;Budimex S.A.;16283096504;9971,04862
4Q25;31.12.2025;Nationale-Nederlanden;NN DFE Nasze Jutro 2045;2045;Akcje;CCC S.A.;8428916922;17406,57692
4Q25;31.12.2025;Nationale-Nederlanden;NN DFE Nasze Jutro 2045;2045;Akcje;CD Projekt S.A.;24078432910;61587,26232
4Q25;31.12.2025;Nationale-Nederlanden;NN DFE Nasze Jutro 2045;2045;Akcje;Compremum S.A.;52010652,04;428156,5
4Q25;31.12.2025;Nationale-Nederlanden;NN DFE Nasze Jutro 2045;2045;Akcje;Cyber_Folks S.A.;3154766400;34830,89277
4Q25;31.12.2025;Nationale-Nederlanden;NN DFE Nasze Jutro 2045;2045;Akcje;DataWalk S.A.;583338562,8;57664,47197
4Q25;31.12.2025;Nationale-Nederlanden;NN DFE Nasze Jutro 2045;2045;Akcje;Diagnostyka S.A.;3048169563;29306,21766
4Q25;31.12.2025;Nationale-Nederlanden;NN DFE Nasze Jutro 2045;2045;Akcje;Dino Polska S.A.;40539540000;367850,9705
4Q25;31.12.2025;Nationale-Nederlanden;NN DFE Nasze Jutro 2045;2045;Akcje;Grupa Kęty S.A.;8989870428;10519,00157
4Q25;31.12.2025;Nationale-Nederlanden;NN DFE Nasze Jutro 2045;2045;Akcje;Grupa Pracuj S.A.;128480000;879984,0182
4Q25;31.12.2025;Nationale-Nederlanden;NN DFE Nasze Jutro 2045;2045;Akcje;ING Bank Śląski S.A.;44429150000;39378,85458
4Q25;31.12.2025;Nationale-Nederlanden;NN DFE Nasze Jutro 2045;2045;Akcje;KGHM Polska Miedź S.A.;56160000000;59851,56068
4Q25;31.12.2025;Nationale-Nederlanden;NN DFE Nasze Jutro 2045;2045;Akcje;Kruk S.A.;9619468803;13957,44707
4Q25;31.12.2025;Nationale-Nederlanden;NN DFE Nasze Jutro 2045;2045;Akcje;LPP S.A.;31337570900;1471,185875
4Q25;31.12.2025;Nationale-Nederlanden;NN DFE Nasze Jutro 2045;2045;Akcje;mBank S.A.;45141180222;11740,5914
4Q25;31.12.2025;Nationale-Nederlanden;NN DFE Nasze Jutro 2045;2045;Akcje;Mirbud S.A.;1631578260;98929,68758
4Q25;31.12.2025;Nationale-Nederlanden;NN DFE Nasze Jutro 2045;2045;Akcje;Orange Polska S.A.;13372922711;552074,1335
4Q25;31.12.2025;Nationale-Nederlanden;NN DFE Nasze Jutro 2045;2045;Akcje;Orlen S.A.;1,11578E+11;172307,7124
4Q25;31.12.2025;Nationale-Nederlanden;NN DFE Nasze Jutro 2045;2045;Akcje;Pepco Group N.V.;17323558050;47440,764
4Q25;31.12.2025;Nationale-Nederlanden;NN DFE Nasze Jutro 2045;2045;Akcje;PGE Polska Grupa Energetyczna S.A.;19753649199;401141,1029
4Q25;31.12.2025;Nationale-Nederlanden;NN DFE Nasze Jutro 2045;2045;Akcje;PKO Bank Polski S.A.;1,0645E+11;343747,4711
4Q25;31.12.2025;Nationale-Nederlanden;NN DFE Nasze Jutro 2045;2045;Akcje;PKP Cargo S.A.;594770257,8;124596,6566
4Q25;31.12.2025;Nationale-Nederlanden;NN DFE Nasze Jutro 2045;2045;Akcje;Powszechny Zakład Ubezpieczeń S.A.;57631525020;347629,9537
4Q25;31.12.2025;Nationale-Nederlanden;NN DFE Nasze Jutro 2045;2045;Akcje;Rainbow Tours S.A.;1997268800;24820,8959
4Q25;31.12.2025;Nationale-Nederlanden;NN DFE Nasze Jutro 2045;2045;Akcje;Render Cube S.A.;88736560;9614,423301
4Q25;31.12.2025;Nationale-Nederlanden;NN DFE Nasze Jutro 2045;2045;Akcje;Santander Bank Polska S.A.;55734051856;28478,98504
4Q25;31.12.2025;Nationale-Nederlanden;NN DFE Nasze Jutro 2045;2045;Akcje;Selvita S.A.;642534076,8;573,3201389
4Q25;31.12.2025;Nationale-Nederlanden;NN DFE Nasze Jutro 2045;2045;Akcje;Shoper S.A.;1513639328;91642,75186
4Q25;31.12.2025;Nationale-Nederlanden;NN DFE Nasze Jutro 2045;2045;Akcje;Synektik S.A.;2410331855;21534,95931
4Q25;31.12.2025;Nationale-Nederlanden;NN DFE Nasze Jutro 2045;2045;Akcje;Torpol S.A.;1339151000;78719,16998
4Q25;31.12.2025;Nationale-Nederlanden;NN DFE Nasze Jutro 2045;2045;Akcje;UniCredit S.p.A.;4,67691E+11;11707,55817
4Q25;31.12.2025;Nationale-Nederlanden;NN DFE Nasze Jutro 2045;2045;Akcje;Vercom S.A.;2875757779;8530,303864
4Q25;31.12.2025;Nationale-Nederlanden;NN DFE Nasze Jutro 2045;2045;Akcje;XTB S.A.;8443823607;142629,8326
4Q25;31.12.2025;Nationale-Nederlanden;NN DFE Nasze Jutro 2045;2045;Akcje;Zabka Group SA;22968118455;332492,6437
4Q25;31.12.2025;Nationale-Nederlanden;NN DFE Nasze Jutro 2045;2045;Akcje;Advanced Micro Devices Inc.;1,25537E+12;3532,178565
4Q25;31.12.2025;Nationale-Nederlanden;NN DFE Nasze Jutro 2045;2045;Akcje;Agnico Eagle Mines Ltd;3,05361E+11;3453,575053
4Q25;31.12.2025;Nationale-Nederlanden;NN DFE Nasze Jutro 2045;2045;Akcje;Allianz SE;6,27305E+11;1636,527378
4Q25;31.12.2025;Nationale-Nederlanden;NN DFE Nasze Jutro 2045;2045;Akcje;Alphabet Inc.;6,55166E+12;9468,659918
4Q25;31.12.2025;Nationale-Nederlanden;NN DFE Nasze Jutro 2045;2045;Akcje;Amazon.com Inc.;8,90856E+12;5141,994487
4Q25;31.12.2025;Nationale-Nederlanden;NN DFE Nasze Jutro 2045;2045;Akcje;Apple Inc.;1,43496E+13;327,5729887
4Q25;31.12.2025;Nationale-Nederlanden;NN DFE Nasze Jutro 2045;2045;Akcje;Applied Materials Inc.;7,33364E+11;127,2225423
4Q25;31.12.2025;Nationale-Nederlanden;NN DFE Nasze Jutro 2045;2045;Akcje;ASML Holding N.V.;1,50904E+12;1399,402339
4Q25;31.12.2025;Nationale-Nederlanden;NN DFE Nasze Jutro 2045;2045;Akcje;Banco Bilbao Vizcaya Argentaria S.A.;4,82978E+11;26107,02455
4Q25;31.12.2025;Nationale-Nederlanden;NN DFE Nasze Jutro 2045;2045;Akcje;Banco Comercial Portugues S.A.;55983190789;703064,944
4Q25;31.12.2025;Nationale-Nederlanden;NN DFE Nasze Jutro 2045;2045;Akcje;Bank of America Corp.;1,44401E+12;7463,054543
4Q25;31.12.2025;Nationale-Nederlanden;NN DFE Nasze Jutro 2045;2045;Akcje;Berkshire Hathaway Inc.;1,41931E+12;0,691787791
4Q25;31.12.2025;Nationale-Nederlanden;NN DFE Nasze Jutro 2045;2045;Akcje;BNP Paribas SA;3,75523E+11;336,577795
4Q25;31.12.2025;Nationale-Nederlanden;NN DFE Nasze Jutro 2045;2045;Akcje;Broadcom Inc.;5,89973E+12;5462,555222
4Q25;31.12.2025;Nationale-Nederlanden;NN DFE Nasze Jutro 2045;2045;Akcje;CaixaBank SA;3,09585E+11;120930,0096
4Q25;31.12.2025;Nationale-Nederlanden;NN DFE Nasze Jutro 2045;2045;Akcje;Caterpillar Inc.;9,58324E+11;1190,081719
4Q25;31.12.2025;Nationale-Nederlanden;NN DFE Nasze Jutro 2045;2045;Akcje;Coca-Cola Company;1,0812E+12;875,5315148
4Q25;31.12.2025;Nationale-Nederlanden;NN DFE Nasze Jutro 2045;2045;Akcje;CrowdStrike Holdings Inc.;4,2487E+11;2289,003979
4Q25;31.12.2025;Nationale-Nederlanden;NN DFE Nasze Jutro 2045;2045;Akcje;Deutsche Post AG;2,26929E+11;122,113968
4Q25;31.12.2025;Nationale-Nederlanden;NN DFE Nasze Jutro 2045;2045;Akcje;Erste Group Bank AG;1,78377E+11;3335,112662
4Q25;31.12.2025;Nationale-Nederlanden;NN DFE Nasze Jutro 2045;2045;Akcje;GE Vernova Inc.;6,33335E+11;605,0583826
4Q25;31.12.2025;Nationale-Nederlanden;NN DFE Nasze Jutro 2045;2045;Akcje;General Electric Co.;1,16152E+12;2422,237031
4Q25;31.12.2025;Nationale-Nederlanden;NN DFE Nasze Jutro 2045;2045;Akcje;Grenergy Renovables S.A.;10382849024;12818,06054
4Q25;31.12.2025;Nationale-Nederlanden;NN DFE Nasze Jutro 2045;2045;Akcje;ING Groep N.V.;2,95857E+11;10492,01146
4Q25;31.12.2025;Nationale-Nederlanden;NN DFE Nasze Jutro 2045;2045;Akcje;InPost S.A.;22088789759;44308,06331
4Q25;31.12.2025;Nationale-Nederlanden;NN DFE Nasze Jutro 2045;2045;Akcje;Intel Corp.;6,6267E+11;780,3650158
4Q25;31.12.2025;Nationale-Nederlanden;NN DFE Nasze Jutro 2045;2045;Akcje;JP Morgan Chase & Co.;3,12445E+12;3163,533734
4Q25;31.12.2025;Nationale-Nederlanden;NN DFE Nasze Jutro 2045;2045;Akcje;Linde Plc;7,15833E+11;201,3522092
4Q25;31.12.2025;Nationale-Nederlanden;NN DFE Nasze Jutro 2045;2045;Akcje;Lundin Mining Corp.;66041411732;87076,11429
4Q25;31.12.2025;Nationale-Nederlanden;NN DFE Nasze Jutro 2045;2045;Akcje;LVMH S.A.;1,35448E+12;588,0094315
4Q25;31.12.2025;Nationale-Nederlanden;NN DFE Nasze Jutro 2045;2045;Akcje;Mercadolibre Inc.;3,67142E+11;80,14018367
4Q25;31.12.2025;Nationale-Nederlanden;NN DFE Nasze Jutro 2045;2045;Akcje;Meta Platforms Inc.;5,19066E+12;232,4065293
4Q25;31.12.2025;Nationale-Nederlanden;NN DFE Nasze Jutro 2045;2045;Akcje;Micron Technology Inc.;1,15492E+12;5880,285928
4Q25;31.12.2025;Nationale-Nederlanden;NN DFE Nasze Jutro 2045;2045;Akcje;Microsoft Corp.;1,29114E+13;3187,575785
4Q25;31.12.2025;Nationale-Nederlanden;NN DFE Nasze Jutro 2045;2045;Akcje;Münchener Rück AG;3,10156E+11;97,0906144
4Q25;31.12.2025;Nationale-Nederlanden;NN DFE Nasze Jutro 2045;2045;Akcje;Nektar Therapeutics;4148400852;32037,03992
4Q25;31.12.2025;Nationale-Nederlanden;NN DFE Nasze Jutro 2045;2045;Akcje;Nvidia Corp.;1,62937E+13;13497,61032
4Q25;31.12.2025;Nationale-Nederlanden;NN DFE Nasze Jutro 2045;2045;Akcje;Oracle Corp.;2,01337E+12;4207,359615
4Q25;31.12.2025;Nationale-Nederlanden;NN DFE Nasze Jutro 2045;2045;Akcje;PepsiCo Inc.;7,05187E+11;58,10162366
4Q25;31.12.2025;Nationale-Nederlanden;NN DFE Nasze Jutro 2045;2045;Akcje;Procter & Gamble Co;1,19742E+12;730,2774356
4Q25;31.12.2025;Nationale-Nederlanden;NN DFE Nasze Jutro 2045;2045;Akcje;Rheinmetall AG;3,03236E+11;351,327897
4Q25;31.12.2025;Nationale-Nederlanden;NN DFE Nasze Jutro 2045;2045;Akcje;RTX Corp.;8,85075E+11;3869,769074
4Q25;31.12.2025;Nationale-Nederlanden;NN DFE Nasze Jutro 2045;2045;Akcje;SAP SE;1,08085E+12;1047,978079
4Q25;31.12.2025;Nationale-Nederlanden;NN DFE Nasze Jutro 2045;2045;Akcje;Schneider Electric SE;5,72013E+11;2434,178736
4Q25;31.12.2025;Nationale-Nederlanden;NN DFE Nasze Jutro 2045;2045;Akcje;Siemens Energy AG;4,37803E+11;4511,210329
4Q25;31.12.2025;Nationale-Nederlanden;NN DFE Nasze Jutro 2045;2045;Akcje;Snowflake Inc.;2,69881E+11;5563,732213
4Q25;31.12.2025;Nationale-Nederlanden;NN DFE Nasze Jutro 2045;2045;Akcje;Vertiv Holdings Co.;2,22854E+11;5225,139921
4Q25;31.12.2025;Nationale-Nederlanden;NN DFE Nasze Jutro 2045;2045;Akcje;Visa Inc.;2,1197E+12;1003,755792
4Q25;31.12.2025;Nationale-Nederlanden;NN DFE Nasze Jutro 2045;2045;Akcje;Walmart Inc.;3,19247E+12;1195,090486
4Q25;31.12.2025;Nationale-Nederlanden;NN DFE Nasze Jutro 2045;2045;Akcje;Waste Management Inc.;3,18604E+11;1142,999362
4Q25;31.12.2025;Nationale-Nederlanden;NN DFE Nasze Jutro 2045;2045;Akcje;Wells Fargo & Co;1,05185E+12;9722,005924
4Q25;31.12.2025;Nationale-Nederlanden;NN DFE Nasze Jutro 2045;2045;Akcje;Western Digital Corp.;2,09987E+11;6139,739777
4Q25;31.12.2025;Nationale-Nederlanden;NN DFE Nasze Jutro 2045;2045;Akcje;Wheaton Precious Metals Corp.;1,9197E+11;5183,335053
4Q25;31.12.2025;Nationale-Nederlanden;NN DFE Nasze Jutro 2045;2045;Obligacje korporacyjne;Alior Bank S.A.;;
4Q25;31.12.2025;Nationale-Nederlanden;NN DFE Nasze Jutro 2045;2045;Obligacje korporacyjne;Archicom S.A.;;
4Q25;31.12.2025;Nationale-Nederlanden;NN DFE Nasze Jutro 2045;2045;Obligacje korporacyjne;Bank Pekao S.A.;;
4Q25;31.12.2025;Nationale-Nederlanden;NN DFE Nasze Jutro 2045;2045;Obligacje korporacyjne;Bank Pekao S.A.;;
4Q25;31.12.2025;Nationale-Nederlanden;NN DFE Nasze Jutro 2045;2045;Obligacje korporacyjne;Benefit Systems S.A.;;
4Q25;31.12.2025;Nationale-Nederlanden;NN DFE Nasze Jutro 2045;2045;Obligacje korporacyjne;Cyfrowy Polsat S.A.;;
4Q25;31.12.2025;Nationale-Nederlanden;NN DFE Nasze Jutro 2045;2045;Obligacje korporacyjne;Develia S.A.;;
4Q25;31.12.2025;Nationale-Nederlanden;NN DFE Nasze Jutro 2045;2045;Obligacje korporacyjne;Develia S.A.;;
4Q25;31.12.2025;Nationale-Nederlanden;NN DFE Nasze Jutro 2045;2045;Obligacje korporacyjne;Develia S.A.;;
4Q25;31.12.2025;Nationale-Nederlanden;NN DFE Nasze Jutro 2045;2045;Obligacje korporacyjne;Develia S.A.;;
4Q25;31.12.2025;Nationale-Nederlanden;NN DFE Nasze Jutro 2045;2045;Obligacje korporacyjne;Echo Investment S.A.;;
4Q25;31.12.2025;Nationale-Nederlanden;NN DFE Nasze Jutro 2045;2045;Obligacje korporacyjne;Echo Investment S.A.;;
4Q25;31.12.2025;Nationale-Nederlanden;NN DFE Nasze Jutro 2045;2045;Obligacje korporacyjne;Kruk S.A.;;
4Q25;31.12.2025;Nationale-Nederlanden;NN DFE Nasze Jutro 2045;2045;Obligacje korporacyjne;Kruk S.A.;;
4Q25;31.12.2025;Nationale-Nederlanden;NN DFE Nasze Jutro 2045;2045;Obligacje korporacyjne;Kruk S.A.;;
4Q25;31.12.2025;Nationale-Nederlanden;NN DFE Nasze Jutro 2045;2045;Obligacje korporacyjne;Murapol S.A.;;
4Q25;31.12.2025;Nationale-Nederlanden;NN DFE Nasze Jutro 2045;2045;Obligacje korporacyjne;PKO Bank Polski S.A. - OSNP0229;;
4Q25;31.12.2025;Nationale-Nederlanden;NN DFE Nasze Jutro 2045;2045;Obligacje korporacyjne;Santander Bank Polska S.A.;;
4Q25;31.12.2025;Nationale-Nederlanden;NN DFE Nasze Jutro 2045;2045;Obligacje korporacyjne;Santander Bank Polska S.A.;;
4Q25;31.12.2025;Nationale-Nederlanden;NN DFE Nasze Jutro 2045;2045;Inne;P4 Sp. z o.o.;;
4Q25;31.12.2025;Nationale-Nederlanden;NN DFE Nasze Jutro 2045;2045;Inne;Abivax SA - ABVX;;
4Q25;31.12.2025;Nationale-Nederlanden;NN DFE Nasze Jutro 2045;2045;Inne;Rachunek podstawowy;;
4Q25;31.12.2025;Nationale-Nederlanden;NN DFE Nasze Jutro 2045;2045;Inne;Rachunek przeliczeniowy;;
4Q25;31.12.2025;Nationale-Nederlanden;NN DFE Nasze Jutro 2055;2055;Obligacje skarbowe/gwarantowane;MINISTERSTWO FINANSÓW;;
4Q25;31.12.2025;Nationale-Nederlanden;NN DFE Nasze Jutro 2055;2055;Obligacje skarbowe/gwarantowane;MINISTERSTWO FINANSÓW;;
4Q25;31.12.2025;Nationale-Nederlanden;NN DFE Nasze Jutro 2055;2055;Obligacje skarbowe/gwarantowane;MINISTERSTWO FINANSÓW;;
4Q25;31.12.2025;Nationale-Nederlanden;NN DFE Nasze Jutro 2055;2055;Obligacje skarbowe/gwarantowane;MINISTERSTWO FINANSÓW;;
4Q25;31.12.2025;Nationale-Nederlanden;NN DFE Nasze Jutro 2055;2055;Obligacje skarbowe/gwarantowane;MINISTERSTWO FINANSÓW;;
4Q25;31.12.2025;Nationale-Nederlanden;NN DFE Nasze Jutro 2055;2055;Obligacje skarbowe/gwarantowane;MINISTERSTWO FINANSÓW;;
4Q25;31.12.2025;Nationale-Nederlanden;NN DFE Nasze Jutro 2055;2055;Obligacje skarbowe/gwarantowane;MINISTERSTWO FINANSÓW;;
4Q25;31.12.2025;Nationale-Nederlanden;NN DFE Nasze Jutro 2055;2055;Obligacje skarbowe/gwarantowane;MINISTERSTWO FINANSÓW;;
4Q25;31.12.2025;Nationale-Nederlanden;NN DFE Nasze Jutro 2055;2055;Obligacje skarbowe/gwarantowane;MINISTERSTWO FINANSÓW;;
4Q25;31.12.2025;Nationale-Nederlanden;NN DFE Nasze Jutro 2055;2055;Obligacje skarbowe/gwarantowane;MINISTERSTWO FINANSÓW;;
4Q25;31.12.2025;Nationale-Nederlanden;NN DFE Nasze Jutro 2055;2055;Obligacje skarbowe/gwarantowane;MINISTERSTWO FINANSÓW;;
4Q25;31.12.2025;Nationale-Nederlanden;NN DFE Nasze Jutro 2055;2055;Obligacje skarbowe/gwarantowane;MINISTERSTWO FINANSÓW;;
4Q25;31.12.2025;Nationale-Nederlanden;NN DFE Nasze Jutro 2055;2055;Obligacje skarbowe/gwarantowane;MINISTERSTWO FINANSÓW;;
4Q25;31.12.2025;Nationale-Nederlanden;NN DFE Nasze Jutro 2055;2055;Obligacje skarbowe/gwarantowane;MINISTERSTWO FINANSÓW;;
4Q25;31.12.2025;Nationale-Nederlanden;NN DFE Nasze Jutro 2055;2055;Obligacje skarbowe/gwarantowane;MINISTERSTWO FINANSÓW;;
4Q25;31.12.2025;Nationale-Nederlanden;NN DFE Nasze Jutro 2055;2055;Obligacje skarbowe/gwarantowane;MINISTERSTWO FINANSÓW;;
4Q25;31.12.2025;Nationale-Nederlanden;NN DFE Nasze Jutro 2055;2055;Obligacje skarbowe/gwarantowane;Bank Gospodarstwa Krajowego;;
4Q25;31.12.2025;Nationale-Nederlanden;NN DFE Nasze Jutro 2055;2055;Obligacje skarbowe/gwarantowane;Bank Gospodarstwa Krajowego;;
4Q25;31.12.2025;Nationale-Nederlanden;NN DFE Nasze Jutro 2055;2055;Obligacje skarbowe/gwarantowane;Bank Gospodarstwa Krajowego;;
4Q25;31.12.2025;Nationale-Nederlanden;NN DFE Nasze Jutro 2055;2055;Obligacje skarbowe/gwarantowane;Bank Gospodarstwa Krajowego;;
4Q25;31.12.2025;Nationale-Nederlanden;NN DFE Nasze Jutro 2055;2055;Depozyt/Gotówka;Bank Handlowy w Warszawie S.A.;;
4Q25;31.12.2025;Nationale-Nederlanden;NN DFE Nasze Jutro 2055;2055;Depozyt/Gotówka;Bank Handlowy w Warszawie S.A.;;
4Q25;31.12.2025;Nationale-Nederlanden;NN DFE Nasze Jutro 2055;2055;Depozyt/Gotówka;Bank Handlowy w Warszawie S.A.;;
4Q25;31.12.2025;Nationale-Nederlanden;NN DFE Nasze Jutro 2055;2055;Akcje;Alior Bank S.A.;14419688306;80923,15265
4Q25;31.12.2025;Nationale-Nederlanden;NN DFE Nasze Jutro 2055;2055;Akcje;Allegro.eu S.A.;32785188540;262647,9545
4Q25;31.12.2025;Nationale-Nederlanden;NN DFE Nasze Jutro 2055;2055;Akcje;Asseco Poland S.A.;18957269205;33678,58406
4Q25;31.12.2025;Nationale-Nederlanden;NN DFE Nasze Jutro 2055;2055;Akcje;Banco Santander S.A.;6,24146E+11;53592,62644
4Q25;31.12.2025;Nationale-Nederlanden;NN DFE Nasze Jutro 2055;2055;Akcje;Bank Millennium S.A.;20173107594;323826,8455
4Q25;31.12.2025;Nationale-Nederlanden;NN DFE Nasze Jutro 2055;2055;Akcje;Bank Pekao S.A.;53832603973;66165,88557
4Q25;31.12.2025;Nationale-Nederlanden;NN DFE Nasze Jutro 2055;2055;Akcje;Benefit Systems S.A.;11586657420;3027,1
4Q25;31.12.2025;Nationale-Nederlanden;NN DFE Nasze Jutro 2055;2055;Akcje;BNP Paribas Bank Polska S.A.;#VALUE!;#VALUE!
4Q25;31.12.2025;Nationale-Nederlanden;NN DFE Nasze Jutro 2055;2055;Akcje;Budimex S.A.;16283096504;5817,945782
4Q25;31.12.2025;Nationale-Nederlanden;NN DFE Nasze Jutro 2055;2055;Akcje;CCC S.A.;8428916922;10149,88955
4Q25;31.12.2025;Nationale-Nederlanden;NN DFE Nasze Jutro 2055;2055;Akcje;CD Projekt S.A.;24078432910;35938,60178
4Q25;31.12.2025;Nationale-Nederlanden;NN DFE Nasze Jutro 2055;2055;Akcje;Compremum S.A.;52010652,04;269528,5259
4Q25;31.12.2025;Nationale-Nederlanden;NN DFE Nasze Jutro 2055;2055;Akcje;Cyber_Folks S.A.;3154766400;20093,40447
4Q25;31.12.2025;Nationale-Nederlanden;NN DFE Nasze Jutro 2055;2055;Akcje;DataWalk S.A.;583338562,8;31920,19379
4Q25;31.12.2025;Nationale-Nederlanden;NN DFE Nasze Jutro 2055;2055;Akcje;Diagnostyka S.A.;3048169563;16829,84234
4Q25;31.12.2025;Nationale-Nederlanden;NN DFE Nasze Jutro 2055;2055;Akcje;Dino Polska S.A.;40539540000;211602,0585
4Q25;31.12.2025;Nationale-Nederlanden;NN DFE Nasze Jutro 2055;2055;Akcje;Grupa Kęty S.A.;8989870428;6067,997668
4Q25;31.12.2025;Nationale-Nederlanden;NN DFE Nasze Jutro 2055;2055;Akcje;Grupa Pracuj S.A.;128480000;513003,5909
4Q25;31.12.2025;Nationale-Nederlanden;NN DFE Nasze Jutro 2055;2055;Akcje;ING Bank Śląski S.A.;44429150000;22707,17347
4Q25;31.12.2025;Nationale-Nederlanden;NN DFE Nasze Jutro 2055;2055;Akcje;KGHM Polska Miedź S.A.;56160000000;34524,28105
4Q25;31.12.2025;Nationale-Nederlanden;NN DFE Nasze Jutro 2055;2055;Akcje;Kruk S.A.;9619468803;8051,139676
4Q25;31.12.2025;Nationale-Nederlanden;NN DFE Nasze Jutro 2055;2055;Akcje;LPP S.A.;31337570900;856,198283
4Q25;31.12.2025;Nationale-Nederlanden;NN DFE Nasze Jutro 2055;2055;Akcje;mBank S.A.;45141180222;6858,692501
4Q25;31.12.2025;Nationale-Nederlanden;NN DFE Nasze Jutro 2055;2055;Akcje;Mirbud S.A.;1631578260;56002,39811
4Q25;31.12.2025;Nationale-Nederlanden;NN DFE Nasze Jutro 2055;2055;Akcje;Orange Polska S.A.;13372922711;321909,8263
4Q25;31.12.2025;Nationale-Nederlanden;NN DFE Nasze Jutro 2055;2055;Akcje;Orlen S.A.;1,11578E+11;100581,6933
4Q25;31.12.2025;Nationale-Nederlanden;NN DFE Nasze Jutro 2055;2055;Akcje;Pepco Group N.V.;17323558050;27662,52167
4Q25;31.12.2025;Nationale-Nederlanden;NN DFE Nasze Jutro 2055;2055;Akcje;PGE Polska Grupa Energetyczna S.A.;19753649199;233684,0118
4Q25;31.12.2025;Nationale-Nederlanden;NN DFE Nasze Jutro 2055;2055;Akcje;PKO Bank Polski S.A.;1,0645E+11;200779,0961
4Q25;31.12.2025;Nationale-Nederlanden;NN DFE Nasze Jutro 2055;2055;Akcje;PKP Cargo S.A.;594770257,8;71316,17922
4Q25;31.12.2025;Nationale-Nederlanden;NN DFE Nasze Jutro 2055;2055;Akcje;Powszechny Zakład Ubezpieczeń S.A.;57631525020;202511,3911
4Q25;31.12.2025;Nationale-Nederlanden;NN DFE Nasze Jutro 2055;2055;Akcje;Rainbow Tours S.A.;1997268800;14317,37312
4Q25;31.12.2025;Nationale-Nederlanden;NN DFE Nasze Jutro 2055;2055;Akcje;Render Cube S.A.;88736560;4991,015413
4Q25;31.12.2025;Nationale-Nederlanden;NN DFE Nasze Jutro 2055;2055;Akcje;Santander Bank Polska S.A.;55734051856;16422,21766
4Q25;31.12.2025;Nationale-Nederlanden;NN DFE Nasze Jutro 2055;2055;Akcje;Selvita S.A.;642534076,8;330,7615741
4Q25;31.12.2025;Nationale-Nederlanden;NN DFE Nasze Jutro 2055;2055;Akcje;Shoper S.A.;1513639328;52862,72732
4Q25;31.12.2025;Nationale-Nederlanden;NN DFE Nasze Jutro 2055;2055;Akcje;Synektik S.A.;2410331855;12421,91854
4Q25;31.12.2025;Nationale-Nederlanden;NN DFE Nasze Jutro 2055;2055;Akcje;Torpol S.A.;1339151000;45999,653
4Q25;31.12.2025;Nationale-Nederlanden;NN DFE Nasze Jutro 2055;2055;Akcje;UniCredit S.p.A.;4,67691E+11;6736,416583
4Q25;31.12.2025;Nationale-Nederlanden;NN DFE Nasze Jutro 2055;2055;Akcje;Vercom S.A.;2875757779;4979,634003
4Q25;31.12.2025;Nationale-Nederlanden;NN DFE Nasze Jutro 2055;2055;Akcje;XTB S.A.;8443823607;83258,11821
4Q25;31.12.2025;Nationale-Nederlanden;NN DFE Nasze Jutro 2055;2055;Akcje;Zabka Group SA;22968118455;192495,4786
4Q25;31.12.2025;Nationale-Nederlanden;NN DFE Nasze Jutro 2055;2055;Akcje;Advanced Micro Devices Inc.;1,25537E+12;2059,602708
4Q25;31.12.2025;Nationale-Nederlanden;NN DFE Nasze Jutro 2055;2055;Akcje;Agnico Eagle Mines Ltd;3,05361E+11;2009,974621
4Q25;31.12.2025;Nationale-Nederlanden;NN DFE Nasze Jutro 2055;2055;Akcje;Allianz SE;6,27305E+11;943,880936
4Q25;31.12.2025;Nationale-Nederlanden;NN DFE Nasze Jutro 2055;2055;Akcje;Alphabet Inc.;6,55166E+12;5446,387638
4Q25;31.12.2025;Nationale-Nederlanden;NN DFE Nasze Jutro 2055;2055;Akcje;Amazon.com Inc.;8,90856E+12;2965,186779
4Q25;31.12.2025;Nationale-Nederlanden;NN DFE Nasze Jutro 2055;2055;Akcje;Apple Inc.;1,43496E+13;175,3066495
4Q25;31.12.2025;Nationale-Nederlanden;NN DFE Nasze Jutro 2055;2055;Akcje;Applied Materials Inc.;7,33364E+11;74,12966538
4Q25;31.12.2025;Nationale-Nederlanden;NN DFE Nasze Jutro 2055;2055;Akcje;ASML Holding N.V.;1,50904E+12;807,3860335
4Q25;31.12.2025;Nationale-Nederlanden;NN DFE Nasze Jutro 2055;2055;Akcje;Banco Bilbao Vizcaya Argentaria S.A.;4,82978E+11;15208,82144
4Q25;31.12.2025;Nationale-Nederlanden;NN DFE Nasze Jutro 2055;2055;Akcje;Banco Comercial Portugues S.A.;55983190789;409569,1005
4Q25;31.12.2025;Nationale-Nederlanden;NN DFE Nasze Jutro 2055;2055;Akcje;Bank of America Corp.;1,44401E+12;4347,604929
4Q25;31.12.2025;Nationale-Nederlanden;NN DFE Nasze Jutro 2055;2055;Akcje;Berkshire Hathaway Inc.;1,41931E+12;0,391590591
4Q25;31.12.2025;Nationale-Nederlanden;NN DFE Nasze Jutro 2055;2055;Akcje;BNP Paribas SA;3,75523E+11;212,3645643
4Q25;31.12.2025;Nationale-Nederlanden;NN DFE Nasze Jutro 2055;2055;Akcje;Broadcom Inc.;5,89973E+12;3182,567014
4Q25;31.12.2025;Nationale-Nederlanden;NN DFE Nasze Jutro 2055;2055;Akcje;CaixaBank SA;3,09585E+11;70447,07454
4Q25;31.12.2025;Nationale-Nederlanden;NN DFE Nasze Jutro 2055;2055;Akcje;Caterpillar Inc.;9,58324E+11;693,2125852
4Q25;31.12.2025;Nationale-Nederlanden;NN DFE Nasze Jutro 2055;2055;Akcje;Coca-Cola Company;1,0812E+12;495,8673477
4Q25;31.12.2025;Nationale-Nederlanden;NN DFE Nasze Jutro 2055;2055;Akcje;CrowdStrike Holdings Inc.;4,2487E+11;1318,306006
4Q25;31.12.2025;Nationale-Nederlanden;NN DFE Nasze Jutro 2055;2055;Akcje;Deutsche Post AG;2,26929E+11;62,05792483
4Q25;31.12.2025;Nationale-Nederlanden;NN DFE Nasze Jutro 2055;2055;Akcje;Erste Group Bank AG;1,78377E+11;1916,788952
4Q25;31.12.2025;Nationale-Nederlanden;NN DFE Nasze Jutro 2055;2055;Akcje;GE Vernova Inc.;6,33335E+11;352,6168033
4Q25;31.12.2025;Nationale-Nederlanden;NN DFE Nasze Jutro 2055;2055;Akcje;General Electric Co.;1,16152E+12;1410,467217
4Q25;31.12.2025;Nationale-Nederlanden;NN DFE Nasze Jutro 2055;2055;Akcje;Grenergy Renovables S.A.;10382849024;7394,034913
4Q25;31.12.2025;Nationale-Nederlanden;NN DFE Nasze Jutro 2055;2055;Akcje;ING Groep N.V.;2,95857E+11;6031,353882
4Q25;31.12.2025;Nationale-Nederlanden;NN DFE Nasze Jutro 2055;2055;Akcje;InPost S.A.;22088789759;25100,08928
4Q25;31.12.2025;Nationale-Nederlanden;NN DFE Nasze Jutro 2055;2055;Akcje;Intel Corp.;6,6267E+11;454,7955073
4Q25;31.12.2025;Nationale-Nederlanden;NN DFE Nasze Jutro 2055;2055;Akcje;JP Morgan Chase & Co.;3,12445E+12;1848,232968
4Q25;31.12.2025;Nationale-Nederlanden;NN DFE Nasze Jutro 2055;2055;Akcje;Linde Plc;7,15833E+11;117,2050188
4Q25;31.12.2025;Nationale-Nederlanden;NN DFE Nasze Jutro 2055;2055;Akcje;Lundin Mining Corp.;66041411732;51209,25792
4Q25;31.12.2025;Nationale-Nederlanden;NN DFE Nasze Jutro 2055;2055;Akcje;LVMH S.A.;1,35448E+12;333,5726399
4Q25;31.12.2025;Nationale-Nederlanden;NN DFE Nasze Jutro 2055;2055;Akcje;Mercadolibre Inc.;3,67142E+11;44,07710095
4Q25;31.12.2025;Nationale-Nederlanden;NN DFE Nasze Jutro 2055;2055;Akcje;Meta Platforms Inc.;5,19066E+12;136,2383113
4Q25;31.12.2025;Nationale-Nederlanden;NN DFE Nasze Jutro 2055;2055;Akcje;Micron Technology Inc.;1,15492E+12;3425,992821
4Q25;31.12.2025;Nationale-Nederlanden;NN DFE Nasze Jutro 2055;2055;Akcje;Microsoft Corp.;1,29114E+13;1838,215449
4Q25;31.12.2025;Nationale-Nederlanden;NN DFE Nasze Jutro 2055;2055;Akcje;Münchener Rück AG;3,10156E+11;57,05324716
4Q25;31.12.2025;Nationale-Nederlanden;NN DFE Nasze Jutro 2055;2055;Akcje;Nektar Therapeutics;4148400852;18444,26318
4Q25;31.12.2025;Nationale-Nederlanden;NN DFE Nasze Jutro 2055;2055;Akcje;Nvidia Corp.;1,62937E+13;7862,753749
4Q25;31.12.2025;Nationale-Nederlanden;NN DFE Nasze Jutro 2055;2055;Akcje;Oracle Corp.;2,01337E+12;2426,244045
4Q25;31.12.2025;Nationale-Nederlanden;NN DFE Nasze Jutro 2055;2055;Akcje;PepsiCo Inc.;7,05187E+11;33,05781802
4Q25;31.12.2025;Nationale-Nederlanden;NN DFE Nasze Jutro 2055;2055;Akcje;Procter & Gamble Co;1,19742E+12;412,7219387
4Q25;31.12.2025;Nationale-Nederlanden;NN DFE Nasze Jutro 2055;2055;Akcje;Rheinmetall AG;3,03236E+11;205,1915057
4Q25;31.12.2025;Nationale-Nederlanden;NN DFE Nasze Jutro 2055;2055;Akcje;RTX Corp.;8,85075E+11;2255,946157
4Q25;31.12.2025;Nationale-Nederlanden;NN DFE Nasze Jutro 2055;2055;Akcje;SAP SE;1,08085E+12;602,5623712
4Q25;31.12.2025;Nationale-Nederlanden;NN DFE Nasze Jutro 2055;2055;Akcje;Schneider Electric SE;5,72013E+11;1418,435017
4Q25;31.12.2025;Nationale-Nederlanden;NN DFE Nasze Jutro 2055;2055;Akcje;Siemens Energy AG;4,37803E+11;2628,453149
4Q25;31.12.2025;Nationale-Nederlanden;NN DFE Nasze Jutro 2055;2055;Akcje;Snowflake Inc.;2,69881E+11;3209,614341
4Q25;31.12.2025;Nationale-Nederlanden;NN DFE Nasze Jutro 2055;2055;Akcje;Vertiv Holdings Co.;2,22854E+11;3013,270882
4Q25;31.12.2025;Nationale-Nederlanden;NN DFE Nasze Jutro 2055;2055;Akcje;Visa Inc.;2,1197E+12;567,9935423
4Q25;31.12.2025;Nationale-Nederlanden;NN DFE Nasze Jutro 2055;2055;Akcje;Walmart Inc.;3,19247E+12;675,1810456
4Q25;31.12.2025;Nationale-Nederlanden;NN DFE Nasze Jutro 2055;2055;Akcje;Waste Management Inc.;3,18604E+11;645,1284693
4Q25;31.12.2025;Nationale-Nederlanden;NN DFE Nasze Jutro 2055;2055;Akcje;Wells Fargo & Co;1,05185E+12;5678,933715
4Q25;31.12.2025;Nationale-Nederlanden;NN DFE Nasze Jutro 2055;2055;Akcje;Western Digital Corp.;2,09987E+11;3541,194338
4Q25;31.12.2025;Nationale-Nederlanden;NN DFE Nasze Jutro 2055;2055;Akcje;Wheaton Precious Metals Corp.;1,9197E+11;2982,426704
4Q25;31.12.2025;Nationale-Nederlanden;NN DFE Nasze Jutro 2055;2055;Obligacje korporacyjne;Alior Bank S.A.;;
4Q25;31.12.2025;Nationale-Nederlanden;NN DFE Nasze Jutro 2055;2055;Obligacje korporacyjne;Archicom S.A.;;
4Q25;31.12.2025;Nationale-Nederlanden;NN DFE Nasze Jutro 2055;2055;Obligacje korporacyjne;Bank Pekao S.A.;;
4Q25;31.12.2025;Nationale-Nederlanden;NN DFE Nasze Jutro 2055;2055;Obligacje korporacyjne;Benefit Systems S.A.;;
4Q25;31.12.2025;Nationale-Nederlanden;NN DFE Nasze Jutro 2055;2055;Obligacje korporacyjne;Cyfrowy Polsat S.A.;;
4Q25;31.12.2025;Nationale-Nederlanden;NN DFE Nasze Jutro 2055;2055;Obligacje korporacyjne;Develia S.A.;;
4Q25;31.12.2025;Nationale-Nederlanden;NN DFE Nasze Jutro 2055;2055;Obligacje korporacyjne;Develia S.A.;;
4Q25;31.12.2025;Nationale-Nederlanden;NN DFE Nasze Jutro 2055;2055;Obligacje korporacyjne;Develia S.A.;;
4Q25;31.12.2025;Nationale-Nederlanden;NN DFE Nasze Jutro 2055;2055;Obligacje korporacyjne;Develia S.A.;;
4Q25;31.12.2025;Nationale-Nederlanden;NN DFE Nasze Jutro 2055;2055;Obligacje korporacyjne;Echo Investment S.A.;;
4Q25;31.12.2025;Nationale-Nederlanden;NN DFE Nasze Jutro 2055;2055;Obligacje korporacyjne;Echo Investment S.A.;;
4Q25;31.12.2025;Nationale-Nederlanden;NN DFE Nasze Jutro 2055;2055;Obligacje korporacyjne;Kruk S.A.;;
4Q25;31.12.2025;Nationale-Nederlanden;NN DFE Nasze Jutro 2055;2055;Obligacje korporacyjne;Kruk S.A.;;
4Q25;31.12.2025;Nationale-Nederlanden;NN DFE Nasze Jutro 2055;2055;Obligacje korporacyjne;Kruk S.A.;;
4Q25;31.12.2025;Nationale-Nederlanden;NN DFE Nasze Jutro 2055;2055;Obligacje korporacyjne;Murapol S.A.;;
4Q25;31.12.2025;Nationale-Nederlanden;NN DFE Nasze Jutro 2055;2055;Obligacje korporacyjne;PKO Bank Polski S.A. - OSNP0229;;
4Q25;31.12.2025;Nationale-Nederlanden;NN DFE Nasze Jutro 2055;2055;Obligacje korporacyjne;Santander Bank Polska S.A.;;
4Q25;31.12.2025;Nationale-Nederlanden;NN DFE Nasze Jutro 2055;2055;Obligacje korporacyjne;Santander Bank Polska S.A.;;
4Q25;31.12.2025;Nationale-Nederlanden;NN DFE Nasze Jutro 2055;2055;Obligacje korporacyjne;Santander Bank Polska S.A.;;
4Q25;31.12.2025;Nationale-Nederlanden;NN DFE Nasze Jutro 2055;2055;Inne;P4 Sp. z o.o.;;
4Q25;31.12.2025;Nationale-Nederlanden;NN DFE Nasze Jutro 2055;2055;Inne;Abivax SA - ABVX;;
4Q25;31.12.2025;Nationale-Nederlanden;NN DFE Nasze Jutro 2055;2055;Inne;Rachunek podstawowy;;
4Q25;31.12.2025;Nationale-Nederlanden;NN DFE Nasze Jutro 2055;2055;Inne;Rachunek przeliczeniowy;;
4Q25;31.12.2025;Nationale-Nederlanden;NN DFE Nasze Jutro 2060;2060;Obligacje skarbowe/gwarantowane;MINISTERSTWO FINANSÓW;;
4Q25;31.12.2025;Nationale-Nederlanden;NN DFE Nasze Jutro 2060;2060;Obligacje skarbowe/gwarantowane;MINISTERSTWO FINANSÓW;;
4Q25;31.12.2025;Nationale-Nederlanden;NN DFE Nasze Jutro 2060;2060;Obligacje skarbowe/gwarantowane;MINISTERSTWO FINANSÓW;;
4Q25;31.12.2025;Nationale-Nederlanden;NN DFE Nasze Jutro 2060;2060;Obligacje skarbowe/gwarantowane;MINISTERSTWO FINANSÓW;;
4Q25;31.12.2025;Nationale-Nederlanden;NN DFE Nasze Jutro 2060;2060;Obligacje skarbowe/gwarantowane;MINISTERSTWO FINANSÓW;;
4Q25;31.12.2025;Nationale-Nederlanden;NN DFE Nasze Jutro 2060;2060;Obligacje skarbowe/gwarantowane;MINISTERSTWO FINANSÓW;;
4Q25;31.12.2025;Nationale-Nederlanden;NN DFE Nasze Jutro 2060;2060;Obligacje skarbowe/gwarantowane;MINISTERSTWO FINANSÓW;;
4Q25;31.12.2025;Nationale-Nederlanden;NN DFE Nasze Jutro 2060;2060;Obligacje skarbowe/gwarantowane;MINISTERSTWO FINANSÓW;;
4Q25;31.12.2025;Nationale-Nederlanden;NN DFE Nasze Jutro 2060;2060;Obligacje skarbowe/gwarantowane;MINISTERSTWO FINANSÓW;;
4Q25;31.12.2025;Nationale-Nederlanden;NN DFE Nasze Jutro 2060;2060;Obligacje skarbowe/gwarantowane;MINISTERSTWO FINANSÓW;;
4Q25;31.12.2025;Nationale-Nederlanden;NN DFE Nasze Jutro 2060;2060;Obligacje skarbowe/gwarantowane;MINISTERSTWO FINANSÓW;;
4Q25;31.12.2025;Nationale-Nederlanden;NN DFE Nasze Jutro 2060;2060;Obligacje skarbowe/gwarantowane;MINISTERSTWO FINANSÓW;;
4Q25;31.12.2025;Nationale-Nederlanden;NN DFE Nasze Jutro 2060;2060;Obligacje skarbowe/gwarantowane;MINISTERSTWO FINANSÓW;;
4Q25;31.12.2025;Nationale-Nederlanden;NN DFE Nasze Jutro 2060;2060;Obligacje skarbowe/gwarantowane;MINISTERSTWO FINANSÓW;;
4Q25;31.12.2025;Nationale-Nederlanden;NN DFE Nasze Jutro 2060;2060;Obligacje skarbowe/gwarantowane;MINISTERSTWO FINANSÓW;;
4Q25;31.12.2025;Nationale-Nederlanden;NN DFE Nasze Jutro 2060;2060;Obligacje skarbowe/gwarantowane;MINISTERSTWO FINANSÓW;;
4Q25;31.12.2025;Nationale-Nederlanden;NN DFE Nasze Jutro 2060;2060;Obligacje skarbowe/gwarantowane;Bank Gospodarstwa Krajowego;;
4Q25;31.12.2025;Nationale-Nederlanden;NN DFE Nasze Jutro 2060;2060;Obligacje skarbowe/gwarantowane;Bank Gospodarstwa Krajowego;;
4Q25;31.12.2025;Nationale-Nederlanden;NN DFE Nasze Jutro 2060;2060;Obligacje skarbowe/gwarantowane;Bank Gospodarstwa Krajowego;;
4Q25;31.12.2025;Nationale-Nederlanden;NN DFE Nasze Jutro 2060;2060;Obligacje skarbowe/gwarantowane;Bank Gospodarstwa Krajowego;;
4Q25;31.12.2025;Nationale-Nederlanden;NN DFE Nasze Jutro 2060;2060;Depozyt/Gotówka;Bank Handlowy w Warszawie S.A.;;
4Q25;31.12.2025;Nationale-Nederlanden;NN DFE Nasze Jutro 2060;2060;Depozyt/Gotówka;Bank Handlowy w Warszawie S.A.;;
4Q25;31.12.2025;Nationale-Nederlanden;NN DFE Nasze Jutro 2060;2060;Depozyt/Gotówka;Bank Handlowy w Warszawie S.A.;;
4Q25;31.12.2025;Nationale-Nederlanden;NN DFE Nasze Jutro 2060;2060;Akcje;Alior Bank S.A.;14419688306;39583,31281
4Q25;31.12.2025;Nationale-Nederlanden;NN DFE Nasze Jutro 2060;2060;Akcje;Allegro.eu S.A.;32785188540;128693,6512
4Q25;31.12.2025;Nationale-Nederlanden;NN DFE Nasze Jutro 2060;2060;Akcje;Asseco Poland S.A.;18957269205;16571,98577
4Q25;31.12.2025;Nationale-Nederlanden;NN DFE Nasze Jutro 2060;2060;Akcje;Banco Santander S.A.;6,24146E+11;25866,32654
4Q25;31.12.2025;Nationale-Nederlanden;NN DFE Nasze Jutro 2060;2060;Akcje;Bank Millennium S.A.;20173107594;159374,0511
4Q25;31.12.2025;Nationale-Nederlanden;NN DFE Nasze Jutro 2060;2060;Akcje;Bank Pekao S.A.;53832603973;32558,37075
4Q25;31.12.2025;Nationale-Nederlanden;NN DFE Nasze Jutro 2060;2060;Akcje;Benefit Systems S.A.;11586657420;1489,572974
4Q25;31.12.2025;Nationale-Nederlanden;NN DFE Nasze Jutro 2060;2060;Akcje;BNP Paribas Bank Polska S.A.;#VALUE!;#VALUE!
4Q25;31.12.2025;Nationale-Nederlanden;NN DFE Nasze Jutro 2060;2060;Akcje;Budimex S.A.;16283096504;2862,44931
4Q25;31.12.2025;Nationale-Nederlanden;NN DFE Nasze Jutro 2060;2060;Akcje;CCC S.A.;8428916922;4980,217977
4Q25;31.12.2025;Nationale-Nederlanden;NN DFE Nasze Jutro 2060;2060;Akcje;CD Projekt S.A.;24078432910;17679,57054
4Q25;31.12.2025;Nationale-Nederlanden;NN DFE Nasze Jutro 2060;2060;Akcje;Compremum S.A.;52010652,04;116656,3707
4Q25;31.12.2025;Nationale-Nederlanden;NN DFE Nasze Jutro 2060;2060;Akcje;Cyber_Folks S.A.;3154766400;9823,995777
4Q25;31.12.2025;Nationale-Nederlanden;NN DFE Nasze Jutro 2060;2060;Akcje;DataWalk S.A.;583338562,8;14744,0516
4Q25;31.12.2025;Nationale-Nederlanden;NN DFE Nasze Jutro 2060;2060;Akcje;Diagnostyka S.A.;3048169563;8036,78924
4Q25;31.12.2025;Nationale-Nederlanden;NN DFE Nasze Jutro 2060;2060;Akcje;Dino Polska S.A.;40539540000;103591,4152
4Q25;31.12.2025;Nationale-Nederlanden;NN DFE Nasze Jutro 2060;2060;Akcje;Grupa Kęty S.A.;8989870428;2966,665999
4Q25;31.12.2025;Nationale-Nederlanden;NN DFE Nasze Jutro 2060;2060;Akcje;Grupa Pracuj S.A.;128480000;252016,0091
4Q25;31.12.2025;Nationale-Nederlanden;NN DFE Nasze Jutro 2060;2060;Akcje;ING Bank Śląski S.A.;44429150000;11038,88597
4Q25;31.12.2025;Nationale-Nederlanden;NN DFE Nasze Jutro 2060;2060;Akcje;KGHM Polska Miedź S.A.;56160000000;17470,82454
4Q25;31.12.2025;Nationale-Nederlanden;NN DFE Nasze Jutro 2060;2060;Akcje;Kruk S.A.;9619468803;3935,867761
4Q25;31.12.2025;Nationale-Nederlanden;NN DFE Nasze Jutro 2060;2060;Akcje;LPP S.A.;31337570900;420,6236074
4Q25;31.12.2025;Nationale-Nederlanden;NN DFE Nasze Jutro 2060;2060;Akcje;mBank S.A.;45141180222;3375,770523
4Q25;31.12.2025;Nationale-Nederlanden;NN DFE Nasze Jutro 2060;2060;Akcje;Mirbud S.A.;1631578260;26925,18489
4Q25;31.12.2025;Nationale-Nederlanden;NN DFE Nasze Jutro 2060;2060;Akcje;Orange Polska S.A.;13372922711;157971,4553
4Q25;31.12.2025;Nationale-Nederlanden;NN DFE Nasze Jutro 2060;2060;Akcje;Orlen S.A.;1,11578E+11;49466,0128
4Q25;31.12.2025;Nationale-Nederlanden;NN DFE Nasze Jutro 2060;2060;Akcje;Pepco Group N.V.;17323558050;13575,08933
4Q25;31.12.2025;Nationale-Nederlanden;NN DFE Nasze Jutro 2060;2060;Akcje;PGE Polska Grupa Energetyczna S.A.;19753649199;114502,3387
4Q25;31.12.2025;Nationale-Nederlanden;NN DFE Nasze Jutro 2060;2060;Akcje;PKO Bank Polski S.A.;1,0645E+11;98797,49706
4Q25;31.12.2025;Nationale-Nederlanden;NN DFE Nasze Jutro 2060;2060;Akcje;PKP Cargo S.A.;594770257,8;35063,73042
4Q25;31.12.2025;Nationale-Nederlanden;NN DFE Nasze Jutro 2060;2060;Akcje;Powszechny Zakład Ubezpieczeń S.A.;57631525020;99227,72835
4Q25;31.12.2025;Nationale-Nederlanden;NN DFE Nasze Jutro 2060;2060;Akcje;Rainbow Tours S.A.;1997268800;6999,361162
4Q25;31.12.2025;Nationale-Nederlanden;NN DFE Nasze Jutro 2060;2060;Akcje;Render Cube S.A.;88736560;2435,039927
4Q25;31.12.2025;Nationale-Nederlanden;NN DFE Nasze Jutro 2060;2060;Akcje;Santander Bank Polska S.A.;55734051856;8256,634397
4Q25;31.12.2025;Nationale-Nederlanden;NN DFE Nasze Jutro 2060;2060;Akcje;Selvita S.A.;642534076,8;152,3509259
4Q25;31.12.2025;Nationale-Nederlanden;NN DFE Nasze Jutro 2060;2060;Akcje;Shoper S.A.;1513639328;25844,2474
4Q25;31.12.2025;Nationale-Nederlanden;NN DFE Nasze Jutro 2060;2060;Akcje;Synektik S.A.;2410331855;6394,673673
4Q25;31.12.2025;Nationale-Nederlanden;NN DFE Nasze Jutro 2060;2060;Akcje;Torpol S.A.;1339151000;22634,63997
4Q25;31.12.2025;Nationale-Nederlanden;NN DFE Nasze Jutro 2060;2060;Akcje;UniCredit S.p.A.;4,67691E+11;3264,809325
4Q25;31.12.2025;Nationale-Nederlanden;NN DFE Nasze Jutro 2060;2060;Akcje;Vercom S.A.;2875757779;2449,794204
4Q25;31.12.2025;Nationale-Nederlanden;NN DFE Nasze Jutro 2060;2060;Akcje;XTB S.A.;8443823607;40945,97522
4Q25;31.12.2025;Nationale-Nederlanden;NN DFE Nasze Jutro 2060;2060;Akcje;Zabka Group SA;22968118455;94298,76463
4Q25;31.12.2025;Nationale-Nederlanden;NN DFE Nasze Jutro 2060;2060;Akcje;Advanced Micro Devices Inc.;1,25537E+12;1010,768053
4Q25;31.12.2025;Nationale-Nederlanden;NN DFE Nasze Jutro 2060;2060;Akcje;Agnico Eagle Mines Ltd;3,05361E+11;942,6157411
4Q25;31.12.2025;Nationale-Nederlanden;NN DFE Nasze Jutro 2060;2060;Akcje;Allianz SE;6,27305E+11;461,4306511
4Q25;31.12.2025;Nationale-Nederlanden;NN DFE Nasze Jutro 2060;2060;Akcje;Alphabet Inc.;6,55166E+12;2639,333727
4Q25;31.12.2025;Nationale-Nederlanden;NN DFE Nasze Jutro 2060;2060;Akcje;Amazon.com Inc.;8,90856E+12;1450,537313
4Q25;31.12.2025;Nationale-Nederlanden;NN DFE Nasze Jutro 2060;2060;Akcje;Apple Inc.;1,43496E+13;78,1366824
4Q25;31.12.2025;Nationale-Nederlanden;NN DFE Nasze Jutro 2060;2060;Akcje;Applied Materials Inc.;7,33364E+11;36,06308601
4Q25;31.12.2025;Nationale-Nederlanden;NN DFE Nasze Jutro 2060;2060;Akcje;ASML Holding N.V.;1,50904E+12;394,6775368
4Q25;31.12.2025;Nationale-Nederlanden;NN DFE Nasze Jutro 2060;2060;Akcje;Banco Bilbao Vizcaya Argentaria S.A.;4,82978E+11;7451,711459
4Q25;31.12.2025;Nationale-Nederlanden;NN DFE Nasze Jutro 2060;2060;Akcje;Banco Comercial Portugues S.A.;55983190789;200683,5083
4Q25;31.12.2025;Nationale-Nederlanden;NN DFE Nasze Jutro 2060;2060;Akcje;Bank of America Corp.;1,44401E+12;2130,727136
4Q25;31.12.2025;Nationale-Nederlanden;NN DFE Nasze Jutro 2060;2060;Akcje;Berkshire Hathaway Inc.;1,41931E+12;0,180785428
4Q25;31.12.2025;Nationale-Nederlanden;NN DFE Nasze Jutro 2060;2060;Akcje;BNP Paribas SA;3,75523E+11;95,16338378
4Q25;31.12.2025;Nationale-Nederlanden;NN DFE Nasze Jutro 2060;2060;Akcje;Broadcom Inc.;5,89973E+12;1558,726551
4Q25;31.12.2025;Nationale-Nederlanden;NN DFE Nasze Jutro 2060;2060;Akcje;CaixaBank SA;3,09585E+11;34518,82727
4Q25;31.12.2025;Nationale-Nederlanden;NN DFE Nasze Jutro 2060;2060;Akcje;Caterpillar Inc.;9,58324E+11;339,5940242
4Q25;31.12.2025;Nationale-Nederlanden;NN DFE Nasze Jutro 2060;2060;Akcje;Coca-Cola Company;1,0812E+12;237,4152847
4Q25;31.12.2025;Nationale-Nederlanden;NN DFE Nasze Jutro 2060;2060;Akcje;CrowdStrike Holdings Inc.;4,2487E+11;641,121464
4Q25;31.12.2025;Nationale-Nederlanden;NN DFE Nasze Jutro 2060;2060;Akcje;Deutsche Post AG;2,26929E+11;27,02522451
4Q25;31.12.2025;Nationale-Nederlanden;NN DFE Nasze Jutro 2060;2060;Akcje;Erste Group Bank AG;1,78377E+11;923,8622501
4Q25;31.12.2025;Nationale-Nederlanden;NN DFE Nasze Jutro 2060;2060;Akcje;GE Vernova Inc.;6,33335E+11;173,303144
4Q25;31.12.2025;Nationale-Nederlanden;NN DFE Nasze Jutro 2060;2060;Akcje;General Electric Co.;1,16152E+12;691,2090829
4Q25;31.12.2025;Nationale-Nederlanden;NN DFE Nasze Jutro 2060;2060;Akcje;Grenergy Renovables S.A.;10382849024;3615,017124
4Q25;31.12.2025;Nationale-Nederlanden;NN DFE Nasze Jutro 2060;2060;Akcje;ING Groep N.V.;2,95857E+11;2908,993766
4Q25;31.12.2025;Nationale-Nederlanden;NN DFE Nasze Jutro 2060;2060;Akcje;InPost S.A.;22088789759;12003,60671
4Q25;31.12.2025;Nationale-Nederlanden;NN DFE Nasze Jutro 2060;2060;Akcje;Intel Corp.;6,6267E+11;223,3907909
4Q25;31.12.2025;Nationale-Nederlanden;NN DFE Nasze Jutro 2060;2060;Akcje;JP Morgan Chase & Co.;3,12445E+12;909,591071
4Q25;31.12.2025;Nationale-Nederlanden;NN DFE Nasze Jutro 2060;2060;Akcje;Linde Plc;7,15833E+11;57,09988381
4Q25;31.12.2025;Nationale-Nederlanden;NN DFE Nasze Jutro 2060;2060;Akcje;Lundin Mining Corp.;66041411732;24824,26006
4Q25;31.12.2025;Nationale-Nederlanden;NN DFE Nasze Jutro 2060;2060;Akcje;LVMH S.A.;1,35448E+12;159,2734195
4Q25;31.12.2025;Nationale-Nederlanden;NN DFE Nasze Jutro 2060;2060;Akcje;Mercadolibre Inc.;3,67142E+11;20,03504626
4Q25;31.12.2025;Nationale-Nederlanden;NN DFE Nasze Jutro 2060;2060;Akcje;Meta Platforms Inc.;5,19066E+12;68,11915565
4Q25;31.12.2025;Nationale-Nederlanden;NN DFE Nasze Jutro 2060;2060;Akcje;Micron Technology Inc.;1,15492E+12;1678,936843
4Q25;31.12.2025;Nationale-Nederlanden;NN DFE Nasze Jutro 2060;2060;Akcje;Microsoft Corp.;1,29114E+13;899,5735594
4Q25;31.12.2025;Nationale-Nederlanden;NN DFE Nasze Jutro 2060;2060;Akcje;Münchener Rück AG;3,10156E+11;28,02616086
4Q25;31.12.2025;Nationale-Nederlanden;NN DFE Nasze Jutro 2060;2060;Akcje;Nektar Therapeutics;4148400852;8973,697028
4Q25;31.12.2025;Nationale-Nederlanden;NN DFE Nasze Jutro 2060;2060;Akcje;Nvidia Corp.;1,62937E+13;3852,739319
4Q25;31.12.2025;Nationale-Nederlanden;NN DFE Nasze Jutro 2060;2060;Akcje;Oracle Corp.;2,01337E+12;1186,074721
4Q25;31.12.2025;Nationale-Nederlanden;NN DFE Nasze Jutro 2060;2060;Akcje;PepsiCo Inc.;7,05187E+11;16,02804414
4Q25;31.12.2025;Nationale-Nederlanden;NN DFE Nasze Jutro 2060;2060;Akcje;Procter & Gamble Co;1,19742E+12;195,3416908
4Q25;31.12.2025;Nationale-Nederlanden;NN DFE Nasze Jutro 2060;2060;Akcje;Rheinmetall AG;3,03236E+11;101,0943521
4Q25;31.12.2025;Nationale-Nederlanden;NN DFE Nasze Jutro 2060;2060;Akcje;RTX Corp.;8,85075E+11;1106,936276
4Q25;31.12.2025;Nationale-Nederlanden;NN DFE Nasze Jutro 2060;2060;Akcje;SAP SE;1,08085E+12;291,2718489
4Q25;31.12.2025;Nationale-Nederlanden;NN DFE Nasze Jutro 2060;2060;Akcje;Schneider Electric SE;5,72013E+11;695,1934394
4Q25;31.12.2025;Nationale-Nederlanden;NN DFE Nasze Jutro 2060;2060;Akcje;Siemens Energy AG;4,37803E+11;1287,201354
4Q25;31.12.2025;Nationale-Nederlanden;NN DFE Nasze Jutro 2060;2060;Akcje;Snowflake Inc.;2,69881E+11;1568,744077
4Q25;31.12.2025;Nationale-Nederlanden;NN DFE Nasze Jutro 2060;2060;Akcje;Vertiv Holdings Co.;2,22854E+11;1473,577628
4Q25;31.12.2025;Nationale-Nederlanden;NN DFE Nasze Jutro 2060;2060;Akcje;Visa Inc.;2,1197E+12;271,4748669
4Q25;31.12.2025;Nationale-Nederlanden;NN DFE Nasze Jutro 2060;2060;Akcje;Walmart Inc.;3,19247E+12;320,5607273
4Q25;31.12.2025;Nationale-Nederlanden;NN DFE Nasze Jutro 2060;2060;Akcje;Waste Management Inc.;3,18604E+11;307,5379478
4Q25;31.12.2025;Nationale-Nederlanden;NN DFE Nasze Jutro 2060;2060;Akcje;Wells Fargo & Co;1,05185E+12;2795,890593
4Q25;31.12.2025;Nationale-Nederlanden;NN DFE Nasze Jutro 2060;2060;Akcje;Western Digital Corp.;2,09987E+11;1732,029712
4Q25;31.12.2025;Nationale-Nederlanden;NN DFE Nasze Jutro 2060;2060;Akcje;Wheaton Precious Metals Corp.;1,9197E+11;1445,507586
4Q25;31.12.2025;Nationale-Nederlanden;NN DFE Nasze Jutro 2060;2060;Obligacje korporacyjne;Archicom S.A.;;
4Q25;31.12.2025;Nationale-Nederlanden;NN DFE Nasze Jutro 2060;2060;Obligacje korporacyjne;Bank Pekao S.A.;;
4Q25;31.12.2025;Nationale-Nederlanden;NN DFE Nasze Jutro 2060;2060;Obligacje korporacyjne;Benefit Systems S.A.;;
4Q25;31.12.2025;Nationale-Nederlanden;NN DFE Nasze Jutro 2060;2060;Obligacje korporacyjne;Cyfrowy Polsat S.A.;;
4Q25;31.12.2025;Nationale-Nederlanden;NN DFE Nasze Jutro 2060;2060;Obligacje korporacyjne;Develia S.A.;;
4Q25;31.12.2025;Nationale-Nederlanden;NN DFE Nasze Jutro 2060;2060;Obligacje korporacyjne;Develia S.A.;;
4Q25;31.12.2025;Nationale-Nederlanden;NN DFE Nasze Jutro 2060;2060;Obligacje korporacyjne;Develia S.A.;;
4Q25;31.12.2025;Nationale-Nederlanden;NN DFE Nasze Jutro 2060;2060;Obligacje korporacyjne;Develia S.A.;;
4Q25;31.12.2025;Nationale-Nederlanden;NN DFE Nasze Jutro 2060;2060;Obligacje korporacyjne;Echo Investment S.A.;;
4Q25;31.12.2025;Nationale-Nederlanden;NN DFE Nasze Jutro 2060;2060;Obligacje korporacyjne;Echo Investment S.A.;;
4Q25;31.12.2025;Nationale-Nederlanden;NN DFE Nasze Jutro 2060;2060;Obligacje korporacyjne;Kruk S.A.;;
4Q25;31.12.2025;Nationale-Nederlanden;NN DFE Nasze Jutro 2060;2060;Obligacje korporacyjne;Kruk S.A.;;
4Q25;31.12.2025;Nationale-Nederlanden;NN DFE Nasze Jutro 2060;2060;Obligacje korporacyjne;Kruk S.A.;;
4Q25;31.12.2025;Nationale-Nederlanden;NN DFE Nasze Jutro 2060;2060;Obligacje korporacyjne;Murapol S.A.;;
4Q25;31.12.2025;Nationale-Nederlanden;NN DFE Nasze Jutro 2060;2060;Obligacje korporacyjne;PKO Bank Polski S.A. - OSNP0229;;
4Q25;31.12.2025;Nationale-Nederlanden;NN DFE Nasze Jutro 2060;2060;Obligacje korporacyjne;Santander Bank Polska S.A.;;
4Q25;31.12.2025;Nationale-Nederlanden;NN DFE Nasze Jutro 2060;2060;Obligacje korporacyjne;Santander Bank Polska S.A.;;
4Q25;31.12.2025;Nationale-Nederlanden;NN DFE Nasze Jutro 2060;2060;Obligacje korporacyjne;Santander Bank Polska S.A.;;
4Q25;31.12.2025;Nationale-Nederlanden;NN DFE Nasze Jutro 2060;2060;Inne;P4 Sp. z o.o.;;
4Q25;31.12.2025;Nationale-Nederlanden;NN DFE Nasze Jutro 2060;2060;Inne;Abivax SA - ABVX;;
4Q25;31.12.2025;Nationale-Nederlanden;NN DFE Nasze Jutro 2060;2060;Inne;Rachunek podstawowy;;
4Q25;31.12.2025;Nationale-Nederlanden;NN DFE Nasze Jutro 2060;2060;Inne;Rachunek przeliczeniowy;;
4Q24;31.12.2024;Nationale-Nederlanden;NN DFE Nasze Jutro 2035;2035;Obligacje skarbowe/gwarantowane;MINISTERSTWO FINANSÓW;;
4Q24;31.12.2024;Nationale-Nederlanden;NN DFE Nasze Jutro 2035;2035;Obligacje skarbowe/gwarantowane;MINISTERSTWO FINANSÓW;;
4Q24;31.12.2024;Nationale-Nederlanden;NN DFE Nasze Jutro 2035;2035;Obligacje skarbowe/gwarantowane;MINISTERSTWO FINANSÓW;;
4Q24;31.12.2024;Nationale-Nederlanden;NN DFE Nasze Jutro 2035;2035;Obligacje skarbowe/gwarantowane;MINISTERSTWO FINANSÓW;;
4Q24;31.12.2024;Nationale-Nederlanden;NN DFE Nasze Jutro 2035;2035;Obligacje skarbowe/gwarantowane;MINISTERSTWO FINANSÓW;;
4Q24;31.12.2024;Nationale-Nederlanden;NN DFE Nasze Jutro 2035;2035;Obligacje skarbowe/gwarantowane;MINISTERSTWO FINANSÓW;;
4Q24;31.12.2024;Nationale-Nederlanden;NN DFE Nasze Jutro 2035;2035;Obligacje skarbowe/gwarantowane;MINISTERSTWO FINANSÓW;;
4Q24;31.12.2024;Nationale-Nederlanden;NN DFE Nasze Jutro 2035;2035;Obligacje skarbowe/gwarantowane;MINISTERSTWO FINANSÓW;;
4Q24;31.12.2024;Nationale-Nederlanden;NN DFE Nasze Jutro 2035;2035;Obligacje skarbowe/gwarantowane;MINISTERSTWO FINANSÓW;;
4Q24;31.12.2024;Nationale-Nederlanden;NN DFE Nasze Jutro 2035;2035;Obligacje skarbowe/gwarantowane;MINISTERSTWO FINANSÓW;;
4Q24;31.12.2024;Nationale-Nederlanden;NN DFE Nasze Jutro 2035;2035;Obligacje skarbowe/gwarantowane;MINISTERSTWO FINANSÓW;;
4Q24;31.12.2024;Nationale-Nederlanden;NN DFE Nasze Jutro 2035;2035;Obligacje skarbowe/gwarantowane;MINISTERSTWO FINANSÓW;;
4Q24;31.12.2024;Nationale-Nederlanden;NN DFE Nasze Jutro 2035;2035;Obligacje skarbowe/gwarantowane;MINISTERSTWO FINANSÓW;;
4Q24;31.12.2024;Nationale-Nederlanden;NN DFE Nasze Jutro 2035;2035;Obligacje skarbowe/gwarantowane;MINISTERSTWO FINANSÓW;;
4Q24;31.12.2024;Nationale-Nederlanden;NN DFE Nasze Jutro 2035;2035;Obligacje skarbowe/gwarantowane;MINISTERSTWO FINANSÓW;;
4Q24;31.12.2024;Nationale-Nederlanden;NN DFE Nasze Jutro 2035;2035;Obligacje skarbowe/gwarantowane;MINISTERSTWO FINANSÓW;;
4Q24;31.12.2024;Nationale-Nederlanden;NN DFE Nasze Jutro 2035;2035;Obligacje skarbowe/gwarantowane;Bank Gospodarstwa Krajowego;;
4Q24;31.12.2024;Nationale-Nederlanden;NN DFE Nasze Jutro 2035;2035;Obligacje skarbowe/gwarantowane;Bank Gospodarstwa Krajowego;;
4Q24;31.12.2024;Nationale-Nederlanden;NN DFE Nasze Jutro 2035;2035;Obligacje skarbowe/gwarantowane;Bank Gospodarstwa Krajowego;;
4Q24;31.12.2024;Nationale-Nederlanden;NN DFE Nasze Jutro 2035;2035;Obligacje skarbowe/gwarantowane;Bank Gospodarstwa Krajowego;;
4Q24;31.12.2024;Nationale-Nederlanden;NN DFE Nasze Jutro 2035;2035;Obligacje skarbowe/gwarantowane;Bank Gospodarstwa Krajowego;;
4Q24;31.12.2024;Nationale-Nederlanden;NN DFE Nasze Jutro 2035;2035;Depozyt/Gotówka;Bank Handlowy w Warszawie S.A.;;
4Q24;31.12.2024;Nationale-Nederlanden;NN DFE Nasze Jutro 2035;2035;Depozyt/Gotówka;Bank Handlowy w Warszawie S.A.;;
4Q24;31.12.2024;Nationale-Nederlanden;NN DFE Nasze Jutro 2035;2035;Depozyt/Gotówka;Bank Handlowy w Warszawie S.A.;;
4Q24;31.12.2024;Nationale-Nederlanden;NN DFE Nasze Jutro 2035;2035;Akcje;AB S.A.;1579914054;16875,16824
4Q24;31.12.2024;Nationale-Nederlanden;NN DFE Nasze Jutro 2035;2035;Akcje;Alior Bank S.A.;11225032146;71293,68307
4Q24;31.12.2024;Nationale-Nederlanden;NN DFE Nasze Jutro 2035;2035;Akcje;Allegro.eu S.A.;28620983419;175848,8335
4Q24;31.12.2024;Nationale-Nederlanden;NN DFE Nasze Jutro 2035;2035;Akcje;Asseco Poland S.A.;7984629149;2216,897921
4Q24;31.12.2024;Nationale-Nederlanden;NN DFE Nasze Jutro 2035;2035;Akcje;Atal S.A.;#VALUE!;#VALUE!
4Q24;31.12.2024;Nationale-Nederlanden;NN DFE Nasze Jutro 2035;2035;Akcje;Banco Santander S.A.;2,80565E+11;7327,477725
4Q24;31.12.2024;Nationale-Nederlanden;NN DFE Nasze Jutro 2035;2035;Akcje;Bank Millennium S.A.;10796191075;286316,9135
4Q24;31.12.2024;Nationale-Nederlanden;NN DFE Nasze Jutro 2035;2035;Akcje;Bank Pekao S.A.;36194617689;55046,78992
4Q24;31.12.2024;Nationale-Nederlanden;NN DFE Nasze Jutro 2035;2035;Akcje;Benefit Systems S.A.;9556516590;2419,352604
4Q24;31.12.2024;Nationale-Nederlanden;NN DFE Nasze Jutro 2035;2035;Akcje;BNP Paribas Bank Polska S.A.;#VALUE!;#VALUE!
4Q24;31.12.2024;Nationale-Nederlanden;NN DFE Nasze Jutro 2035;2035;Akcje;Budimex S.A.;11912343727;6688,836884
4Q24;31.12.2024;Nationale-Nederlanden;NN DFE Nasze Jutro 2035;2035;Akcje;Captor Therapeutics S.A.;185329666,8;4010,507329
4Q24;31.12.2024;Nationale-Nederlanden;NN DFE Nasze Jutro 2035;2035;Akcje;CCC S.A.;12953469317;58978,18602
4Q24;31.12.2024;Nationale-Nederlanden;NN DFE Nasze Jutro 2035;2035;Akcje;CD Projekt S.A.;19127867140;48002,43521
4Q24;31.12.2024;Nationale-Nederlanden;NN DFE Nasze Jutro 2035;2035;Akcje;Compremum S.A.;55149225,87;390009,6179
4Q24;31.12.2024;Nationale-Nederlanden;NN DFE Nasze Jutro 2035;2035;Akcje;Cyfrowy Polsat S.A.;6506217202;55060,40736
4Q24;31.12.2024;Nationale-Nederlanden;NN DFE Nasze Jutro 2035;2035;Akcje;DataWalk S.A.;320242120,8;22240,82138
4Q24;31.12.2024;Nationale-Nederlanden;NN DFE Nasze Jutro 2035;2035;Akcje;Dino Polska S.A.;38215992000;229517,1603
4Q24;31.12.2024;Nationale-Nederlanden;NN DFE Nasze Jutro 2035;2035;Akcje;Grenevia S.A.;1261424077;1622,984055
4Q24;31.12.2024;Nationale-Nederlanden;NN DFE Nasze Jutro 2035;2035;Akcje;Grupa Kęty S.A.;6716569860;5843,286842
4Q24;31.12.2024;Nationale-Nederlanden;NN DFE Nasze Jutro 2035;2035;Akcje;Grupa Pracuj S.A.;163520000;438516,0643
4Q24;31.12.2024;Nationale-Nederlanden;NN DFE Nasze Jutro 2035;2035;Akcje;ING Bank Śląski S.A.;31419150000;13536,01217
4Q24;31.12.2024;Nationale-Nederlanden;NN DFE Nasze Jutro 2035;2035;Akcje;Inter Cars S.A.;7381580100;1805,043512
4Q24;31.12.2024;Nationale-Nederlanden;NN DFE Nasze Jutro 2035;2035;Akcje;KGHM Polska Miedź S.A.;23000000000;54759,02409
4Q24;31.12.2024;Nationale-Nederlanden;NN DFE Nasze Jutro 2035;2035;Akcje;Kruk S.A.;8104914140;11433,22393
4Q24;31.12.2024;Nationale-Nederlanden;NN DFE Nasze Jutro 2035;2035;Akcje;LPP S.A.;23416589500;919,3012759
4Q24;31.12.2024;Nationale-Nederlanden;NN DFE Nasze Jutro 2035;2035;Akcje;mBank S.A.;23270140195;7703,605629
4Q24;31.12.2024;Nationale-Nederlanden;NN DFE Nasze Jutro 2035;2035;Akcje;Mirbud S.A.;1307904840;192517,7391
4Q24;31.12.2024;Nationale-Nederlanden;NN DFE Nasze Jutro 2035;2035;Akcje;ML System S.A.;100195914,4;997,6106337
4Q24;31.12.2024;Nationale-Nederlanden;NN DFE Nasze Jutro 2035;2035;Akcje;Orange Polska S.A.;9666825190;263545,3801
4Q24;31.12.2024;Nationale-Nederlanden;NN DFE Nasze Jutro 2035;2035;Akcje;Orlen S.A.;54796464713;100204,1695
4Q24;31.12.2024;Nationale-Nederlanden;NN DFE Nasze Jutro 2035;2035;Akcje;Pepco Group N.V.;9481760773;81325,82948
4Q24;31.12.2024;Nationale-Nederlanden;NN DFE Nasze Jutro 2035;2035;Akcje;PGE Polska Grupa Energetyczna S.A.;13619337874;364259,9209
4Q24;31.12.2024;Nationale-Nederlanden;NN DFE Nasze Jutro 2035;2035;Akcje;PKO Bank Polski S.A.;74700000000;161496,3246
4Q24;31.12.2024;Nationale-Nederlanden;NN DFE Nasze Jutro 2035;2035;Akcje;PKP Cargo S.A.;631495529,7;141216,5993
4Q24;31.12.2024;Nationale-Nederlanden;NN DFE Nasze Jutro 2035;2035;Akcje;Powszechny Zakład Ubezpieczeń S.A.;39583894320;226636,8093
4Q24;31.12.2024;Nationale-Nederlanden;NN DFE Nasze Jutro 2035;2035;Akcje;Rainbow Tours S.A.;1759812800;22755,79753
4Q24;31.12.2024;Nationale-Nederlanden;NN DFE Nasze Jutro 2035;2035;Akcje;Render Cube S.A.;97997900;6638,914066
4Q24;31.12.2024;Nationale-Nederlanden;NN DFE Nasze Jutro 2035;2035;Akcje;Santander Bank Polska S.A.;46761830086;14395,42592
4Q24;31.12.2024;Nationale-Nederlanden;NN DFE Nasze Jutro 2035;2035;Akcje;Selvita S.A.;736236963;451,4420202
4Q24;31.12.2024;Nationale-Nederlanden;NN DFE Nasze Jutro 2035;2035;Akcje;Shoper S.A.;1116942032;53506,66348
4Q24;31.12.2024;Nationale-Nederlanden;NN DFE Nasze Jutro 2035;2035;Akcje;Text S.A.;1694350000;11808,37447
4Q24;31.12.2024;Nationale-Nederlanden;NN DFE Nasze Jutro 2035;2035;Akcje;Torpol S.A.;744228000;54252,67346
4Q24;31.12.2024;Nationale-Nederlanden;NN DFE Nasze Jutro 2035;2035;Akcje;Unimot S.A.;1076686665;3038,081337
4Q24;31.12.2024;Nationale-Nederlanden;NN DFE Nasze Jutro 2035;2035;Akcje;Vercom S.A.;2833532588;10292,54235
4Q24;31.12.2024;Nationale-Nederlanden;NN DFE Nasze Jutro 2035;2035;Akcje;XTB S.A.;8276875270;68825,30639
4Q24;31.12.2024;Nationale-Nederlanden;NN DFE Nasze Jutro 2035;2035;Akcje;Zabka Group SA;19307261146;244842,7288
4Q24;31.12.2024;Nationale-Nederlanden;NN DFE Nasze Jutro 2035;2035;Akcje;Adobe Inc.;7,54607E+11;1927,630465
4Q24;31.12.2024;Nationale-Nederlanden;NN DFE Nasze Jutro 2035;2035;Akcje;Advanced Micro Devices Inc.;8,14119E+11;1229,199272
4Q24;31.12.2024;Nationale-Nederlanden;NN DFE Nasze Jutro 2035;2035;Akcje;Alphabet Inc.;4,55599E+12;1380,322993
4Q24;31.12.2024;Nationale-Nederlanden;NN DFE Nasze Jutro 2035;2035;Akcje;Amazon.com Inc.;9,73589E+12;2910,791451
4Q24;31.12.2024;Nationale-Nederlanden;NN DFE Nasze Jutro 2035;2035;Akcje;Apple Inc.;1,51981E+13;209,3309482
4Q24;31.12.2024;Nationale-Nederlanden;NN DFE Nasze Jutro 2035;2035;Akcje;Applied Materials Inc.;5,33616E+11;1364,123475
4Q24;31.12.2024;Nationale-Nederlanden;NN DFE Nasze Jutro 2035;2035;Akcje;Arcelormittal SA;74368552714;4928,033912
4Q24;31.12.2024;Nationale-Nederlanden;NN DFE Nasze Jutro 2035;2035;Akcje;ASML Holding N.V.;1,12702E+12;27,96614181
4Q24;31.12.2024;Nationale-Nederlanden;NN DFE Nasze Jutro 2035;2035;Akcje;AT&T Inc.;6,58957E+11;8097,436873
4Q24;31.12.2024;Nationale-Nederlanden;NN DFE Nasze Jutro 2035;2035;Akcje;Axsome Therapeutics Inc.;17632792745;3824,506154
4Q24;31.12.2024;Nationale-Nederlanden;NN DFE Nasze Jutro 2035;2035;Akcje;Banco Bilbao Vizcaya Argentaria S.A.;2,30855E+11;7268,3111
4Q24;31.12.2024;Nationale-Nederlanden;NN DFE Nasze Jutro 2035;2035;Akcje;Bank of America Corp.;1,32675E+12;16416,1098
4Q24;31.12.2024;Nationale-Nederlanden;NN DFE Nasze Jutro 2035;2035;Akcje;Berkshire Hathaway Inc.;1,4722E+12;0,174351378
4Q24;31.12.2024;Nationale-Nederlanden;NN DFE Nasze Jutro 2035;2035;Akcje;BNP Paribas SA;2,79094E+11;215,7387961
4Q24;31.12.2024;Nationale-Nederlanden;NN DFE Nasze Jutro 2035;2035;Akcje;Broadcom Inc.;4,54405E+12;4065,583978
4Q24;31.12.2024;Nationale-Nederlanden;NN DFE Nasze Jutro 2035;2035;Akcje;Coca-Cola Company;1,10713E+12;653,7871774
4Q24;31.12.2024;Nationale-Nederlanden;NN DFE Nasze Jutro 2035;2035;Akcje;CrowdStrike Holdings Inc.;3,56582E+11;1092,290858
4Q24;31.12.2024;Nationale-Nederlanden;NN DFE Nasze Jutro 2035;2035;Akcje;Deutsche Post AG;1,67109E+11;82,93392418
4Q24;31.12.2024;Nationale-Nederlanden;NN DFE Nasze Jutro 2035;2035;Akcje;Eaton Corporation Plc;5,32853E+11;475,21101
4Q24;31.12.2024;Nationale-Nederlanden;NN DFE Nasze Jutro 2035;2035;Akcje;Grenergy Renovables S.A.;3992084186;7608,348832
4Q24;31.12.2024;Nationale-Nederlanden;NN DFE Nasze Jutro 2035;2035;Akcje;InPost S.A.;35316319023;55864,36765
4Q24;31.12.2024;Nationale-Nederlanden;NN DFE Nasze Jutro 2035;2035;Akcje;Intra-Celluar Therapies Inc.;#VALUE!;#VALUE!
4Q24;31.12.2024;Nationale-Nederlanden;NN DFE Nasze Jutro 2035;2035;Akcje;Janux Therapeutics Inc.;13312454336;5999,167005
4Q24;31.12.2024;Nationale-Nederlanden;NN DFE Nasze Jutro 2035;2035;Akcje;JP Morgan Chase & Co.;2,67259E+12;1876,0418
4Q24;31.12.2024;Nationale-Nederlanden;NN DFE Nasze Jutro 2035;2035;Akcje;Linde Plc;8,08167E+11;1677,623841
4Q24;31.12.2024;Nationale-Nederlanden;NN DFE Nasze Jutro 2035;2035;Akcje;L'Oréal S.A.;7,80654E+11;0,998794198
4Q24;31.12.2024;Nationale-Nederlanden;NN DFE Nasze Jutro 2035;2035;Akcje;LVMH S.A.;1,3531E+12;5,992745248
4Q24;31.12.2024;Nationale-Nederlanden;NN DFE Nasze Jutro 2035;2035;Akcje;Marvell Technology Inc.;3,98466E+11;5491,217024
4Q24;31.12.2024;Nationale-Nederlanden;NN DFE Nasze Jutro 2035;2035;Akcje;Mercadolibre Inc.;3,56373E+11;155,758099
4Q24;31.12.2024;Nationale-Nederlanden;NN DFE Nasze Jutro 2035;2035;Akcje;Meta Platforms Inc.;5,29393E+12;1372,060187
4Q24;31.12.2024;Nationale-Nederlanden;NN DFE Nasze Jutro 2035;2035;Akcje;Microsoft Corporation;1,29387E+13;70,43837435
4Q24;31.12.2024;Nationale-Nederlanden;NN DFE Nasze Jutro 2035;2035;Akcje;Nvidia Corporation;1,34899E+13;6673,788053
4Q24;31.12.2024;Nationale-Nederlanden;NN DFE Nasze Jutro 2035;2035;Akcje;PepsiCo Inc.;8,59077E+11;50,5965762
4Q24;31.12.2024;Nationale-Nederlanden;NN DFE Nasze Jutro 2035;2035;Akcje;Procter & Gamble Co;1,61064E+12;328,3817282
4Q24;31.12.2024;Nationale-Nederlanden;NN DFE Nasze Jutro 2035;2035;Akcje;Salesforce Inc.;1,29502E+12;1461,348266
4Q24;31.12.2024;Nationale-Nederlanden;NN DFE Nasze Jutro 2035;2035;Akcje;SAP SE;1,24142E+12;1406,879429
4Q24;31.12.2024;Nationale-Nederlanden;NN DFE Nasze Jutro 2035;2035;Akcje;Schneider Electric SE;5,94789E+11;1768,858536
4Q24;31.12.2024;Nationale-Nederlanden;NN DFE Nasze Jutro 2035;2035;Akcje;Scholar Rock Holding Corp.;18225382437;8192,67747
4Q24;31.12.2024;Nationale-Nederlanden;NN DFE Nasze Jutro 2035;2035;Akcje;SentinelOne Inc.;30588045763;8597,450132
4Q24;31.12.2024;Nationale-Nederlanden;NN DFE Nasze Jutro 2035;2035;Akcje;ServiceNow Inc.;9,16804E+11;3075,478363
4Q24;31.12.2024;Nationale-Nederlanden;NN DFE Nasze Jutro 2035;2035;Akcje;Tarsus Pharmaceuticals Inc.;9716347265;6714,463731
4Q24;31.12.2024;Nationale-Nederlanden;NN DFE Nasze Jutro 2035;2035;Akcje;Tesla Inc.;6,26444E+12;819,4661698
4Q24;31.12.2024;Nationale-Nederlanden;NN DFE Nasze Jutro 2035;2035;Akcje;Varonis Systems Inc.;21571527175;3860,221413
4Q24;31.12.2024;Nationale-Nederlanden;NN DFE Nasze Jutro 2035;2035;Akcje;Vertiv Holdings Co.;1,79688E+11;5726,342291
4Q24;31.12.2024;Nationale-Nederlanden;NN DFE Nasze Jutro 2035;2035;Akcje;Vinci SA;2,48452E+11;2851,547767
4Q24;31.12.2024;Nationale-Nederlanden;NN DFE Nasze Jutro 2035;2035;Akcje;Visa Inc.;2,19631E+12;601,2064166
4Q24;31.12.2024;Nationale-Nederlanden;NN DFE Nasze Jutro 2035;2035;Akcje;Walmart Inc.;2,97684E+12;4944,575547
4Q24;31.12.2024;Nationale-Nederlanden;NN DFE Nasze Jutro 2035;2035;Akcje;Wells Fargo & Co;9,11481E+11;11988,41306
4Q24;31.12.2024;Nationale-Nederlanden;NN DFE Nasze Jutro 2035;2035;Akcje;Yara International ASA;27790201457;2096,295227
4Q24;31.12.2024;Nationale-Nederlanden;NN DFE Nasze Jutro 2035;2035;Inne;Miasto Poznań;;
4Q24;31.12.2024;Nationale-Nederlanden;NN DFE Nasze Jutro 2035;2035;Obligacje korporacyjne;Archicom S.A.;;
4Q24;31.12.2024;Nationale-Nederlanden;NN DFE Nasze Jutro 2035;2035;Obligacje korporacyjne;Bank Pekao S.A.;;
4Q24;31.12.2024;Nationale-Nederlanden;NN DFE Nasze Jutro 2035;2035;Obligacje korporacyjne;Bank Pekao S.A.;;
4Q24;31.12.2024;Nationale-Nederlanden;NN DFE Nasze Jutro 2035;2035;Obligacje korporacyjne;Cyfrowy Polsat S.A.;;
4Q24;31.12.2024;Nationale-Nederlanden;NN DFE Nasze Jutro 2035;2035;Obligacje korporacyjne;Develia S.A.;;
4Q24;31.12.2024;Nationale-Nederlanden;NN DFE Nasze Jutro 2035;2035;Obligacje korporacyjne;Develia S.A.;;
4Q24;31.12.2024;Nationale-Nederlanden;NN DFE Nasze Jutro 2035;2035;Obligacje korporacyjne;Develia S.A.;;
4Q24;31.12.2024;Nationale-Nederlanden;NN DFE Nasze Jutro 2035;2035;Obligacje korporacyjne;Develia S.A.;;
4Q24;31.12.2024;Nationale-Nederlanden;NN DFE Nasze Jutro 2035;2035;Obligacje korporacyjne;Echo Investment S.A.;;
4Q24;31.12.2024;Nationale-Nederlanden;NN DFE Nasze Jutro 2035;2035;Obligacje korporacyjne;Echo Investment S.A.;;
4Q24;31.12.2024;Nationale-Nederlanden;NN DFE Nasze Jutro 2035;2035;Obligacje korporacyjne;Kruk S.A.;;
4Q24;31.12.2024;Nationale-Nederlanden;NN DFE Nasze Jutro 2035;2035;Obligacje korporacyjne;Kruk S.A.;;
4Q24;31.12.2024;Nationale-Nederlanden;NN DFE Nasze Jutro 2035;2035;Obligacje korporacyjne;PKO Bank Polski S.A. - OSNP0229;;
4Q24;31.12.2024;Nationale-Nederlanden;NN DFE Nasze Jutro 2035;2035;Obligacje korporacyjne;Santander Bank Polska S.A.;;
4Q24;31.12.2024;Nationale-Nederlanden;NN DFE Nasze Jutro 2035;2035;Obligacje korporacyjne;Santander Bank Polska S.A.;;
4Q24;31.12.2024;Nationale-Nederlanden;NN DFE Nasze Jutro 2035;2035;Inne;P4 Sp. z o.o.;;
4Q24;31.12.2024;Nationale-Nederlanden;NN DFE Nasze Jutro 2035;2035;Inne;InPost S.A.;;
4Q24;31.12.2024;Nationale-Nederlanden;NN DFE Nasze Jutro 2035;2035;Inne;Rachunek podstawowy;;
4Q24;31.12.2024;Nationale-Nederlanden;NN DFE Nasze Jutro 2035;2035;Inne;Rachunek przeliczeniowy;;
4Q24;31.12.2024;Nationale-Nederlanden;NN DFE Nasze Jutro 2065;2065;Obligacje skarbowe/gwarantowane;MINISTERSTWO FINANSÓW;;
4Q24;31.12.2024;Nationale-Nederlanden;NN DFE Nasze Jutro 2065;2065;Obligacje skarbowe/gwarantowane;MINISTERSTWO FINANSÓW;;
4Q24;31.12.2024;Nationale-Nederlanden;NN DFE Nasze Jutro 2065;2065;Obligacje skarbowe/gwarantowane;MINISTERSTWO FINANSÓW;;
4Q24;31.12.2024;Nationale-Nederlanden;NN DFE Nasze Jutro 2065;2065;Obligacje skarbowe/gwarantowane;MINISTERSTWO FINANSÓW;;
4Q24;31.12.2024;Nationale-Nederlanden;NN DFE Nasze Jutro 2065;2065;Obligacje skarbowe/gwarantowane;MINISTERSTWO FINANSÓW;;
4Q24;31.12.2024;Nationale-Nederlanden;NN DFE Nasze Jutro 2065;2065;Obligacje skarbowe/gwarantowane;MINISTERSTWO FINANSÓW;;
4Q24;31.12.2024;Nationale-Nederlanden;NN DFE Nasze Jutro 2065;2065;Obligacje skarbowe/gwarantowane;MINISTERSTWO FINANSÓW;;
4Q24;31.12.2024;Nationale-Nederlanden;NN DFE Nasze Jutro 2065;2065;Obligacje skarbowe/gwarantowane;MINISTERSTWO FINANSÓW;;
4Q24;31.12.2024;Nationale-Nederlanden;NN DFE Nasze Jutro 2065;2065;Obligacje skarbowe/gwarantowane;MINISTERSTWO FINANSÓW;;
4Q24;31.12.2024;Nationale-Nederlanden;NN DFE Nasze Jutro 2065;2065;Obligacje skarbowe/gwarantowane;MINISTERSTWO FINANSÓW;;
4Q24;31.12.2024;Nationale-Nederlanden;NN DFE Nasze Jutro 2065;2065;Obligacje skarbowe/gwarantowane;MINISTERSTWO FINANSÓW;;
4Q24;31.12.2024;Nationale-Nederlanden;NN DFE Nasze Jutro 2065;2065;Obligacje skarbowe/gwarantowane;MINISTERSTWO FINANSÓW;;
4Q24;31.12.2024;Nationale-Nederlanden;NN DFE Nasze Jutro 2065;2065;Obligacje skarbowe/gwarantowane;MINISTERSTWO FINANSÓW;;
4Q24;31.12.2024;Nationale-Nederlanden;NN DFE Nasze Jutro 2065;2065;Obligacje skarbowe/gwarantowane;MINISTERSTWO FINANSÓW;;
4Q24;31.12.2024;Nationale-Nederlanden;NN DFE Nasze Jutro 2065;2065;Obligacje skarbowe/gwarantowane;MINISTERSTWO FINANSÓW;;
4Q24;31.12.2024;Nationale-Nederlanden;NN DFE Nasze Jutro 2065;2065;Obligacje skarbowe/gwarantowane;Bank Gospodarstwa Krajowego;;
4Q24;31.12.2024;Nationale-Nederlanden;NN DFE Nasze Jutro 2065;2065;Depozyt/Gotówka;Bank Handlowy w Warszawie S.A.;;
4Q24;31.12.2024;Nationale-Nederlanden;NN DFE Nasze Jutro 2065;2065;Depozyt/Gotówka;Bank Handlowy w Warszawie S.A.;;
4Q24;31.12.2024;Nationale-Nederlanden;NN DFE Nasze Jutro 2065;2065;Depozyt/Gotówka;Bank Handlowy w Warszawie S.A.;;
4Q24;31.12.2024;Nationale-Nederlanden;NN DFE Nasze Jutro 2065;2065;Akcje;AB S.A.;1579914054;525,9716189
4Q24;31.12.2024;Nationale-Nederlanden;NN DFE Nasze Jutro 2065;2065;Akcje;Alior Bank S.A.;11225032146;3298,846941
4Q24;31.12.2024;Nationale-Nederlanden;NN DFE Nasze Jutro 2065;2065;Akcje;Allegro.eu S.A.;28620983419;8009,567578
4Q24;31.12.2024;Nationale-Nederlanden;NN DFE Nasze Jutro 2065;2065;Akcje;Asseco Poland S.A.;7984629149;100,9497921
4Q24;31.12.2024;Nationale-Nederlanden;NN DFE Nasze Jutro 2065;2065;Akcje;Atal S.A.;#VALUE!;#VALUE!
4Q24;31.12.2024;Nationale-Nederlanden;NN DFE Nasze Jutro 2065;2065;Akcje;Banco Santander S.A.;2,80565E+11;690,4270359
4Q24;31.12.2024;Nationale-Nederlanden;NN DFE Nasze Jutro 2065;2065;Akcje;Bank Millennium S.A.;10796191075;12969,12135
4Q24;31.12.2024;Nationale-Nederlanden;NN DFE Nasze Jutro 2065;2065;Akcje;Bank Pekao S.A.;36194617689;2547,563959
4Q24;31.12.2024;Nationale-Nederlanden;NN DFE Nasze Jutro 2065;2065;Akcje;Benefit Systems S.A.;9556516590;112,7621554
4Q24;31.12.2024;Nationale-Nederlanden;NN DFE Nasze Jutro 2065;2065;Akcje;BNP Paribas Bank Polska S.A.;#VALUE!;#VALUE!
4Q24;31.12.2024;Nationale-Nederlanden;NN DFE Nasze Jutro 2065;2065;Akcje;Budimex S.A.;11912343727;301,7521646
4Q24;31.12.2024;Nationale-Nederlanden;NN DFE Nasze Jutro 2065;2065;Akcje;Captor Therapeutics S.A.;185329666,8;139,3917258
4Q24;31.12.2024;Nationale-Nederlanden;NN DFE Nasze Jutro 2065;2065;Akcje;CCC S.A.;12953469317;2479,933406
4Q24;31.12.2024;Nationale-Nederlanden;NN DFE Nasze Jutro 2065;2065;Akcje;CD Projekt S.A.;19127867140;2221,053487
4Q24;31.12.2024;Nationale-Nederlanden;NN DFE Nasze Jutro 2065;2065;Akcje;Cyfrowy Polsat S.A.;6506217202;2511,908769
4Q24;31.12.2024;Nationale-Nederlanden;NN DFE Nasze Jutro 2065;2065;Akcje;DataWalk S.A.;320242120,8;990,9519435
4Q24;31.12.2024;Nationale-Nederlanden;NN DFE Nasze Jutro 2065;2065;Akcje;Dino Polska S.A.;38215992000;10624,11211
4Q24;31.12.2024;Nationale-Nederlanden;NN DFE Nasze Jutro 2065;2065;Akcje;Grupa Kęty S.A.;6716569860;270,7081758
4Q24;31.12.2024;Nationale-Nederlanden;NN DFE Nasze Jutro 2065;2065;Akcje;Grupa Pracuj S.A.;163520000;18615,1
4Q24;31.12.2024;Nationale-Nederlanden;NN DFE Nasze Jutro 2065;2065;Akcje;ING Bank Śląski S.A.;31419150000;736,5377226
4Q24;31.12.2024;Nationale-Nederlanden;NN DFE Nasze Jutro 2065;2065;Akcje;Inter Cars S.A.;7381580100;82,77270633
4Q24;31.12.2024;Nationale-Nederlanden;NN DFE Nasze Jutro 2065;2065;Akcje;KGHM Polska Miedź S.A.;23000000000;2534,338696
4Q24;31.12.2024;Nationale-Nederlanden;NN DFE Nasze Jutro 2065;2065;Akcje;Kruk S.A.;8104914140;528,9820346
4Q24;31.12.2024;Nationale-Nederlanden;NN DFE Nasze Jutro 2065;2065;Akcje;LPP S.A.;23416589500;42,19743859
4Q24;31.12.2024;Nationale-Nederlanden;NN DFE Nasze Jutro 2065;2065;Akcje;mBank S.A.;23270140195;348,9788012
4Q24;31.12.2024;Nationale-Nederlanden;NN DFE Nasze Jutro 2065;2065;Akcje;Mirbud S.A.;1307904840;8507,130471
4Q24;31.12.2024;Nationale-Nederlanden;NN DFE Nasze Jutro 2065;2065;Akcje;Orange Polska S.A.;9666825190;11641,48384
4Q24;31.12.2024;Nationale-Nederlanden;NN DFE Nasze Jutro 2065;2065;Akcje;Orlen S.A.;54796464713;4635,233898
4Q24;31.12.2024;Nationale-Nederlanden;NN DFE Nasze Jutro 2065;2065;Akcje;Pepco Group N.V.;9481760773;3763,36419
4Q24;31.12.2024;Nationale-Nederlanden;NN DFE Nasze Jutro 2065;2065;Akcje;PGE Polska Grupa Energetyczna S.A.;13619337874;16615,97035
4Q24;31.12.2024;Nationale-Nederlanden;NN DFE Nasze Jutro 2065;2065;Akcje;PKO Bank Polski S.A.;74700000000;7473,274431
4Q24;31.12.2024;Nationale-Nederlanden;NN DFE Nasze Jutro 2065;2065;Akcje;PKP Cargo S.A.;631495529,7;6422,561702
4Q24;31.12.2024;Nationale-Nederlanden;NN DFE Nasze Jutro 2065;2065;Akcje;Powszechny Zakład Ubezpieczeń S.A.;39583894320;10487,36671
4Q24;31.12.2024;Nationale-Nederlanden;NN DFE Nasze Jutro 2065;2065;Akcje;Rainbow Tours S.A.;1759812800;1023,443478
4Q24;31.12.2024;Nationale-Nederlanden;NN DFE Nasze Jutro 2065;2065;Akcje;Render Cube S.A.;97997900;266,4782418
4Q24;31.12.2024;Nationale-Nederlanden;NN DFE Nasze Jutro 2065;2065;Akcje;Santander Bank Polska S.A.;46761830086;666,3621066
4Q24;31.12.2024;Nationale-Nederlanden;NN DFE Nasze Jutro 2065;2065;Akcje;Selvita S.A.;736236963;8,832525253
4Q24;31.12.2024;Nationale-Nederlanden;NN DFE Nasze Jutro 2065;2065;Akcje;Shoper S.A.;1116942032;2357,19194
4Q24;31.12.2024;Nationale-Nederlanden;NN DFE Nasze Jutro 2065;2065;Akcje;Text S.A.;1694350000;543,5617021
4Q24;31.12.2024;Nationale-Nederlanden;NN DFE Nasze Jutro 2065;2065;Akcje;Torpol S.A.;744228000;2459,401235
4Q24;31.12.2024;Nationale-Nederlanden;NN DFE Nasze Jutro 2065;2065;Akcje;Unimot S.A.;1076686665;140,541156
4Q24;31.12.2024;Nationale-Nederlanden;NN DFE Nasze Jutro 2065;2065;Akcje;Vercom S.A.;2833532588;470,4875294
4Q24;31.12.2024;Nationale-Nederlanden;NN DFE Nasze Jutro 2065;2065;Akcje;XTB S.A.;8276875270;3147,139205
4Q24;31.12.2024;Nationale-Nederlanden;NN DFE Nasze Jutro 2065;2065;Akcje;Zabka Group SA;19307261146;11168,9174
4Q24;31.12.2024;Nationale-Nederlanden;NN DFE Nasze Jutro 2065;2065;Akcje;Adobe Inc.;7,54607E+11;88,29598416
4Q24;31.12.2024;Nationale-Nederlanden;NN DFE Nasze Jutro 2065;2065;Akcje;Advanced Micro Devices Inc.;8,14119E+11;53,57286252
4Q24;31.12.2024;Nationale-Nederlanden;NN DFE Nasze Jutro 2065;2065;Akcje;Alphabet Inc.;4,55599E+12;60,88193241
4Q24;31.12.2024;Nationale-Nederlanden;NN DFE Nasze Jutro 2065;2065;Akcje;Amazon.com Inc.;9,73589E+12;129,9637552
4Q24;31.12.2024;Nationale-Nederlanden;NN DFE Nasze Jutro 2065;2065;Akcje;Apple Inc.;1,51981E+13;7,936718322
4Q24;31.12.2024;Nationale-Nederlanden;NN DFE Nasze Jutro 2065;2065;Akcje;Applied Materials Inc.;5,33616E+11;60,51748114
4Q24;31.12.2024;Nationale-Nederlanden;NN DFE Nasze Jutro 2065;2065;Akcje;Arcelormittal SA;74368552714;215,7387923
4Q24;31.12.2024;Nationale-Nederlanden;NN DFE Nasze Jutro 2065;2065;Akcje;ASML Holding N.V.;1,12702E+12;0,998792501
4Q24;31.12.2024;Nationale-Nederlanden;NN DFE Nasze Jutro 2065;2065;Akcje;AT&T Inc.;6,58957E+11;328,3817086
4Q24;31.12.2024;Nationale-Nederlanden;NN DFE Nasze Jutro 2065;2065;Akcje;Axsome Therapeutics Inc.;17632792745;176,5919814
4Q24;31.12.2024;Nationale-Nederlanden;NN DFE Nasze Jutro 2065;2065;Akcje;Banco Bilbao Vizcaya Argentaria S.A.;2,30855E+11;248,1909506
4Q24;31.12.2024;Nationale-Nederlanden;NN DFE Nasze Jutro 2065;2065;Akcje;Bank of America Corp.;1,32675E+12;764,9011898
4Q24;31.12.2024;Nationale-Nederlanden;NN DFE Nasze Jutro 2065;2065;Akcje;Berkshire Hathaway Inc.;1,4722E+12;0,007925061
4Q24;31.12.2024;Nationale-Nederlanden;NN DFE Nasze Jutro 2065;2065;Akcje;BNP Paribas SA;2,79094E+11;36,95525528
4Q24;31.12.2024;Nationale-Nederlanden;NN DFE Nasze Jutro 2065;2065;Akcje;Broadcom Inc.;4,54405E+12;186,5128864
4Q24;31.12.2024;Nationale-Nederlanden;NN DFE Nasze Jutro 2065;2065;Akcje;Coca-Cola Company;1,10713E+12;27,77851448
4Q24;31.12.2024;Nationale-Nederlanden;NN DFE Nasze Jutro 2065;2065;Akcje;CrowdStrike Holdings Inc.;3,56582E+11;49,60448999
4Q24;31.12.2024;Nationale-Nederlanden;NN DFE Nasze Jutro 2065;2065;Akcje;Deutsche Post AG;1,67109E+11;1,998387084
4Q24;31.12.2024;Nationale-Nederlanden;NN DFE Nasze Jutro 2065;2065;Akcje;Eaton Corporation Plc;5,32853E+11;20,83388559
4Q24;31.12.2024;Nationale-Nederlanden;NN DFE Nasze Jutro 2065;2065;Akcje;Grenergy Renovables S.A.;3992084186;332,766447
4Q24;31.12.2024;Nationale-Nederlanden;NN DFE Nasze Jutro 2065;2065;Akcje;InPost S.A.;35316319023;2576,879967
4Q24;31.12.2024;Nationale-Nederlanden;NN DFE Nasze Jutro 2065;2065;Akcje;Intra-Celluar Therapies Inc.;#VALUE!;#VALUE!
4Q24;31.12.2024;Nationale-Nederlanden;NN DFE Nasze Jutro 2065;2065;Akcje;Janux Therapeutics Inc.;13312454336;277,7850997
4Q24;31.12.2024;Nationale-Nederlanden;NN DFE Nasze Jutro 2065;2065;Akcje;JP Morgan Chase & Co.;2,67259E+12;86,31181943
4Q24;31.12.2024;Nationale-Nederlanden;NN DFE Nasze Jutro 2065;2065;Akcje;Linde Plc;8,08167E+11;77,38300769
4Q24;31.12.2024;Nationale-Nederlanden;NN DFE Nasze Jutro 2065;2065;Akcje;Marvell Technology Inc.;3,98466E+11;251,9907964
4Q24;31.12.2024;Nationale-Nederlanden;NN DFE Nasze Jutro 2065;2065;Akcje;Mercadolibre Inc.;3,56373E+11;6,944628318
4Q24;31.12.2024;Nationale-Nederlanden;NN DFE Nasze Jutro 2065;2065;Akcje;Meta Platforms Inc.;5,29393E+12;63,49375047
4Q24;31.12.2024;Nationale-Nederlanden;NN DFE Nasze Jutro 2065;2065;Akcje;Microsoft Corporation;1,29387E+13;2,976270875
4Q24;31.12.2024;Nationale-Nederlanden;NN DFE Nasze Jutro 2065;2065;Akcje;Nvidia Corporation;1,34899E+13;302,587378
4Q24;31.12.2024;Nationale-Nederlanden;NN DFE Nasze Jutro 2065;2065;Akcje;PepsiCo Inc.;8,59077E+11;1,98418445
4Q24;31.12.2024;Nationale-Nederlanden;NN DFE Nasze Jutro 2065;2065;Akcje;Procter & Gamble Co;1,61064E+12;14,88134302
4Q24;31.12.2024;Nationale-Nederlanden;NN DFE Nasze Jutro 2065;2065;Akcje;Salesforce Inc.;1,29502E+12;64,48584187
4Q24;31.12.2024;Nationale-Nederlanden;NN DFE Nasze Jutro 2065;2065;Akcje;SAP SE;1,24142E+12;62,94986703
4Q24;31.12.2024;Nationale-Nederlanden;NN DFE Nasze Jutro 2065;2065;Akcje;Schneider Electric SE;5,94789E+11;77,90567897
4Q24;31.12.2024;Nationale-Nederlanden;NN DFE Nasze Jutro 2065;2065;Akcje;Scholar Rock Holding Corp.;18225382437;378,9783235
4Q24;31.12.2024;Nationale-Nederlanden;NN DFE Nasze Jutro 2065;2065;Akcje;SentinelOne Inc.;30588045763;361,1207182
4Q24;31.12.2024;Nationale-Nederlanden;NN DFE Nasze Jutro 2065;2065;Akcje;ServiceNow Inc.;9,16804E+11;143,8530199
4Q24;31.12.2024;Nationale-Nederlanden;NN DFE Nasze Jutro 2065;2065;Akcje;Tarsus Pharmaceuticals Inc.;9716347265;310,5241144
4Q24;31.12.2024;Nationale-Nederlanden;NN DFE Nasze Jutro 2065;2065;Akcje;Tesla Inc.;6,26444E+12;37,69941391
4Q24;31.12.2024;Nationale-Nederlanden;NN DFE Nasze Jutro 2065;2065;Akcje;Varonis Systems Inc.;21571527175;162,702749
4Q24;31.12.2024;Nationale-Nederlanden;NN DFE Nasze Jutro 2065;2065;Akcje;Vertiv Holdings Co.;1,79688E+11;265,8800542
4Q24;31.12.2024;Nationale-Nederlanden;NN DFE Nasze Jutro 2065;2065;Akcje;Vinci SA;2,48452E+11;129,8427996
4Q24;31.12.2024;Nationale-Nederlanden;NN DFE Nasze Jutro 2065;2065;Akcje;Visa Inc.;2,19631E+12;24,80224394
4Q24;31.12.2024;Nationale-Nederlanden;NN DFE Nasze Jutro 2065;2065;Akcje;Walmart Inc.;2,97684E+12;222,2280976
4Q24;31.12.2024;Nationale-Nederlanden;NN DFE Nasze Jutro 2065;2065;Akcje;Wells Fargo & Co;9,11481E+11;543,6652009
4Q24;31.12.2024;Nationale-Nederlanden;NN DFE Nasze Jutro 2065;2065;Akcje;Yara International ASA;27790201457;91,92522018
4Q24;31.12.2024;Nationale-Nederlanden;NN DFE Nasze Jutro 2065;2065;Obligacje korporacyjne;Archicom S.A.;;
4Q24;31.12.2024;Nationale-Nederlanden;NN DFE Nasze Jutro 2065;2065;Obligacje korporacyjne;Bank Pekao S.A.;;
4Q24;31.12.2024;Nationale-Nederlanden;NN DFE Nasze Jutro 2065;2065;Obligacje korporacyjne;Cyfrowy Polsat S.A.;;
4Q24;31.12.2024;Nationale-Nederlanden;NN DFE Nasze Jutro 2065;2065;Obligacje korporacyjne;Develia S.A.;;
4Q24;31.12.2024;Nationale-Nederlanden;NN DFE Nasze Jutro 2065;2065;Obligacje korporacyjne;Develia S.A.;;
4Q24;31.12.2024;Nationale-Nederlanden;NN DFE Nasze Jutro 2065;2065;Obligacje korporacyjne;Echo Investment S.A.;;
4Q24;31.12.2024;Nationale-Nederlanden;NN DFE Nasze Jutro 2065;2065;Obligacje korporacyjne;Echo Investment S.A.;;
4Q24;31.12.2024;Nationale-Nederlanden;NN DFE Nasze Jutro 2065;2065;Obligacje korporacyjne;Kruk S.A.;;
4Q24;31.12.2024;Nationale-Nederlanden;NN DFE Nasze Jutro 2065;2065;Inne;Rachunek podstawowy;;
4Q24;31.12.2024;Nationale-Nederlanden;NN DFE Nasze Jutro 2065;2065;Inne;Rachunek przeliczeniowy;;
4Q24;31.12.2024;Nationale-Nederlanden;NN DFE Nasze Jutro 2055;2055;Obligacje skarbowe/gwarantowane;MINISTERSTWO FINANSÓW;;
4Q24;31.12.2024;Nationale-Nederlanden;NN DFE Nasze Jutro 2055;2055;Obligacje skarbowe/gwarantowane;MINISTERSTWO FINANSÓW;;
4Q24;31.12.2024;Nationale-Nederlanden;NN DFE Nasze Jutro 2055;2055;Obligacje skarbowe/gwarantowane;MINISTERSTWO FINANSÓW;;
4Q24;31.12.2024;Nationale-Nederlanden;NN DFE Nasze Jutro 2055;2055;Obligacje skarbowe/gwarantowane;MINISTERSTWO FINANSÓW;;
4Q24;31.12.2024;Nationale-Nederlanden;NN DFE Nasze Jutro 2055;2055;Obligacje skarbowe/gwarantowane;MINISTERSTWO FINANSÓW;;
4Q24;31.12.2024;Nationale-Nederlanden;NN DFE Nasze Jutro 2055;2055;Obligacje skarbowe/gwarantowane;MINISTERSTWO FINANSÓW;;
4Q24;31.12.2024;Nationale-Nederlanden;NN DFE Nasze Jutro 2055;2055;Obligacje skarbowe/gwarantowane;MINISTERSTWO FINANSÓW;;
4Q24;31.12.2024;Nationale-Nederlanden;NN DFE Nasze Jutro 2055;2055;Obligacje skarbowe/gwarantowane;MINISTERSTWO FINANSÓW;;
4Q24;31.12.2024;Nationale-Nederlanden;NN DFE Nasze Jutro 2055;2055;Obligacje skarbowe/gwarantowane;MINISTERSTWO FINANSÓW;;
4Q24;31.12.2024;Nationale-Nederlanden;NN DFE Nasze Jutro 2055;2055;Obligacje skarbowe/gwarantowane;MINISTERSTWO FINANSÓW;;
4Q24;31.12.2024;Nationale-Nederlanden;NN DFE Nasze Jutro 2055;2055;Obligacje skarbowe/gwarantowane;MINISTERSTWO FINANSÓW;;
4Q24;31.12.2024;Nationale-Nederlanden;NN DFE Nasze Jutro 2055;2055;Obligacje skarbowe/gwarantowane;MINISTERSTWO FINANSÓW;;
4Q24;31.12.2024;Nationale-Nederlanden;NN DFE Nasze Jutro 2055;2055;Obligacje skarbowe/gwarantowane;MINISTERSTWO FINANSÓW;;
4Q24;31.12.2024;Nationale-Nederlanden;NN DFE Nasze Jutro 2055;2055;Obligacje skarbowe/gwarantowane;MINISTERSTWO FINANSÓW;;
4Q24;31.12.2024;Nationale-Nederlanden;NN DFE Nasze Jutro 2055;2055;Obligacje skarbowe/gwarantowane;MINISTERSTWO FINANSÓW;;
4Q24;31.12.2024;Nationale-Nederlanden;NN DFE Nasze Jutro 2055;2055;Obligacje skarbowe/gwarantowane;Bank Gospodarstwa Krajowego;;
4Q24;31.12.2024;Nationale-Nederlanden;NN DFE Nasze Jutro 2055;2055;Obligacje skarbowe/gwarantowane;Bank Gospodarstwa Krajowego;;
4Q24;31.12.2024;Nationale-Nederlanden;NN DFE Nasze Jutro 2055;2055;Obligacje skarbowe/gwarantowane;Bank Gospodarstwa Krajowego;;
4Q24;31.12.2024;Nationale-Nederlanden;NN DFE Nasze Jutro 2055;2055;Obligacje skarbowe/gwarantowane;Bank Gospodarstwa Krajowego;;
4Q24;31.12.2024;Nationale-Nederlanden;NN DFE Nasze Jutro 2055;2055;Obligacje skarbowe/gwarantowane;Bank Gospodarstwa Krajowego;;
4Q24;31.12.2024;Nationale-Nederlanden;NN DFE Nasze Jutro 2055;2055;Depozyt/Gotówka;Bank Handlowy w Warszawie S.A.;;
4Q24;31.12.2024;Nationale-Nederlanden;NN DFE Nasze Jutro 2055;2055;Depozyt/Gotówka;Bank Handlowy w Warszawie S.A.;;
4Q24;31.12.2024;Nationale-Nederlanden;NN DFE Nasze Jutro 2055;2055;Depozyt/Gotówka;Bank Handlowy w Warszawie S.A.;;
4Q24;31.12.2024;Nationale-Nederlanden;NN DFE Nasze Jutro 2055;2055;Akcje;AB S.A.;1579914054;13237,44949
4Q24;31.12.2024;Nationale-Nederlanden;NN DFE Nasze Jutro 2055;2055;Akcje;Alior Bank S.A.;11225032146;59949,21086
4Q24;31.12.2024;Nationale-Nederlanden;NN DFE Nasze Jutro 2055;2055;Akcje;Allegro.eu S.A.;28620983419;147503,4236
4Q24;31.12.2024;Nationale-Nederlanden;NN DFE Nasze Jutro 2055;2055;Akcje;Asseco Poland S.A.;7984629149;1860,075364
4Q24;31.12.2024;Nationale-Nederlanden;NN DFE Nasze Jutro 2055;2055;Akcje;Atal S.A.;#VALUE!;#VALUE!
4Q24;31.12.2024;Nationale-Nederlanden;NN DFE Nasze Jutro 2055;2055;Akcje;Banco Santander S.A.;2,80565E+11;6122,456999
4Q24;31.12.2024;Nationale-Nederlanden;NN DFE Nasze Jutro 2055;2055;Akcje;Bank Millennium S.A.;10796191075;236763,973
4Q24;31.12.2024;Nationale-Nederlanden;NN DFE Nasze Jutro 2055;2055;Akcje;Bank Pekao S.A.;36194617689;46288,41363
4Q24;31.12.2024;Nationale-Nederlanden;NN DFE Nasze Jutro 2055;2055;Akcje;Benefit Systems S.A.;9556516590;2053,882356
4Q24;31.12.2024;Nationale-Nederlanden;NN DFE Nasze Jutro 2055;2055;Akcje;BNP Paribas Bank Polska S.A.;#VALUE!;#VALUE!
4Q24;31.12.2024;Nationale-Nederlanden;NN DFE Nasze Jutro 2055;2055;Akcje;Budimex S.A.;11912343727;5624,658101
4Q24;31.12.2024;Nationale-Nederlanden;NN DFE Nasze Jutro 2055;2055;Akcje;Captor Therapeutics S.A.;185329666,8;3169,177069
4Q24;31.12.2024;Nationale-Nederlanden;NN DFE Nasze Jutro 2055;2055;Akcje;CCC S.A.;12953469317;48845,39652
4Q24;31.12.2024;Nationale-Nederlanden;NN DFE Nasze Jutro 2055;2055;Akcje;CD Projekt S.A.;19127867140;40364,17947
4Q24;31.12.2024;Nationale-Nederlanden;NN DFE Nasze Jutro 2055;2055;Akcje;Compremum S.A.;55149225,87;279451,9024
4Q24;31.12.2024;Nationale-Nederlanden;NN DFE Nasze Jutro 2055;2055;Akcje;Cyfrowy Polsat S.A.;6506217202;46122,52192
4Q24;31.12.2024;Nationale-Nederlanden;NN DFE Nasze Jutro 2055;2055;Akcje;DataWalk S.A.;320242120,8;18239,95088
4Q24;31.12.2024;Nationale-Nederlanden;NN DFE Nasze Jutro 2055;2055;Akcje;Dino Polska S.A.;38215992000;192998,0267
4Q24;31.12.2024;Nationale-Nederlanden;NN DFE Nasze Jutro 2055;2055;Akcje;Grupa Kęty S.A.;6716569860;4912,852762
4Q24;31.12.2024;Nationale-Nederlanden;NN DFE Nasze Jutro 2055;2055;Akcje;Grupa Pracuj S.A.;163520000;327846,0714
4Q24;31.12.2024;Nationale-Nederlanden;NN DFE Nasze Jutro 2055;2055;Akcje;ING Bank Śląski S.A.;31419150000;13043,64733
4Q24;31.12.2024;Nationale-Nederlanden;NN DFE Nasze Jutro 2055;2055;Akcje;Inter Cars S.A.;7381580100;1513,843129
4Q24;31.12.2024;Nationale-Nederlanden;NN DFE Nasze Jutro 2055;2055;Akcje;KGHM Polska Miedź S.A.;23000000000;46045,85139
4Q24;31.12.2024;Nationale-Nederlanden;NN DFE Nasze Jutro 2055;2055;Akcje;Kruk S.A.;8104914140;9614,848389
4Q24;31.12.2024;Nationale-Nederlanden;NN DFE Nasze Jutro 2055;2055;Akcje;LPP S.A.;23416589500;777,6384521
4Q24;31.12.2024;Nationale-Nederlanden;NN DFE Nasze Jutro 2055;2055;Akcje;mBank S.A.;23270140195;6477,165936
4Q24;31.12.2024;Nationale-Nederlanden;NN DFE Nasze Jutro 2055;2055;Akcje;Mirbud S.A.;1307904840;159007,7424
4Q24;31.12.2024;Nationale-Nederlanden;NN DFE Nasze Jutro 2055;2055;Akcje;Orange Polska S.A.;9666825190;221405,8553
4Q24;31.12.2024;Nationale-Nederlanden;NN DFE Nasze Jutro 2055;2055;Akcje;Orlen S.A.;54796464713;84254,42034
4Q24;31.12.2024;Nationale-Nederlanden;NN DFE Nasze Jutro 2055;2055;Akcje;Pepco Group N.V.;9481760773;68385,76736
4Q24;31.12.2024;Nationale-Nederlanden;NN DFE Nasze Jutro 2055;2055;Akcje;PGE Polska Grupa Energetyczna S.A.;13619337874;305125,2751
4Q24;31.12.2024;Nationale-Nederlanden;NN DFE Nasze Jutro 2055;2055;Akcje;PKO Bank Polski S.A.;74700000000;135799,8189
4Q24;31.12.2024;Nationale-Nederlanden;NN DFE Nasze Jutro 2055;2055;Akcje;PKP Cargo S.A.;631495529,7;116776,527
4Q24;31.12.2024;Nationale-Nederlanden;NN DFE Nasze Jutro 2055;2055;Akcje;Powszechny Zakład Ubezpieczeń S.A.;39583894320;190576,0386
4Q24;31.12.2024;Nationale-Nederlanden;NN DFE Nasze Jutro 2055;2055;Akcje;Rainbow Tours S.A.;1759812800;18783,55135
4Q24;31.12.2024;Nationale-Nederlanden;NN DFE Nasze Jutro 2055;2055;Akcje;Render Cube S.A.;97997900;5209,348791
4Q24;31.12.2024;Nationale-Nederlanden;NN DFE Nasze Jutro 2055;2055;Akcje;Santander Bank Polska S.A.;46761830086;12105,74554
4Q24;31.12.2024;Nationale-Nederlanden;NN DFE Nasze Jutro 2055;2055;Akcje;Selvita S.A.;736236963;323,8606061
4Q24;31.12.2024;Nationale-Nederlanden;NN DFE Nasze Jutro 2055;2055;Akcje;Shoper S.A.;1116942032;44196,35264
4Q24;31.12.2024;Nationale-Nederlanden;NN DFE Nasze Jutro 2055;2055;Akcje;Text S.A.;1694350000;9880,743617
4Q24;31.12.2024;Nationale-Nederlanden;NN DFE Nasze Jutro 2055;2055;Akcje;Torpol S.A.;744228000;45620,79414
4Q24;31.12.2024;Nationale-Nederlanden;NN DFE Nasze Jutro 2055;2055;Akcje;Unimot S.A.;1076686665;2387,206267
4Q24;31.12.2024;Nationale-Nederlanden;NN DFE Nasze Jutro 2055;2055;Akcje;Vercom S.A.;2833532588;8647,340549
4Q24;31.12.2024;Nationale-Nederlanden;NN DFE Nasze Jutro 2055;2055;Akcje;XTB S.A.;8276875270;56913,34929
4Q24;31.12.2024;Nationale-Nederlanden;NN DFE Nasze Jutro 2055;2055;Akcje;Zabka Group SA;19307261146;205094,9356
4Q24;31.12.2024;Nationale-Nederlanden;NN DFE Nasze Jutro 2055;2055;Akcje;Adobe Inc.;7,54607E+11;1633,971885
4Q24;31.12.2024;Nationale-Nederlanden;NN DFE Nasze Jutro 2055;2055;Akcje;Advanced Micro Devices Inc.;8,14119E+11;1033,757538
4Q24;31.12.2024;Nationale-Nederlanden;NN DFE Nasze Jutro 2055;2055;Akcje;Alphabet Inc.;4,55599E+12;1195,681086
4Q24;31.12.2024;Nationale-Nederlanden;NN DFE Nasze Jutro 2055;2055;Akcje;Amazon.com Inc.;9,73589E+12;2447,485527
4Q24;31.12.2024;Nationale-Nederlanden;NN DFE Nasze Jutro 2055;2055;Akcje;Apple Inc.;1,51981E+13;173,6157157
4Q24;31.12.2024;Nationale-Nederlanden;NN DFE Nasze Jutro 2055;2055;Akcje;Applied Materials Inc.;5,33616E+11;1161,737163
4Q24;31.12.2024;Nationale-Nederlanden;NN DFE Nasze Jutro 2055;2055;Akcje;Arcelormittal SA;74368552714;4062,082268
4Q24;31.12.2024;Nationale-Nederlanden;NN DFE Nasze Jutro 2055;2055;Akcje;ASML Holding N.V.;1,12702E+12;22,97218964
4Q24;31.12.2024;Nationale-Nederlanden;NN DFE Nasze Jutro 2055;2055;Akcje;AT&T Inc.;6,58957E+11;6752,163148
4Q24;31.12.2024;Nationale-Nederlanden;NN DFE Nasze Jutro 2055;2055;Akcje;Axsome Therapeutics Inc.;17632792745;3214,370922
4Q24;31.12.2024;Nationale-Nederlanden;NN DFE Nasze Jutro 2055;2055;Akcje;Banco Bilbao Vizcaya Argentaria S.A.;2,30855E+11;5961,570043
4Q24;31.12.2024;Nationale-Nederlanden;NN DFE Nasze Jutro 2055;2055;Akcje;Bank of America Corp.;1,32675E+12;13895,20962
4Q24;31.12.2024;Nationale-Nederlanden;NN DFE Nasze Jutro 2055;2055;Akcje;Berkshire Hathaway Inc.;1,4722E+12;0,144632392
4Q24;31.12.2024;Nationale-Nederlanden;NN DFE Nasze Jutro 2055;2055;Akcje;BNP Paribas SA;2,79094E+11;211,7436654
4Q24;31.12.2024;Nationale-Nederlanden;NN DFE Nasze Jutro 2055;2055;Akcje;Broadcom Inc.;4,54405E+12;3416,757267
4Q24;31.12.2024;Nationale-Nederlanden;NN DFE Nasze Jutro 2055;2055;Akcje;Coca-Cola Company;1,10713E+12;539,6968584
4Q24;31.12.2024;Nationale-Nederlanden;NN DFE Nasze Jutro 2055;2055;Akcje;CrowdStrike Holdings Inc.;3,56582E+11;903,7938058
4Q24;31.12.2024;Nationale-Nederlanden;NN DFE Nasze Jutro 2055;2055;Akcje;Deutsche Post AG;1,67109E+11;61,95068776
4Q24;31.12.2024;Nationale-Nederlanden;NN DFE Nasze Jutro 2055;2055;Akcje;Eaton Corporation Plc;5,32853E+11;391,8754677
4Q24;31.12.2024;Nationale-Nederlanden;NN DFE Nasze Jutro 2055;2055;Akcje;Grenergy Renovables S.A.;3992084186;6279,250579
4Q24;31.12.2024;Nationale-Nederlanden;NN DFE Nasze Jutro 2055;2055;Akcje;InPost S.A.;35316319023;46826,31007
4Q24;31.12.2024;Nationale-Nederlanden;NN DFE Nasze Jutro 2055;2055;Akcje;Insulet Corp.;75920994362;42,6598591
4Q24;31.12.2024;Nationale-Nederlanden;NN DFE Nasze Jutro 2055;2055;Akcje;Intra-Celluar Therapies Inc.;#VALUE!;#VALUE!
4Q24;31.12.2024;Nationale-Nederlanden;NN DFE Nasze Jutro 2055;2055;Akcje;Janux Therapeutics Inc.;13312454336;5041,80035
4Q24;31.12.2024;Nationale-Nederlanden;NN DFE Nasze Jutro 2055;2055;Akcje;JP Morgan Chase & Co.;2,67259E+12;1597,264579
4Q24;31.12.2024;Nationale-Nederlanden;NN DFE Nasze Jutro 2055;2055;Akcje;Linde Plc;8,08167E+11;1410,751692
4Q24;31.12.2024;Nationale-Nederlanden;NN DFE Nasze Jutro 2055;2055;Akcje;L'Oréal S.A.;7,80654E+11;0,998794198
4Q24;31.12.2024;Nationale-Nederlanden;NN DFE Nasze Jutro 2055;2055;Akcje;LVMH S.A.;1,3531E+12;4,993954986
4Q24;31.12.2024;Nationale-Nederlanden;NN DFE Nasze Jutro 2055;2055;Akcje;Marvell Technology Inc.;3,98466E+11;4614,209636
4Q24;31.12.2024;Nationale-Nederlanden;NN DFE Nasze Jutro 2055;2055;Akcje;Mercadolibre Inc.;3,56373E+11;130,9558517
4Q24;31.12.2024;Nationale-Nederlanden;NN DFE Nasze Jutro 2055;2055;Akcje;Meta Platforms Inc.;5,29393E+12;1153,80043
4Q24;31.12.2024;Nationale-Nederlanden;NN DFE Nasze Jutro 2055;2055;Akcje;Microsoft Corporation;1,29387E+13;58,53329659
4Q24;31.12.2024;Nationale-Nederlanden;NN DFE Nasze Jutro 2055;2055;Akcje;Nvidia Corporation;1,34899E+13;5612,25197
4Q24;31.12.2024;Nationale-Nederlanden;NN DFE Nasze Jutro 2055;2055;Akcje;PepsiCo Inc.;8,59077E+11;41,667778
4Q24;31.12.2024;Nationale-Nederlanden;NN DFE Nasze Jutro 2055;2055;Akcje;Procter & Gamble Co;1,61064E+12;275,8009656
4Q24;31.12.2024;Nationale-Nederlanden;NN DFE Nasze Jutro 2055;2055;Akcje;Salesforce Inc.;1,29502E+12;1228,207162
4Q24;31.12.2024;Nationale-Nederlanden;NN DFE Nasze Jutro 2055;2055;Akcje;SAP SE;1,24142E+12;1152,082368
4Q24;31.12.2024;Nationale-Nederlanden;NN DFE Nasze Jutro 2055;2055;Akcje;Schneider Electric SE;5,94789E+11;1465,226121
4Q24;31.12.2024;Nationale-Nederlanden;NN DFE Nasze Jutro 2055;2055;Akcje;Scholar Rock Holding Corp.;18225382437;6885,103081
4Q24;31.12.2024;Nationale-Nederlanden;NN DFE Nasze Jutro 2055;2055;Akcje;SentinelOne Inc.;30588045763;6941,652289
4Q24;31.12.2024;Nationale-Nederlanden;NN DFE Nasze Jutro 2055;2055;Akcje;ServiceNow Inc.;9,16804E+11;2584,393915
4Q24;31.12.2024;Nationale-Nederlanden;NN DFE Nasze Jutro 2055;2055;Akcje;Tarsus Pharmaceuticals Inc.;9716347265;5643,006751
4Q24;31.12.2024;Nationale-Nederlanden;NN DFE Nasze Jutro 2055;2055;Akcje;Tesla Inc.;6,26444E+12;686,5261395
4Q24;31.12.2024;Nationale-Nederlanden;NN DFE Nasze Jutro 2055;2055;Akcje;Varonis Systems Inc.;21571527175;3197,505426
4Q24;31.12.2024;Nationale-Nederlanden;NN DFE Nasze Jutro 2055;2055;Akcje;Vertiv Holdings Co.;1,79688E+11;4829,493092
4Q24;31.12.2024;Nationale-Nederlanden;NN DFE Nasze Jutro 2055;2055;Akcje;Vinci SA;2,48452E+11;2389,107635
4Q24;31.12.2024;Nationale-Nederlanden;NN DFE Nasze Jutro 2055;2055;Akcje;Visa Inc.;2,19631E+12;497,036989
4Q24;31.12.2024;Nationale-Nederlanden;NN DFE Nasze Jutro 2055;2055;Akcje;Walmart Inc.;2,97684E+12;4040,781732
4Q24;31.12.2024;Nationale-Nederlanden;NN DFE Nasze Jutro 2055;2055;Akcje;Wells Fargo & Co;9,11481E+11;10080,62438
4Q24;31.12.2024;Nationale-Nederlanden;NN DFE Nasze Jutro 2055;2055;Akcje;Yara International ASA;27790201457;1727,595067
4Q24;31.12.2024;Nationale-Nederlanden;NN DFE Nasze Jutro 2055;2055;Inne;Miasto Poznań;;
4Q24;31.12.2024;Nationale-Nederlanden;NN DFE Nasze Jutro 2055;2055;Obligacje korporacyjne;Archicom S.A.;;
4Q24;31.12.2024;Nationale-Nederlanden;NN DFE Nasze Jutro 2055;2055;Obligacje korporacyjne;Bank Pekao S.A.;;
4Q24;31.12.2024;Nationale-Nederlanden;NN DFE Nasze Jutro 2055;2055;Obligacje korporacyjne;Cyfrowy Polsat S.A.;;
4Q24;31.12.2024;Nationale-Nederlanden;NN DFE Nasze Jutro 2055;2055;Obligacje korporacyjne;Develia S.A.;;
4Q24;31.12.2024;Nationale-Nederlanden;NN DFE Nasze Jutro 2055;2055;Obligacje korporacyjne;Develia S.A.;;
4Q24;31.12.2024;Nationale-Nederlanden;NN DFE Nasze Jutro 2055;2055;Obligacje korporacyjne;Develia S.A.;;
4Q24;31.12.2024;Nationale-Nederlanden;NN DFE Nasze Jutro 2055;2055;Obligacje korporacyjne;Develia S.A.;;
4Q24;31.12.2024;Nationale-Nederlanden;NN DFE Nasze Jutro 2055;2055;Obligacje korporacyjne;Echo Investment S.A.;;
4Q24;31.12.2024;Nationale-Nederlanden;NN DFE Nasze Jutro 2055;2055;Obligacje korporacyjne;Echo Investment S.A.;;
4Q24;31.12.2024;Nationale-Nederlanden;NN DFE Nasze Jutro 2055;2055;Obligacje korporacyjne;Kruk S.A.;;
4Q24;31.12.2024;Nationale-Nederlanden;NN DFE Nasze Jutro 2055;2055;Obligacje korporacyjne;Kruk S.A.;;
4Q24;31.12.2024;Nationale-Nederlanden;NN DFE Nasze Jutro 2055;2055;Obligacje korporacyjne;PKO Bank Polski S.A. - OSNP0229;;
4Q24;31.12.2024;Nationale-Nederlanden;NN DFE Nasze Jutro 2055;2055;Obligacje korporacyjne;Santander Bank Polska S.A.;;
4Q24;31.12.2024;Nationale-Nederlanden;NN DFE Nasze Jutro 2055;2055;Obligacje korporacyjne;Santander Bank Polska S.A.;;
4Q24;31.12.2024;Nationale-Nederlanden;NN DFE Nasze Jutro 2055;2055;Obligacje korporacyjne;Santander Bank Polska S.A.;;
4Q24;31.12.2024;Nationale-Nederlanden;NN DFE Nasze Jutro 2055;2055;Inne;P4 Sp. z o.o.;;
4Q24;31.12.2024;Nationale-Nederlanden;NN DFE Nasze Jutro 2055;2055;Inne;Rachunek podstawowy;;
4Q24;31.12.2024;Nationale-Nederlanden;NN DFE Nasze Jutro 2055;2055;Inne;Rachunek przeliczeniowy;;
4Q24;31.12.2024;Nationale-Nederlanden;NN DFE Nasze Jutro 2060;2060;Obligacje skarbowe/gwarantowane;MINISTERSTWO FINANSÓW;;
4Q24;31.12.2024;Nationale-Nederlanden;NN DFE Nasze Jutro 2060;2060;Obligacje skarbowe/gwarantowane;MINISTERSTWO FINANSÓW;;
4Q24;31.12.2024;Nationale-Nederlanden;NN DFE Nasze Jutro 2060;2060;Obligacje skarbowe/gwarantowane;MINISTERSTWO FINANSÓW;;
4Q24;31.12.2024;Nationale-Nederlanden;NN DFE Nasze Jutro 2060;2060;Obligacje skarbowe/gwarantowane;MINISTERSTWO FINANSÓW;;
4Q24;31.12.2024;Nationale-Nederlanden;NN DFE Nasze Jutro 2060;2060;Obligacje skarbowe/gwarantowane;MINISTERSTWO FINANSÓW;;
4Q24;31.12.2024;Nationale-Nederlanden;NN DFE Nasze Jutro 2060;2060;Obligacje skarbowe/gwarantowane;MINISTERSTWO FINANSÓW;;
4Q24;31.12.2024;Nationale-Nederlanden;NN DFE Nasze Jutro 2060;2060;Obligacje skarbowe/gwarantowane;MINISTERSTWO FINANSÓW;;
4Q24;31.12.2024;Nationale-Nederlanden;NN DFE Nasze Jutro 2060;2060;Obligacje skarbowe/gwarantowane;MINISTERSTWO FINANSÓW;;
4Q24;31.12.2024;Nationale-Nederlanden;NN DFE Nasze Jutro 2060;2060;Obligacje skarbowe/gwarantowane;MINISTERSTWO FINANSÓW;;
4Q24;31.12.2024;Nationale-Nederlanden;NN DFE Nasze Jutro 2060;2060;Obligacje skarbowe/gwarantowane;MINISTERSTWO FINANSÓW;;
4Q24;31.12.2024;Nationale-Nederlanden;NN DFE Nasze Jutro 2060;2060;Obligacje skarbowe/gwarantowane;MINISTERSTWO FINANSÓW;;
4Q24;31.12.2024;Nationale-Nederlanden;NN DFE Nasze Jutro 2060;2060;Obligacje skarbowe/gwarantowane;MINISTERSTWO FINANSÓW;;
4Q24;31.12.2024;Nationale-Nederlanden;NN DFE Nasze Jutro 2060;2060;Obligacje skarbowe/gwarantowane;MINISTERSTWO FINANSÓW;;
4Q24;31.12.2024;Nationale-Nederlanden;NN DFE Nasze Jutro 2060;2060;Obligacje skarbowe/gwarantowane;MINISTERSTWO FINANSÓW;;
4Q24;31.12.2024;Nationale-Nederlanden;NN DFE Nasze Jutro 2060;2060;Obligacje skarbowe/gwarantowane;MINISTERSTWO FINANSÓW;;
4Q24;31.12.2024;Nationale-Nederlanden;NN DFE Nasze Jutro 2060;2060;Obligacje skarbowe/gwarantowane;Bank Gospodarstwa Krajowego;;
4Q24;31.12.2024;Nationale-Nederlanden;NN DFE Nasze Jutro 2060;2060;Obligacje skarbowe/gwarantowane;Bank Gospodarstwa Krajowego;;
4Q24;31.12.2024;Nationale-Nederlanden;NN DFE Nasze Jutro 2060;2060;Obligacje skarbowe/gwarantowane;Bank Gospodarstwa Krajowego;;
4Q24;31.12.2024;Nationale-Nederlanden;NN DFE Nasze Jutro 2060;2060;Obligacje skarbowe/gwarantowane;Bank Gospodarstwa Krajowego;;
4Q24;31.12.2024;Nationale-Nederlanden;NN DFE Nasze Jutro 2060;2060;Obligacje skarbowe/gwarantowane;Bank Gospodarstwa Krajowego;;
4Q24;31.12.2024;Nationale-Nederlanden;NN DFE Nasze Jutro 2060;2060;Depozyt/Gotówka;Bank Handlowy w Warszawie S.A.;;
4Q24;31.12.2024;Nationale-Nederlanden;NN DFE Nasze Jutro 2060;2060;Depozyt/Gotówka;Bank Handlowy w Warszawie S.A.;;
4Q24;31.12.2024;Nationale-Nederlanden;NN DFE Nasze Jutro 2060;2060;Depozyt/Gotówka;Bank Handlowy w Warszawie S.A.;;
4Q24;31.12.2024;Nationale-Nederlanden;NN DFE Nasze Jutro 2060;2060;Akcje;AB S.A.;1579914054;5840,78791
4Q24;31.12.2024;Nationale-Nederlanden;NN DFE Nasze Jutro 2060;2060;Akcje;Alior Bank S.A.;11225032146;27358,72726
4Q24;31.12.2024;Nationale-Nederlanden;NN DFE Nasze Jutro 2060;2060;Akcje;Allegro.eu S.A.;28620983419;67180,71086
4Q24;31.12.2024;Nationale-Nederlanden;NN DFE Nasze Jutro 2060;2060;Akcje;Asseco Poland S.A.;7984629149;846,579106
4Q24;31.12.2024;Nationale-Nederlanden;NN DFE Nasze Jutro 2060;2060;Akcje;Atal S.A.;#VALUE!;#VALUE!
4Q24;31.12.2024;Nationale-Nederlanden;NN DFE Nasze Jutro 2060;2060;Akcje;Banco Santander S.A.;2,80565E+11;2731,910611
4Q24;31.12.2024;Nationale-Nederlanden;NN DFE Nasze Jutro 2060;2060;Akcje;Bank Millennium S.A.;10796191075;107421,8899
4Q24;31.12.2024;Nationale-Nederlanden;NN DFE Nasze Jutro 2060;2060;Akcje;Bank Pekao S.A.;36194617689;21123,96672
4Q24;31.12.2024;Nationale-Nederlanden;NN DFE Nasze Jutro 2060;2060;Akcje;Benefit Systems S.A.;9556516590;937,3355268
4Q24;31.12.2024;Nationale-Nederlanden;NN DFE Nasze Jutro 2060;2060;Akcje;BNP Paribas Bank Polska S.A.;#VALUE!;#VALUE!
4Q24;31.12.2024;Nationale-Nederlanden;NN DFE Nasze Jutro 2060;2060;Akcje;Budimex S.A.;11912343727;2566,904201
4Q24;31.12.2024;Nationale-Nederlanden;NN DFE Nasze Jutro 2060;2060;Akcje;Captor Therapeutics S.A.;185329666,8;1335,176359
4Q24;31.12.2024;Nationale-Nederlanden;NN DFE Nasze Jutro 2060;2060;Akcje;CCC S.A.;12953469317;21927,61872
4Q24;31.12.2024;Nationale-Nederlanden;NN DFE Nasze Jutro 2060;2060;Akcje;CD Projekt S.A.;19127867140;18420,49574
4Q24;31.12.2024;Nationale-Nederlanden;NN DFE Nasze Jutro 2060;2060;Akcje;Compremum S.A.;55149225,87;118103,7154
4Q24;31.12.2024;Nationale-Nederlanden;NN DFE Nasze Jutro 2060;2060;Akcje;Cyfrowy Polsat S.A.;6506217202;20998,44201
4Q24;31.12.2024;Nationale-Nederlanden;NN DFE Nasze Jutro 2060;2060;Akcje;DataWalk S.A.;320242120,8;8059,286396
4Q24;31.12.2024;Nationale-Nederlanden;NN DFE Nasze Jutro 2060;2060;Akcje;Dino Polska S.A.;38215992000;88077,33684
4Q24;31.12.2024;Nationale-Nederlanden;NN DFE Nasze Jutro 2060;2060;Akcje;Grupa Kęty S.A.;6716569860;2241,865026
4Q24;31.12.2024;Nationale-Nederlanden;NN DFE Nasze Jutro 2060;2060;Akcje;Grupa Pracuj S.A.;163520000;161085,8643
4Q24;31.12.2024;Nationale-Nederlanden;NN DFE Nasze Jutro 2060;2060;Akcje;ING Bank Śląski S.A.;31419150000;5938,522195
4Q24;31.12.2024;Nationale-Nederlanden;NN DFE Nasze Jutro 2060;2060;Akcje;Inter Cars S.A.;7381580100;689,1077735
4Q24;31.12.2024;Nationale-Nederlanden;NN DFE Nasze Jutro 2060;2060;Akcje;KGHM Polska Miedź S.A.;23000000000;21013,47122
4Q24;31.12.2024;Nationale-Nederlanden;NN DFE Nasze Jutro 2060;2060;Akcje;Kruk S.A.;8104914140;4387,144036
4Q24;31.12.2024;Nationale-Nederlanden;NN DFE Nasze Jutro 2060;2060;Akcje;LPP S.A.;23416589500;354,6594
4Q24;31.12.2024;Nationale-Nederlanden;NN DFE Nasze Jutro 2060;2060;Akcje;mBank S.A.;23270140195;2956,291283
4Q24;31.12.2024;Nationale-Nederlanden;NN DFE Nasze Jutro 2060;2060;Akcje;Mirbud S.A.;1307904840;71399,93013
4Q24;31.12.2024;Nationale-Nederlanden;NN DFE Nasze Jutro 2060;2060;Akcje;Orange Polska S.A.;9666825190;100835,7345
4Q24;31.12.2024;Nationale-Nederlanden;NN DFE Nasze Jutro 2060;2060;Akcje;Orlen S.A.;54796464713;38437,26102
4Q24;31.12.2024;Nationale-Nederlanden;NN DFE Nasze Jutro 2060;2060;Akcje;Pepco Group N.V.;9481760773;31208,55847
4Q24;31.12.2024;Nationale-Nederlanden;NN DFE Nasze Jutro 2060;2060;Akcje;PGE Polska Grupa Energetyczna S.A.;13619337874;138918,7875
4Q24;31.12.2024;Nationale-Nederlanden;NN DFE Nasze Jutro 2060;2060;Akcje;PKO Bank Polski S.A.;74700000000;61973,98461
4Q24;31.12.2024;Nationale-Nederlanden;NN DFE Nasze Jutro 2060;2060;Akcje;PKP Cargo S.A.;631495529,7;52857,89078
4Q24;31.12.2024;Nationale-Nederlanden;NN DFE Nasze Jutro 2060;2060;Akcje;Powszechny Zakład Ubezpieczeń S.A.;39583894320;86971,38525
4Q24;31.12.2024;Nationale-Nederlanden;NN DFE Nasze Jutro 2060;2060;Akcje;Rainbow Tours S.A.;1759812800;8551,125862
4Q24;31.12.2024;Nationale-Nederlanden;NN DFE Nasze Jutro 2060;2060;Akcje;Render Cube S.A.;97997900;2541,560879
4Q24;31.12.2024;Nationale-Nederlanden;NN DFE Nasze Jutro 2060;2060;Akcje;Santander Bank Polska S.A.;46761830086;5524,292264
4Q24;31.12.2024;Nationale-Nederlanden;NN DFE Nasze Jutro 2060;2060;Akcje;Selvita S.A.;736236963;149,1721212
4Q24;31.12.2024;Nationale-Nederlanden;NN DFE Nasze Jutro 2060;2060;Akcje;Shoper S.A.;1116942032;20054,04887
4Q24;31.12.2024;Nationale-Nederlanden;NN DFE Nasze Jutro 2060;2060;Akcje;Text S.A.;1694350000;4377,684802
4Q24;31.12.2024;Nationale-Nederlanden;NN DFE Nasze Jutro 2060;2060;Akcje;Torpol S.A.;744228000;20819,00185
4Q24;31.12.2024;Nationale-Nederlanden;NN DFE Nasze Jutro 2060;2060;Akcje;Unimot S.A.;1076686665;1189,117758
4Q24;31.12.2024;Nationale-Nederlanden;NN DFE Nasze Jutro 2060;2060;Akcje;Vercom S.A.;2833532588;3938,452314
4Q24;31.12.2024;Nationale-Nederlanden;NN DFE Nasze Jutro 2060;2060;Akcje;XTB S.A.;8276875270;25761,76804
4Q24;31.12.2024;Nationale-Nederlanden;NN DFE Nasze Jutro 2060;2060;Akcje;Zabka Group SA;19307261146;93376,78338
4Q24;31.12.2024;Nationale-Nederlanden;NN DFE Nasze Jutro 2060;2060;Akcje;Adobe Inc.;7,54607E+11;746,0515278
4Q24;31.12.2024;Nationale-Nederlanden;NN DFE Nasze Jutro 2060;2060;Akcje;Advanced Micro Devices Inc.;8,14119E+11;472,2347635
4Q24;31.12.2024;Nationale-Nederlanden;NN DFE Nasze Jutro 2060;2060;Akcje;Alphabet Inc.;4,55599E+12;545,9411928
4Q24;31.12.2024;Nationale-Nederlanden;NN DFE Nasze Jutro 2060;2060;Akcje;Amazon.com Inc.;9,73589E+12;1117,093115
4Q24;31.12.2024;Nationale-Nederlanden;NN DFE Nasze Jutro 2060;2060;Akcje;Apple Inc.;1,51981E+13;77,38300847
4Q24;31.12.2024;Nationale-Nederlanden;NN DFE Nasze Jutro 2060;2060;Akcje;Applied Materials Inc.;5,33616E+11;529,7759422
4Q24;31.12.2024;Nationale-Nederlanden;NN DFE Nasze Jutro 2060;2060;Akcje;Arcelormittal SA;74368552714;1838,773877
4Q24;31.12.2024;Nationale-Nederlanden;NN DFE Nasze Jutro 2060;2060;Akcje;ASML Holding N.V.;1,12702E+12;9,987907789
4Q24;31.12.2024;Nationale-Nederlanden;NN DFE Nasze Jutro 2060;2060;Akcje;AT&T Inc.;6,58957E+11;3022,897653
4Q24;31.12.2024;Nationale-Nederlanden;NN DFE Nasze Jutro 2060;2060;Akcje;Axsome Therapeutics Inc.;17632792745;1466,308709
4Q24;31.12.2024;Nationale-Nederlanden;NN DFE Nasze Jutro 2060;2060;Akcje;Banco Bilbao Vizcaya Argentaria S.A.;2,30855E+11;2625,443103
4Q24;31.12.2024;Nationale-Nederlanden;NN DFE Nasze Jutro 2060;2060;Akcje;Bank of America Corp.;1,32675E+12;6341,437997
4Q24;31.12.2024;Nationale-Nederlanden;NN DFE Nasze Jutro 2060;2060;Akcje;Berkshire Hathaway Inc.;1,4722E+12;0,065381768
4Q24;31.12.2024;Nationale-Nederlanden;NN DFE Nasze Jutro 2060;2060;Akcje;BNP Paribas SA;2,79094E+11;94,8851245
4Q24;31.12.2024;Nationale-Nederlanden;NN DFE Nasze Jutro 2060;2060;Akcje;Broadcom Inc.;4,54405E+12;1555,596805
4Q24;31.12.2024;Nationale-Nederlanden;NN DFE Nasze Jutro 2060;2060;Akcje;Coca-Cola Company;1,10713E+12;243,0619823
4Q24;31.12.2024;Nationale-Nederlanden;NN DFE Nasze Jutro 2060;2060;Akcje;CrowdStrike Holdings Inc.;3,56582E+11;405,7647285
4Q24;31.12.2024;Nationale-Nederlanden;NN DFE Nasze Jutro 2060;2060;Akcje;Deutsche Post AG;1,67109E+11;26,97853531
4Q24;31.12.2024;Nationale-Nederlanden;NN DFE Nasze Jutro 2060;2060;Akcje;Eaton Corporation Plc;5,32853E+11;177,5840741
4Q24;31.12.2024;Nationale-Nederlanden;NN DFE Nasze Jutro 2060;2060;Akcje;Grenergy Renovables S.A.;3992084186;2841,316059
4Q24;31.12.2024;Nationale-Nederlanden;NN DFE Nasze Jutro 2060;2060;Akcje;InPost S.A.;35316319023;21371,12703
4Q24;31.12.2024;Nationale-Nederlanden;NN DFE Nasze Jutro 2060;2060;Akcje;Intra-Celluar Therapies Inc.;#VALUE!;#VALUE!
4Q24;31.12.2024;Nationale-Nederlanden;NN DFE Nasze Jutro 2060;2060;Akcje;Janux Therapeutics Inc.;13312454336;2300,6562
4Q24;31.12.2024;Nationale-Nederlanden;NN DFE Nasze Jutro 2060;2060;Akcje;JP Morgan Chase & Co.;2,67259E+12;729,1859995
4Q24;31.12.2024;Nationale-Nederlanden;NN DFE Nasze Jutro 2060;2060;Akcje;Linde Plc;8,08167E+11;643,8662688
4Q24;31.12.2024;Nationale-Nederlanden;NN DFE Nasze Jutro 2060;2060;Akcje;LVMH S.A.;1,3531E+12;6,991535509
4Q24;31.12.2024;Nationale-Nederlanden;NN DFE Nasze Jutro 2060;2060;Akcje;Marvell Technology Inc.;3,98466E+11;2101,246207
4Q24;31.12.2024;Nationale-Nederlanden;NN DFE Nasze Jutro 2060;2060;Akcje;Mercadolibre Inc.;3,56373E+11;59,52538741
4Q24;31.12.2024;Nationale-Nederlanden;NN DFE Nasze Jutro 2060;2060;Akcje;Meta Platforms Inc.;5,29393E+12;526,7996733
4Q24;31.12.2024;Nationale-Nederlanden;NN DFE Nasze Jutro 2060;2060;Akcje;Microsoft Corporation;1,29387E+13;26,78642639
4Q24;31.12.2024;Nationale-Nederlanden;NN DFE Nasze Jutro 2060;2060;Akcje;Nvidia Corporation;1,34899E+13;2561,575845
4Q24;31.12.2024;Nationale-Nederlanden;NN DFE Nasze Jutro 2060;2060;Akcje;PepsiCo Inc.;8,59077E+11;18,84970455
4Q24;31.12.2024;Nationale-Nederlanden;NN DFE Nasze Jutro 2060;2060;Akcje;Procter & Gamble Co;1,61064E+12;125,9953968
4Q24;31.12.2024;Nationale-Nederlanden;NN DFE Nasze Jutro 2060;2060;Akcje;Salesforce Inc.;1,29502E+12;560,5307332
4Q24;31.12.2024;Nationale-Nederlanden;NN DFE Nasze Jutro 2060;2060;Akcje;SAP SE;1,24142E+12;535,5734224
4Q24;31.12.2024;Nationale-Nederlanden;NN DFE Nasze Jutro 2060;2060;Akcje;Schneider Electric SE;5,94789E+11;670,1886312
4Q24;31.12.2024;Nationale-Nederlanden;NN DFE Nasze Jutro 2060;2060;Akcje;Scholar Rock Holding Corp.;18225382437;3141,948393
4Q24;31.12.2024;Nationale-Nederlanden;NN DFE Nasze Jutro 2060;2060;Akcje;SentinelOne Inc.;30588045763;3271,912155
4Q24;31.12.2024;Nationale-Nederlanden;NN DFE Nasze Jutro 2060;2060;Akcje;ServiceNow Inc.;9,16804E+11;1180,586848
4Q24;31.12.2024;Nationale-Nederlanden;NN DFE Nasze Jutro 2060;2060;Akcje;Tarsus Pharmaceuticals Inc.;9716347265;2575,465103
4Q24;31.12.2024;Nationale-Nederlanden;NN DFE Nasze Jutro 2060;2060;Akcje;Tesla Inc.;6,26444E+12;313,5003749
4Q24;31.12.2024;Nationale-Nederlanden;NN DFE Nasze Jutro 2060;2060;Akcje;Varonis Systems Inc.;21571527175;1435,553882
4Q24;31.12.2024;Nationale-Nederlanden;NN DFE Nasze Jutro 2060;2060;Akcje;Vertiv Holdings Co.;1,79688E+11;2204,423519
4Q24;31.12.2024;Nationale-Nederlanden;NN DFE Nasze Jutro 2060;2060;Akcje;Vinci SA;2,48452E+11;1087,683213
4Q24;31.12.2024;Nationale-Nederlanden;NN DFE Nasze Jutro 2060;2060;Akcje;Visa Inc.;2,19631E+12;223,2202031
4Q24;31.12.2024;Nationale-Nederlanden;NN DFE Nasze Jutro 2060;2060;Akcje;Walmart Inc.;2,97684E+12;1881,994346
4Q24;31.12.2024;Nationale-Nederlanden;NN DFE Nasze Jutro 2060;2060;Akcje;Wells Fargo & Co;9,11481E+11;4600,32037
4Q24;31.12.2024;Nationale-Nederlanden;NN DFE Nasze Jutro 2060;2060;Akcje;Yara International ASA;27790201457;782,3637889
4Q24;31.12.2024;Nationale-Nederlanden;NN DFE Nasze Jutro 2060;2060;Obligacje korporacyjne;Archicom S.A.;;
4Q24;31.12.2024;Nationale-Nederlanden;NN DFE Nasze Jutro 2060;2060;Obligacje korporacyjne;Bank Pekao S.A.;;
4Q24;31.12.2024;Nationale-Nederlanden;NN DFE Nasze Jutro 2060;2060;Obligacje korporacyjne;Cyfrowy Polsat S.A.;;
4Q24;31.12.2024;Nationale-Nederlanden;NN DFE Nasze Jutro 2060;2060;Obligacje korporacyjne;Develia S.A.;;
4Q24;31.12.2024;Nationale-Nederlanden;NN DFE Nasze Jutro 2060;2060;Obligacje korporacyjne;Develia S.A.;;
4Q24;31.12.2024;Nationale-Nederlanden;NN DFE Nasze Jutro 2060;2060;Obligacje korporacyjne;Develia S.A.;;
4Q24;31.12.2024;Nationale-Nederlanden;NN DFE Nasze Jutro 2060;2060;Obligacje korporacyjne;Develia S.A.;;
4Q24;31.12.2024;Nationale-Nederlanden;NN DFE Nasze Jutro 2060;2060;Obligacje korporacyjne;Echo Investment S.A.;;
4Q24;31.12.2024;Nationale-Nederlanden;NN DFE Nasze Jutro 2060;2060;Obligacje korporacyjne;Echo Investment S.A.;;
4Q24;31.12.2024;Nationale-Nederlanden;NN DFE Nasze Jutro 2060;2060;Obligacje korporacyjne;Kruk S.A.;;
4Q24;31.12.2024;Nationale-Nederlanden;NN DFE Nasze Jutro 2060;2060;Obligacje korporacyjne;Kruk S.A.;;
4Q24;31.12.2024;Nationale-Nederlanden;NN DFE Nasze Jutro 2060;2060;Obligacje korporacyjne;PKO Bank Polski S.A. - OSNP0229;;
4Q24;31.12.2024;Nationale-Nederlanden;NN DFE Nasze Jutro 2060;2060;Obligacje korporacyjne;Santander Bank Polska S.A.;;
4Q24;31.12.2024;Nationale-Nederlanden;NN DFE Nasze Jutro 2060;2060;Obligacje korporacyjne;Santander Bank Polska S.A.;;
4Q24;31.12.2024;Nationale-Nederlanden;NN DFE Nasze Jutro 2060;2060;Obligacje korporacyjne;Santander Bank Polska S.A.;;
4Q24;31.12.2024;Nationale-Nederlanden;NN DFE Nasze Jutro 2060;2060;Inne;P4 Sp. z o.o.;;
4Q24;31.12.2024;Nationale-Nederlanden;NN DFE Nasze Jutro 2060;2060;Inne;Rachunek podstawowy;;
4Q24;31.12.2024;Nationale-Nederlanden;NN DFE Nasze Jutro 2060;2060;Inne;Rachunek przeliczeniowy;;
4Q24;31.12.2024;Nationale-Nederlanden;NN DFE Nasze Jutro 2040;2040;Obligacje skarbowe/gwarantowane;MINISTERSTWO FINANSÓW;;
4Q24;31.12.2024;Nationale-Nederlanden;NN DFE Nasze Jutro 2040;2040;Obligacje skarbowe/gwarantowane;MINISTERSTWO FINANSÓW;;
4Q24;31.12.2024;Nationale-Nederlanden;NN DFE Nasze Jutro 2040;2040;Obligacje skarbowe/gwarantowane;MINISTERSTWO FINANSÓW;;
4Q24;31.12.2024;Nationale-Nederlanden;NN DFE Nasze Jutro 2040;2040;Obligacje skarbowe/gwarantowane;MINISTERSTWO FINANSÓW;;
4Q24;31.12.2024;Nationale-Nederlanden;NN DFE Nasze Jutro 2040;2040;Obligacje skarbowe/gwarantowane;MINISTERSTWO FINANSÓW;;
4Q24;31.12.2024;Nationale-Nederlanden;NN DFE Nasze Jutro 2040;2040;Obligacje skarbowe/gwarantowane;MINISTERSTWO FINANSÓW;;
4Q24;31.12.2024;Nationale-Nederlanden;NN DFE Nasze Jutro 2040;2040;Obligacje skarbowe/gwarantowane;MINISTERSTWO FINANSÓW;;
4Q24;31.12.2024;Nationale-Nederlanden;NN DFE Nasze Jutro 2040;2040;Obligacje skarbowe/gwarantowane;MINISTERSTWO FINANSÓW;;
4Q24;31.12.2024;Nationale-Nederlanden;NN DFE Nasze Jutro 2040;2040;Obligacje skarbowe/gwarantowane;MINISTERSTWO FINANSÓW;;
4Q24;31.12.2024;Nationale-Nederlanden;NN DFE Nasze Jutro 2040;2040;Obligacje skarbowe/gwarantowane;MINISTERSTWO FINANSÓW;;
4Q24;31.12.2024;Nationale-Nederlanden;NN DFE Nasze Jutro 2040;2040;Obligacje skarbowe/gwarantowane;MINISTERSTWO FINANSÓW;;
4Q24;31.12.2024;Nationale-Nederlanden;NN DFE Nasze Jutro 2040;2040;Obligacje skarbowe/gwarantowane;MINISTERSTWO FINANSÓW;;
4Q24;31.12.2024;Nationale-Nederlanden;NN DFE Nasze Jutro 2040;2040;Obligacje skarbowe/gwarantowane;MINISTERSTWO FINANSÓW;;
4Q24;31.12.2024;Nationale-Nederlanden;NN DFE Nasze Jutro 2040;2040;Obligacje skarbowe/gwarantowane;MINISTERSTWO FINANSÓW;;
4Q24;31.12.2024;Nationale-Nederlanden;NN DFE Nasze Jutro 2040;2040;Obligacje skarbowe/gwarantowane;MINISTERSTWO FINANSÓW;;
4Q24;31.12.2024;Nationale-Nederlanden;NN DFE Nasze Jutro 2040;2040;Obligacje skarbowe/gwarantowane;Bank Gospodarstwa Krajowego;;
4Q24;31.12.2024;Nationale-Nederlanden;NN DFE Nasze Jutro 2040;2040;Obligacje skarbowe/gwarantowane;Bank Gospodarstwa Krajowego;;
4Q24;31.12.2024;Nationale-Nederlanden;NN DFE Nasze Jutro 2040;2040;Obligacje skarbowe/gwarantowane;Bank Gospodarstwa Krajowego;;
4Q24;31.12.2024;Nationale-Nederlanden;NN DFE Nasze Jutro 2040;2040;Obligacje skarbowe/gwarantowane;Bank Gospodarstwa Krajowego;;
4Q24;31.12.2024;Nationale-Nederlanden;NN DFE Nasze Jutro 2040;2040;Obligacje skarbowe/gwarantowane;Bank Gospodarstwa Krajowego;;
4Q24;31.12.2024;Nationale-Nederlanden;NN DFE Nasze Jutro 2040;2040;Depozyt/Gotówka;Bank Handlowy w Warszawie S.A.;;
4Q24;31.12.2024;Nationale-Nederlanden;NN DFE Nasze Jutro 2040;2040;Depozyt/Gotówka;Bank Handlowy w Warszawie S.A.;;
4Q24;31.12.2024;Nationale-Nederlanden;NN DFE Nasze Jutro 2040;2040;Depozyt/Gotówka;Bank Handlowy w Warszawie S.A.;;
4Q24;31.12.2024;Nationale-Nederlanden;NN DFE Nasze Jutro 2040;2040;Akcje;AB S.A.;1579914054;23941,21926
4Q24;31.12.2024;Nationale-Nederlanden;NN DFE Nasze Jutro 2040;2040;Akcje;Alior Bank S.A.;11225032146;102695,2219
4Q24;31.12.2024;Nationale-Nederlanden;NN DFE Nasze Jutro 2040;2040;Akcje;Allegro.eu S.A.;28620983419;253331,5783
4Q24;31.12.2024;Nationale-Nederlanden;NN DFE Nasze Jutro 2040;2040;Akcje;Asseco Poland S.A.;7984629149;3194,411954
4Q24;31.12.2024;Nationale-Nederlanden;NN DFE Nasze Jutro 2040;2040;Akcje;Atal S.A.;#VALUE!;#VALUE!
4Q24;31.12.2024;Nationale-Nederlanden;NN DFE Nasze Jutro 2040;2040;Akcje;Banco Santander S.A.;2,80565E+11;10585,90093
4Q24;31.12.2024;Nationale-Nederlanden;NN DFE Nasze Jutro 2040;2040;Akcje;Bank Millennium S.A.;10796191075;411096,1775
4Q24;31.12.2024;Nationale-Nederlanden;NN DFE Nasze Jutro 2040;2040;Akcje;Bank Pekao S.A.;36194617689;79292,67273
4Q24;31.12.2024;Nationale-Nederlanden;NN DFE Nasze Jutro 2040;2040;Akcje;Benefit Systems S.A.;9556516590;3504,688477
4Q24;31.12.2024;Nationale-Nederlanden;NN DFE Nasze Jutro 2040;2040;Akcje;BNP Paribas Bank Polska S.A.;#VALUE!;#VALUE!
4Q24;31.12.2024;Nationale-Nederlanden;NN DFE Nasze Jutro 2040;2040;Akcje;Budimex S.A.;11912343727;9634,942628
4Q24;31.12.2024;Nationale-Nederlanden;NN DFE Nasze Jutro 2040;2040;Akcje;Captor Therapeutics S.A.;185329666,8;5743,946572
4Q24;31.12.2024;Nationale-Nederlanden;NN DFE Nasze Jutro 2040;2040;Akcje;CCC S.A.;12953469317;84852,89723
4Q24;31.12.2024;Nationale-Nederlanden;NN DFE Nasze Jutro 2040;2040;Akcje;CD Projekt S.A.;19127867140;69145,57665
4Q24;31.12.2024;Nationale-Nederlanden;NN DFE Nasze Jutro 2040;2040;Akcje;Compremum S.A.;55149225,87;536211,9024
4Q24;31.12.2024;Nationale-Nederlanden;NN DFE Nasze Jutro 2040;2040;Akcje;Cyfrowy Polsat S.A.;6506217202;79284,31188
4Q24;31.12.2024;Nationale-Nederlanden;NN DFE Nasze Jutro 2040;2040;Akcje;DataWalk S.A.;320242120,8;31921,13339
4Q24;31.12.2024;Nationale-Nederlanden;NN DFE Nasze Jutro 2040;2040;Akcje;Dino Polska S.A.;38215992000;330607,5246
4Q24;31.12.2024;Nationale-Nederlanden;NN DFE Nasze Jutro 2040;2040;Akcje;Grenevia S.A.;1261424077;2250,523918
4Q24;31.12.2024;Nationale-Nederlanden;NN DFE Nasze Jutro 2040;2040;Akcje;Grupa Kęty S.A.;6716569860;8417,020103
4Q24;31.12.2024;Nationale-Nederlanden;NN DFE Nasze Jutro 2040;2040;Akcje;Grupa Pracuj S.A.;163520000;617482,2143
4Q24;31.12.2024;Nationale-Nederlanden;NN DFE Nasze Jutro 2040;2040;Akcje;ING Bank Śląski S.A.;31419150000;20037,23694
4Q24;31.12.2024;Nationale-Nederlanden;NN DFE Nasze Jutro 2040;2040;Akcje;Inter Cars S.A.;7381580100;2599,861036
4Q24;31.12.2024;Nationale-Nederlanden;NN DFE Nasze Jutro 2040;2040;Akcje;KGHM Polska Miedź S.A.;23000000000;78877,51287
4Q24;31.12.2024;Nationale-Nederlanden;NN DFE Nasze Jutro 2040;2040;Akcje;Kruk S.A.;8104914140;16469,57311
4Q24;31.12.2024;Nationale-Nederlanden;NN DFE Nasze Jutro 2040;2040;Akcje;LPP S.A.;23416589500;1326,205114
4Q24;31.12.2024;Nationale-Nederlanden;NN DFE Nasze Jutro 2040;2040;Akcje;mBank S.A.;23270140195;11096,12032
4Q24;31.12.2024;Nationale-Nederlanden;NN DFE Nasze Jutro 2040;2040;Akcje;Mirbud S.A.;1307904840;276806,7458
4Q24;31.12.2024;Nationale-Nederlanden;NN DFE Nasze Jutro 2040;2040;Akcje;ML System S.A.;100195914,4;2482,102578
4Q24;31.12.2024;Nationale-Nederlanden;NN DFE Nasze Jutro 2040;2040;Akcje;Orange Polska S.A.;9666825190;379871,5137
4Q24;31.12.2024;Nationale-Nederlanden;NN DFE Nasze Jutro 2040;2040;Akcje;Orlen S.A.;54796464713;144338,0542
4Q24;31.12.2024;Nationale-Nederlanden;NN DFE Nasze Jutro 2040;2040;Akcje;Pepco Group N.V.;9481760773;117146,7077
4Q24;31.12.2024;Nationale-Nederlanden;NN DFE Nasze Jutro 2040;2040;Akcje;PGE Polska Grupa Energetyczna S.A.;13619337874;524514,2224
4Q24;31.12.2024;Nationale-Nederlanden;NN DFE Nasze Jutro 2040;2040;Akcje;PKO Bank Polski S.A.;74700000000;232629,42
4Q24;31.12.2024;Nationale-Nederlanden;NN DFE Nasze Jutro 2040;2040;Akcje;PKP Cargo S.A.;631495529,7;202760,0979
4Q24;31.12.2024;Nationale-Nederlanden;NN DFE Nasze Jutro 2040;2040;Akcje;Powszechny Zakład Ubezpieczeń S.A.;39583894320;326462,4487
4Q24;31.12.2024;Nationale-Nederlanden;NN DFE Nasze Jutro 2040;2040;Akcje;Rainbow Tours S.A.;1759812800;32662,81019
4Q24;31.12.2024;Nationale-Nederlanden;NN DFE Nasze Jutro 2040;2040;Akcje;Render Cube S.A.;97997900;9458,974835
4Q24;31.12.2024;Nationale-Nederlanden;NN DFE Nasze Jutro 2040;2040;Akcje;Santander Bank Polska S.A.;46761830086;20736,38748
4Q24;31.12.2024;Nationale-Nederlanden;NN DFE Nasze Jutro 2040;2040;Akcje;Selvita S.A.;736236963;539,7676768
4Q24;31.12.2024;Nationale-Nederlanden;NN DFE Nasze Jutro 2040;2040;Akcje;Shoper S.A.;1116942032;76830,71889
4Q24;31.12.2024;Nationale-Nederlanden;NN DFE Nasze Jutro 2040;2040;Akcje;Text S.A.;1694350000;17048,71201
4Q24;31.12.2024;Nationale-Nederlanden;NN DFE Nasze Jutro 2040;2040;Akcje;Torpol S.A.;744228000;78149,4213
4Q24;31.12.2024;Nationale-Nederlanden;NN DFE Nasze Jutro 2040;2040;Akcje;Unimot S.A.;1076686665;4416,58078
4Q24;31.12.2024;Nationale-Nederlanden;NN DFE Nasze Jutro 2040;2040;Akcje;Vercom S.A.;2833532588;14835,90722
4Q24;31.12.2024;Nationale-Nederlanden;NN DFE Nasze Jutro 2040;2040;Akcje;XTB S.A.;8276875270;98819,5723
4Q24;31.12.2024;Nationale-Nederlanden;NN DFE Nasze Jutro 2040;2040;Akcje;Zabka Group SA;19307261146;352560,4177
4Q24;31.12.2024;Nationale-Nederlanden;NN DFE Nasze Jutro 2040;2040;Akcje;Adobe Inc.;7,54607E+11;2776,859338
4Q24;31.12.2024;Nationale-Nederlanden;NN DFE Nasze Jutro 2040;2040;Akcje;Advanced Micro Devices Inc.;8,14119E+11;1770,880288
4Q24;31.12.2024;Nationale-Nederlanden;NN DFE Nasze Jutro 2040;2040;Akcje;Alphabet Inc.;4,55599E+12;2048,028038
4Q24;31.12.2024;Nationale-Nederlanden;NN DFE Nasze Jutro 2040;2040;Akcje;Amazon.com Inc.;9,73589E+12;4192,571465
4Q24;31.12.2024;Nationale-Nederlanden;NN DFE Nasze Jutro 2040;2040;Akcje;Apple Inc.;1,51981E+13;300,6032089
4Q24;31.12.2024;Nationale-Nederlanden;NN DFE Nasze Jutro 2040;2040;Akcje;Applied Materials Inc.;5,33616E+11;1958,385269
4Q24;31.12.2024;Nationale-Nederlanden;NN DFE Nasze Jutro 2040;2040;Akcje;Arcelormittal SA;74368552714;7076,432932
4Q24;31.12.2024;Nationale-Nederlanden;NN DFE Nasze Jutro 2040;2040;Akcje;ASML Holding N.V.;1,12702E+12;39,95163115
4Q24;31.12.2024;Nationale-Nederlanden;NN DFE Nasze Jutro 2040;2040;Akcje;AT&T Inc.;6,58957E+11;11681,85738
4Q24;31.12.2024;Nationale-Nederlanden;NN DFE Nasze Jutro 2040;2040;Akcje;Axsome Therapeutics Inc.;17632792745;5507,090461
4Q24;31.12.2024;Nationale-Nederlanden;NN DFE Nasze Jutro 2040;2040;Akcje;Banco Bilbao Vizcaya Argentaria S.A.;2,30855E+11;10454,9263
4Q24;31.12.2024;Nationale-Nederlanden;NN DFE Nasze Jutro 2040;2040;Akcje;Bank of America Corp.;1,32675E+12;23567,09309
4Q24;31.12.2024;Nationale-Nederlanden;NN DFE Nasze Jutro 2040;2040;Akcje;Berkshire Hathaway Inc.;1,4722E+12;0,250960313
4Q24;31.12.2024;Nationale-Nederlanden;NN DFE Nasze Jutro 2040;2040;Akcje;BNP Paribas SA;2,79094E+11;366,5562245
4Q24;31.12.2024;Nationale-Nederlanden;NN DFE Nasze Jutro 2040;2040;Akcje;Broadcom Inc.;4,54405E+12;5859,282334
4Q24;31.12.2024;Nationale-Nederlanden;NN DFE Nasze Jutro 2040;2040;Akcje;Coca-Cola Company;1,10713E+12;939,5090185
4Q24;31.12.2024;Nationale-Nederlanden;NN DFE Nasze Jutro 2040;2040;Akcje;CrowdStrike Holdings Inc.;3,56582E+11;1570,47814
4Q24;31.12.2024;Nationale-Nederlanden;NN DFE Nasze Jutro 2040;2040;Akcje;Deutsche Post AG;1,67109E+11;116,9069175
4Q24;31.12.2024;Nationale-Nederlanden;NN DFE Nasze Jutro 2040;2040;Akcje;Eaton Corporation Plc;5,32853E+11;682,5577799
4Q24;31.12.2024;Nationale-Nederlanden;NN DFE Nasze Jutro 2040;2040;Akcje;Grenergy Renovables S.A.;3992084186;10926,17068
4Q24;31.12.2024;Nationale-Nederlanden;NN DFE Nasze Jutro 2040;2040;Akcje;InPost S.A.;35316319023;80380,68685
4Q24;31.12.2024;Nationale-Nederlanden;NN DFE Nasze Jutro 2040;2040;Akcje;Insulet Corp.;75920994362;45,63612769
4Q24;31.12.2024;Nationale-Nederlanden;NN DFE Nasze Jutro 2040;2040;Akcje;Intra-Celluar Therapies Inc.;#VALUE!;#VALUE!
4Q24;31.12.2024;Nationale-Nederlanden;NN DFE Nasze Jutro 2040;2040;Akcje;Janux Therapeutics Inc.;13312454336;8639,117956
4Q24;31.12.2024;Nationale-Nederlanden;NN DFE Nasze Jutro 2040;2040;Akcje;JP Morgan Chase & Co.;2,67259E+12;2695,507963
4Q24;31.12.2024;Nationale-Nederlanden;NN DFE Nasze Jutro 2040;2040;Akcje;Linde Plc;8,08167E+11;2416,730734
4Q24;31.12.2024;Nationale-Nederlanden;NN DFE Nasze Jutro 2040;2040;Akcje;L'Oréal S.A.;7,80654E+11;0,998794198
4Q24;31.12.2024;Nationale-Nederlanden;NN DFE Nasze Jutro 2040;2040;Akcje;LVMH S.A.;1,3531E+12;8,989116032
4Q24;31.12.2024;Nationale-Nederlanden;NN DFE Nasze Jutro 2040;2040;Akcje;Marvell Technology Inc.;3,98466E+11;7914,892347
4Q24;31.12.2024;Nationale-Nederlanden;NN DFE Nasze Jutro 2040;2040;Akcje;Mercadolibre Inc.;3,56373E+11;224,2122944
4Q24;31.12.2024;Nationale-Nederlanden;NN DFE Nasze Jutro 2040;2040;Akcje;Meta Platforms Inc.;5,29393E+12;1976,242868
4Q24;31.12.2024;Nationale-Nederlanden;NN DFE Nasze Jutro 2040;2040;Akcje;Microsoft Corporation;1,29387E+13;101,1931581
4Q24;31.12.2024;Nationale-Nederlanden;NN DFE Nasze Jutro 2040;2040;Akcje;Nvidia Corporation;1,34899E+13;9613,350098
4Q24;31.12.2024;Nationale-Nederlanden;NN DFE Nasze Jutro 2040;2040;Akcje;PepsiCo Inc.;8,59077E+11;73,41464965
4Q24;31.12.2024;Nationale-Nederlanden;NN DFE Nasze Jutro 2040;2040;Akcje;Procter & Gamble Co;1,61064E+12;473,2268349
4Q24;31.12.2024;Nationale-Nederlanden;NN DFE Nasze Jutro 2040;2040;Akcje;Salesforce Inc.;1,29502E+12;2098,269911
4Q24;31.12.2024;Nationale-Nederlanden;NN DFE Nasze Jutro 2040;2040;Akcje;SAP SE;1,24142E+12;2020,390773
4Q24;31.12.2024;Nationale-Nederlanden;NN DFE Nasze Jutro 2040;2040;Akcje;Schneider Electric SE;5,94789E+11;2539,925043
4Q24;31.12.2024;Nationale-Nederlanden;NN DFE Nasze Jutro 2040;2040;Akcje;Scholar Rock Holding Corp.;18225382437;11797,93177
4Q24;31.12.2024;Nationale-Nederlanden;NN DFE Nasze Jutro 2040;2040;Akcje;SentinelOne Inc.;30588045763;12369,37547
4Q24;31.12.2024;Nationale-Nederlanden;NN DFE Nasze Jutro 2040;2040;Akcje;ServiceNow Inc.;9,16804E+11;4429,68093
4Q24;31.12.2024;Nationale-Nederlanden;NN DFE Nasze Jutro 2040;2040;Akcje;Tarsus Pharmaceuticals Inc.;9716347265;9669,899229
4Q24;31.12.2024;Nationale-Nederlanden;NN DFE Nasze Jutro 2040;2040;Akcje;Tesla Inc.;6,26444E+12;1179,594762
4Q24;31.12.2024;Nationale-Nederlanden;NN DFE Nasze Jutro 2040;2040;Akcje;Varonis Systems Inc.;21571527175;5554,71074
4Q24;31.12.2024;Nationale-Nederlanden;NN DFE Nasze Jutro 2040;2040;Akcje;Vertiv Holdings Co.;1,79688E+11;8221,448123
4Q24;31.12.2024;Nationale-Nederlanden;NN DFE Nasze Jutro 2040;2040;Akcje;Vinci SA;2,48452E+11;4106,029031
4Q24;31.12.2024;Nationale-Nederlanden;NN DFE Nasze Jutro 2040;2040;Akcje;Visa Inc.;2,19631E+12;865,1022988
4Q24;31.12.2024;Nationale-Nederlanden;NN DFE Nasze Jutro 2040;2040;Akcje;Walmart Inc.;2,97684E+12;7114,275901
4Q24;31.12.2024;Nationale-Nederlanden;NN DFE Nasze Jutro 2040;2040;Akcje;Wells Fargo & Co;9,11481E+11;17269,30705
4Q24;31.12.2024;Nationale-Nederlanden;NN DFE Nasze Jutro 2040;2040;Akcje;Yara International ASA;27790201457;3009,552575
4Q24;31.12.2024;Nationale-Nederlanden;NN DFE Nasze Jutro 2040;2040;Inne;Miasto Poznań;;
4Q24;31.12.2024;Nationale-Nederlanden;NN DFE Nasze Jutro 2040;2040;Obligacje korporacyjne;Archicom S.A.;;
4Q24;31.12.2024;Nationale-Nederlanden;NN DFE Nasze Jutro 2040;2040;Obligacje korporacyjne;Bank Pekao S.A.;;
4Q24;31.12.2024;Nationale-Nederlanden;NN DFE Nasze Jutro 2040;2040;Obligacje korporacyjne;Bank Pekao S.A.;;
4Q24;31.12.2024;Nationale-Nederlanden;NN DFE Nasze Jutro 2040;2040;Obligacje korporacyjne;Cyfrowy Polsat S.A.;;
4Q24;31.12.2024;Nationale-Nederlanden;NN DFE Nasze Jutro 2040;2040;Obligacje korporacyjne;Develia S.A.;;
4Q24;31.12.2024;Nationale-Nederlanden;NN DFE Nasze Jutro 2040;2040;Obligacje korporacyjne;Develia S.A.;;
4Q24;31.12.2024;Nationale-Nederlanden;NN DFE Nasze Jutro 2040;2040;Obligacje korporacyjne;Develia S.A.;;
4Q24;31.12.2024;Nationale-Nederlanden;NN DFE Nasze Jutro 2040;2040;Obligacje korporacyjne;Develia S.A.;;
4Q24;31.12.2024;Nationale-Nederlanden;NN DFE Nasze Jutro 2040;2040;Obligacje korporacyjne;Echo Investment S.A.;;
4Q24;31.12.2024;Nationale-Nederlanden;NN DFE Nasze Jutro 2040;2040;Obligacje korporacyjne;Echo Investment S.A.;;
4Q24;31.12.2024;Nationale-Nederlanden;NN DFE Nasze Jutro 2040;2040;Obligacje korporacyjne;Kruk S.A.;;
4Q24;31.12.2024;Nationale-Nederlanden;NN DFE Nasze Jutro 2040;2040;Obligacje korporacyjne;Kruk S.A.;;
4Q24;31.12.2024;Nationale-Nederlanden;NN DFE Nasze Jutro 2040;2040;Obligacje korporacyjne;PKO Bank Polski S.A. - OSNP0229;;
4Q24;31.12.2024;Nationale-Nederlanden;NN DFE Nasze Jutro 2040;2040;Obligacje korporacyjne;Santander Bank Polska S.A.;;
4Q24;31.12.2024;Nationale-Nederlanden;NN DFE Nasze Jutro 2040;2040;Obligacje korporacyjne;Santander Bank Polska S.A.;;
4Q24;31.12.2024;Nationale-Nederlanden;NN DFE Nasze Jutro 2040;2040;Obligacje korporacyjne;Santander Bank Polska S.A.;;
4Q24;31.12.2024;Nationale-Nederlanden;NN DFE Nasze Jutro 2040;2040;Inne;P4 Sp. z o.o.;;
4Q24;31.12.2024;Nationale-Nederlanden;NN DFE Nasze Jutro 2040;2040;Inne;Rachunek podstawowy;;
4Q24;31.12.2024;Nationale-Nederlanden;NN DFE Nasze Jutro 2040;2040;Inne;Rachunek przeliczeniowy;;
4Q24;31.12.2024;Nationale-Nederlanden;NN DFE Nasze Jutro 2030;2030;Obligacje skarbowe/gwarantowane;MINISTERSTWO FINANSÓW;;
4Q24;31.12.2024;Nationale-Nederlanden;NN DFE Nasze Jutro 2030;2030;Obligacje skarbowe/gwarantowane;MINISTERSTWO FINANSÓW;;
4Q24;31.12.2024;Nationale-Nederlanden;NN DFE Nasze Jutro 2030;2030;Obligacje skarbowe/gwarantowane;MINISTERSTWO FINANSÓW;;
4Q24;31.12.2024;Nationale-Nederlanden;NN DFE Nasze Jutro 2030;2030;Obligacje skarbowe/gwarantowane;MINISTERSTWO FINANSÓW;;
4Q24;31.12.2024;Nationale-Nederlanden;NN DFE Nasze Jutro 2030;2030;Obligacje skarbowe/gwarantowane;MINISTERSTWO FINANSÓW;;
4Q24;31.12.2024;Nationale-Nederlanden;NN DFE Nasze Jutro 2030;2030;Obligacje skarbowe/gwarantowane;MINISTERSTWO FINANSÓW;;
4Q24;31.12.2024;Nationale-Nederlanden;NN DFE Nasze Jutro 2030;2030;Obligacje skarbowe/gwarantowane;MINISTERSTWO FINANSÓW;;
4Q24;31.12.2024;Nationale-Nederlanden;NN DFE Nasze Jutro 2030;2030;Obligacje skarbowe/gwarantowane;MINISTERSTWO FINANSÓW;;
4Q24;31.12.2024;Nationale-Nederlanden;NN DFE Nasze Jutro 2030;2030;Obligacje skarbowe/gwarantowane;MINISTERSTWO FINANSÓW;;
4Q24;31.12.2024;Nationale-Nederlanden;NN DFE Nasze Jutro 2030;2030;Obligacje skarbowe/gwarantowane;MINISTERSTWO FINANSÓW;;
4Q24;31.12.2024;Nationale-Nederlanden;NN DFE Nasze Jutro 2030;2030;Obligacje skarbowe/gwarantowane;MINISTERSTWO FINANSÓW;;
4Q24;31.12.2024;Nationale-Nederlanden;NN DFE Nasze Jutro 2030;2030;Obligacje skarbowe/gwarantowane;MINISTERSTWO FINANSÓW;;
4Q24;31.12.2024;Nationale-Nederlanden;NN DFE Nasze Jutro 2030;2030;Obligacje skarbowe/gwarantowane;MINISTERSTWO FINANSÓW;;
4Q24;31.12.2024;Nationale-Nederlanden;NN DFE Nasze Jutro 2030;2030;Obligacje skarbowe/gwarantowane;MINISTERSTWO FINANSÓW;;
4Q24;31.12.2024;Nationale-Nederlanden;NN DFE Nasze Jutro 2030;2030;Obligacje skarbowe/gwarantowane;MINISTERSTWO FINANSÓW;;
4Q24;31.12.2024;Nationale-Nederlanden;NN DFE Nasze Jutro 2030;2030;Obligacje skarbowe/gwarantowane;MINISTERSTWO FINANSÓW;;
4Q24;31.12.2024;Nationale-Nederlanden;NN DFE Nasze Jutro 2030;2030;Obligacje skarbowe/gwarantowane;Bank Gospodarstwa Krajowego;;
4Q24;31.12.2024;Nationale-Nederlanden;NN DFE Nasze Jutro 2030;2030;Obligacje skarbowe/gwarantowane;Bank Gospodarstwa Krajowego;;
4Q24;31.12.2024;Nationale-Nederlanden;NN DFE Nasze Jutro 2030;2030;Obligacje skarbowe/gwarantowane;Bank Gospodarstwa Krajowego;;
4Q24;31.12.2024;Nationale-Nederlanden;NN DFE Nasze Jutro 2030;2030;Obligacje skarbowe/gwarantowane;Bank Gospodarstwa Krajowego;;
4Q24;31.12.2024;Nationale-Nederlanden;NN DFE Nasze Jutro 2030;2030;Obligacje skarbowe/gwarantowane;Bank Gospodarstwa Krajowego;;
4Q24;31.12.2024;Nationale-Nederlanden;NN DFE Nasze Jutro 2030;2030;Depozyt/Gotówka;Bank Handlowy w Warszawie S.A.;;
4Q24;31.12.2024;Nationale-Nederlanden;NN DFE Nasze Jutro 2030;2030;Depozyt/Gotówka;Bank Handlowy w Warszawie S.A.;;
4Q24;31.12.2024;Nationale-Nederlanden;NN DFE Nasze Jutro 2030;2030;Depozyt/Gotówka;Bank Handlowy w Warszawie S.A.;;
4Q24;31.12.2024;Nationale-Nederlanden;NN DFE Nasze Jutro 2030;2030;Akcje;AB S.A.;1579914054;7114,139959
4Q24;31.12.2024;Nationale-Nederlanden;NN DFE Nasze Jutro 2030;2030;Akcje;Alior Bank S.A.;11225032146;27770,70784
4Q24;31.12.2024;Nationale-Nederlanden;NN DFE Nasze Jutro 2030;2030;Akcje;Allegro.eu S.A.;28620983419;68572,06388
4Q24;31.12.2024;Nationale-Nederlanden;NN DFE Nasze Jutro 2030;2030;Akcje;Asseco Poland S.A.;7984629149;864,5702703
4Q24;31.12.2024;Nationale-Nederlanden;NN DFE Nasze Jutro 2030;2030;Akcje;Atal S.A.;#VALUE!;#VALUE!
4Q24;31.12.2024;Nationale-Nederlanden;NN DFE Nasze Jutro 2030;2030;Akcje;Banco Santander S.A.;2,80565E+11;2952,449941
4Q24;31.12.2024;Nationale-Nederlanden;NN DFE Nasze Jutro 2030;2030;Akcje;Bank Millennium S.A.;10796191075;114514,9258
4Q24;31.12.2024;Nationale-Nederlanden;NN DFE Nasze Jutro 2030;2030;Akcje;Bank Pekao S.A.;36194617689;21420,14851
4Q24;31.12.2024;Nationale-Nederlanden;NN DFE Nasze Jutro 2030;2030;Akcje;Benefit Systems S.A.;9556516590;943,3763558
4Q24;31.12.2024;Nationale-Nederlanden;NN DFE Nasze Jutro 2030;2030;Akcje;BNP Paribas Bank Polska S.A.;#VALUE!;#VALUE!
4Q24;31.12.2024;Nationale-Nederlanden;NN DFE Nasze Jutro 2030;2030;Akcje;Budimex S.A.;11912343727;2605,125975
4Q24;31.12.2024;Nationale-Nederlanden;NN DFE Nasze Jutro 2030;2030;Akcje;Captor Therapeutics S.A.;185329666,8;2003,261939
4Q24;31.12.2024;Nationale-Nederlanden;NN DFE Nasze Jutro 2030;2030;Akcje;CCC S.A.;12953469317;23578,55152
4Q24;31.12.2024;Nationale-Nederlanden;NN DFE Nasze Jutro 2030;2030;Akcje;CD Projekt S.A.;19127867140;18698,37801
4Q24;31.12.2024;Nationale-Nederlanden;NN DFE Nasze Jutro 2030;2030;Akcje;Compremum S.A.;55149225,87;187769,9512
4Q24;31.12.2024;Nationale-Nederlanden;NN DFE Nasze Jutro 2030;2030;Akcje;Cyfrowy Polsat S.A.;6506217202;21477,471
4Q24;31.12.2024;Nationale-Nederlanden;NN DFE Nasze Jutro 2030;2030;Akcje;DataWalk S.A.;320242120,8;9168,255124
4Q24;31.12.2024;Nationale-Nederlanden;NN DFE Nasze Jutro 2030;2030;Akcje;Dino Polska S.A.;38215992000;89407,87019
4Q24;31.12.2024;Nationale-Nederlanden;NN DFE Nasze Jutro 2030;2030;Akcje;Grupa Kęty S.A.;6716569860;2276,95685
4Q24;31.12.2024;Nationale-Nederlanden;NN DFE Nasze Jutro 2030;2030;Akcje;Grupa Pracuj S.A.;163520000;183170,8786
4Q24;31.12.2024;Nationale-Nederlanden;NN DFE Nasze Jutro 2030;2030;Akcje;ING Bank Śląski S.A.;31419150000;5431,08501
4Q24;31.12.2024;Nationale-Nederlanden;NN DFE Nasze Jutro 2030;2030;Akcje;Inter Cars S.A.;7381580100;704,0666987
4Q24;31.12.2024;Nationale-Nederlanden;NN DFE Nasze Jutro 2030;2030;Akcje;KGHM Polska Miedź S.A.;23000000000;21330,51513
4Q24;31.12.2024;Nationale-Nederlanden;NN DFE Nasze Jutro 2030;2030;Akcje;Kruk S.A.;8104914140;4454,268639
4Q24;31.12.2024;Nationale-Nederlanden;NN DFE Nasze Jutro 2030;2030;Akcje;LPP S.A.;23416589500;355,664099
4Q24;31.12.2024;Nationale-Nederlanden;NN DFE Nasze Jutro 2030;2030;Akcje;mBank S.A.;23270140195;3000,415022
4Q24;31.12.2024;Nationale-Nederlanden;NN DFE Nasze Jutro 2030;2030;Akcje;Mirbud S.A.;1307904840;72959,5362
4Q24;31.12.2024;Nationale-Nederlanden;NN DFE Nasze Jutro 2030;2030;Akcje;Orange Polska S.A.;9666825190;102675,0312
4Q24;31.12.2024;Nationale-Nederlanden;NN DFE Nasze Jutro 2030;2030;Akcje;Orlen S.A.;54796464713;39052,16949
4Q24;31.12.2024;Nationale-Nederlanden;NN DFE Nasze Jutro 2030;2030;Akcje;Pepco Group N.V.;9481760773;31577,10597
4Q24;31.12.2024;Nationale-Nederlanden;NN DFE Nasze Jutro 2030;2030;Akcje;PGE Polska Grupa Energetyczna S.A.;13619337874;142088,0445
4Q24;31.12.2024;Nationale-Nederlanden;NN DFE Nasze Jutro 2030;2030;Akcje;PKO Bank Polski S.A.;74700000000;62907,89408
4Q24;31.12.2024;Nationale-Nederlanden;NN DFE Nasze Jutro 2030;2030;Akcje;PKP Cargo S.A.;631495529,7;56481,18865
4Q24;31.12.2024;Nationale-Nederlanden;NN DFE Nasze Jutro 2030;2030;Akcje;Powszechny Zakład Ubezpieczeń S.A.;39583894320;88282,43237
4Q24;31.12.2024;Nationale-Nederlanden;NN DFE Nasze Jutro 2030;2030;Akcje;Rainbow Tours S.A.;1759812800;9087,454498
4Q24;31.12.2024;Nationale-Nederlanden;NN DFE Nasze Jutro 2030;2030;Akcje;Render Cube S.A.;97997900;3038,452637
4Q24;31.12.2024;Nationale-Nederlanden;NN DFE Nasze Jutro 2030;2030;Akcje;Santander Bank Polska S.A.;46761830086;5607,462281
4Q24;31.12.2024;Nationale-Nederlanden;NN DFE Nasze Jutro 2030;2030;Akcje;Selvita S.A.;736236963;210,0187879
4Q24;31.12.2024;Nationale-Nederlanden;NN DFE Nasze Jutro 2030;2030;Akcje;Shoper S.A.;1116942032;21395,89647
4Q24;31.12.2024;Nationale-Nederlanden;NN DFE Nasze Jutro 2030;2030;Akcje;Text S.A.;1694350000;4740,059271
4Q24;31.12.2024;Nationale-Nederlanden;NN DFE Nasze Jutro 2030;2030;Akcje;Torpol S.A.;744228000;21256,53951
4Q24;31.12.2024;Nationale-Nederlanden;NN DFE Nasze Jutro 2030;2030;Akcje;Unimot S.A.;1076686665;1360,558078
4Q24;31.12.2024;Nationale-Nederlanden;NN DFE Nasze Jutro 2030;2030;Akcje;Vercom S.A.;2833532588;4009,677569
4Q24;31.12.2024;Nationale-Nederlanden;NN DFE Nasze Jutro 2030;2030;Akcje;XTB S.A.;8276875270;27527,72415
4Q24;31.12.2024;Nationale-Nederlanden;NN DFE Nasze Jutro 2030;2030;Akcje;Zabka Group SA;19307261146;95506,43273
4Q24;31.12.2024;Nationale-Nederlanden;NN DFE Nasze Jutro 2030;2030;Akcje;Adobe Inc.;7,54607E+11;752,0040667
4Q24;31.12.2024;Nationale-Nederlanden;NN DFE Nasze Jutro 2030;2030;Akcje;Advanced Micro Devices Inc.;8,14119E+11;480,1714587
4Q24;31.12.2024;Nationale-Nederlanden;NN DFE Nasze Jutro 2030;2030;Akcje;Alphabet Inc.;4,55599E+12;551,929585
4Q24;31.12.2024;Nationale-Nederlanden;NN DFE Nasze Jutro 2030;2030;Akcje;Amazon.com Inc.;9,73589E+12;1149,832073
4Q24;31.12.2024;Nationale-Nederlanden;NN DFE Nasze Jutro 2030;2030;Akcje;Apple Inc.;1,51981E+13;84,32763942
4Q24;31.12.2024;Nationale-Nederlanden;NN DFE Nasze Jutro 2030;2030;Akcje;Applied Materials Inc.;5,33616E+11;545,6493782
4Q24;31.12.2024;Nationale-Nederlanden;NN DFE Nasze Jutro 2030;2030;Akcje;Arcelormittal SA;74368552714;1973,610661
4Q24;31.12.2024;Nationale-Nederlanden;NN DFE Nasze Jutro 2030;2030;Akcje;ASML Holding N.V.;1,12702E+12;10,98670029
4Q24;31.12.2024;Nationale-Nederlanden;NN DFE Nasze Jutro 2030;2030;Akcje;AT&T Inc.;6,58957E+11;3260,999122
4Q24;31.12.2024;Nationale-Nederlanden;NN DFE Nasze Jutro 2030;2030;Akcje;Axsome Therapeutics Inc.;17632792745;1491,110973
4Q24;31.12.2024;Nationale-Nederlanden;NN DFE Nasze Jutro 2030;2030;Akcje;Banco Bilbao Vizcaya Argentaria S.A.;2,30855E+11;2992,248326
4Q24;31.12.2024;Nationale-Nederlanden;NN DFE Nasze Jutro 2030;2030;Akcje;Bank of America Corp.;1,32675E+12;6568,626491
4Q24;31.12.2024;Nationale-Nederlanden;NN DFE Nasze Jutro 2030;2030;Akcje;Berkshire Hathaway Inc.;1,4722E+12;0,07000472
4Q24;31.12.2024;Nationale-Nederlanden;NN DFE Nasze Jutro 2030;2030;Akcje;BNP Paribas SA;2,79094E+11;86,8947841
4Q24;31.12.2024;Nationale-Nederlanden;NN DFE Nasze Jutro 2030;2030;Akcje;Broadcom Inc.;4,54405E+12;1584,367384
4Q24;31.12.2024;Nationale-Nederlanden;NN DFE Nasze Jutro 2030;2030;Akcje;Coca-Cola Company;1,10713E+12;261,9117135
4Q24;31.12.2024;Nationale-Nederlanden;NN DFE Nasze Jutro 2030;2030;Akcje;CrowdStrike Holdings Inc.;3,56582E+11;438,5036864
4Q24;31.12.2024;Nationale-Nederlanden;NN DFE Nasze Jutro 2030;2030;Akcje;Deutsche Post AG;1,67109E+11;36,97053954
4Q24;31.12.2024;Nationale-Nederlanden;NN DFE Nasze Jutro 2030;2030;Akcje;Eaton Corporation Plc;5,32853E+11;190,4812428
4Q24;31.12.2024;Nationale-Nederlanden;NN DFE Nasze Jutro 2030;2030;Akcje;Grenergy Renovables S.A.;3992084186;3052,987681
4Q24;31.12.2024;Nationale-Nederlanden;NN DFE Nasze Jutro 2030;2030;Akcje;InPost S.A.;35316319023;22138,19862
4Q24;31.12.2024;Nationale-Nederlanden;NN DFE Nasze Jutro 2030;2030;Akcje;Insulet Corp.;75920994362;11,90507437
4Q24;31.12.2024;Nationale-Nederlanden;NN DFE Nasze Jutro 2030;2030;Akcje;Intra-Celluar Therapies Inc.;#VALUE!;#VALUE!
4Q24;31.12.2024;Nationale-Nederlanden;NN DFE Nasze Jutro 2030;2030;Akcje;Janux Therapeutics Inc.;13312454336;2338,355642
4Q24;31.12.2024;Nationale-Nederlanden;NN DFE Nasze Jutro 2030;2030;Akcje;JP Morgan Chase & Co.;2,67259E+12;751,0119847
4Q24;31.12.2024;Nationale-Nederlanden;NN DFE Nasze Jutro 2030;2030;Akcje;Linde Plc;8,08167E+11;662,7159814
4Q24;31.12.2024;Nationale-Nederlanden;NN DFE Nasze Jutro 2030;2030;Akcje;LVMH S.A.;1,3531E+12;7,990325771
4Q24;31.12.2024;Nationale-Nederlanden;NN DFE Nasze Jutro 2030;2030;Akcje;Marvell Technology Inc.;3,98466E+11;2138,945604
4Q24;31.12.2024;Nationale-Nederlanden;NN DFE Nasze Jutro 2030;2030;Akcje;Mercadolibre Inc.;3,56373E+11;59,52538883
4Q24;31.12.2024;Nationale-Nederlanden;NN DFE Nasze Jutro 2030;2030;Akcje;Meta Platforms Inc.;5,29393E+12;538,7047577
4Q24;31.12.2024;Nationale-Nederlanden;NN DFE Nasze Jutro 2030;2030;Akcje;Microsoft Corporation;1,29387E+13;28,77060506
4Q24;31.12.2024;Nationale-Nederlanden;NN DFE Nasze Jutro 2030;2030;Akcje;Nvidia Corporation;1,34899E+13;2599,275229
4Q24;31.12.2024;Nationale-Nederlanden;NN DFE Nasze Jutro 2030;2030;Akcje;PepsiCo Inc.;8,59077E+11;20,833889
4Q24;31.12.2024;Nationale-Nederlanden;NN DFE Nasze Jutro 2030;2030;Akcje;Procter & Gamble Co;1,61064E+12;127,9795875
4Q24;31.12.2024;Nationale-Nederlanden;NN DFE Nasze Jutro 2030;2030;Akcje;Salesforce Inc.;1,29502E+12;584,3408877
4Q24;31.12.2024;Nationale-Nederlanden;NN DFE Nasze Jutro 2030;2030;Akcje;SAP SE;1,24142E+12;579,538399
4Q24;31.12.2024;Nationale-Nederlanden;NN DFE Nasze Jutro 2030;2030;Akcje;Schneider Electric SE;5,94789E+11;708,1426854
4Q24;31.12.2024;Nationale-Nederlanden;NN DFE Nasze Jutro 2030;2030;Akcje;Scholar Rock Holding Corp.;18225382437;3193,537113
4Q24;31.12.2024;Nationale-Nederlanden;NN DFE Nasze Jutro 2030;2030;Akcje;SentinelOne Inc.;30588045763;3436,599036
4Q24;31.12.2024;Nationale-Nederlanden;NN DFE Nasze Jutro 2030;2030;Akcje;ServiceNow Inc.;9,16804E+11;1195,468203
4Q24;31.12.2024;Nationale-Nederlanden;NN DFE Nasze Jutro 2030;2030;Akcje;Tarsus Pharmaceuticals Inc.;9716347265;2618,124972
4Q24;31.12.2024;Nationale-Nederlanden;NN DFE Nasze Jutro 2030;2030;Akcje;Tesla Inc.;6,26444E+12;786,7272091
4Q24;31.12.2024;Nationale-Nederlanden;NN DFE Nasze Jutro 2030;2030;Akcje;Varonis Systems Inc.;21571527175;1527,818247
4Q24;31.12.2024;Nationale-Nederlanden;NN DFE Nasze Jutro 2030;2030;Akcje;Vertiv Holdings Co.;1,79688E+11;2290,735336
4Q24;31.12.2024;Nationale-Nederlanden;NN DFE Nasze Jutro 2030;2030;Akcje;Vinci SA;2,48452E+11;1112,65297
4Q24;31.12.2024;Nationale-Nederlanden;NN DFE Nasze Jutro 2030;2030;Akcje;Visa Inc.;2,19631E+12;240,0857332
4Q24;31.12.2024;Nationale-Nederlanden;NN DFE Nasze Jutro 2030;2030;Akcje;Walmart Inc.;2,97684E+12;1952,432713
4Q24;31.12.2024;Nationale-Nederlanden;NN DFE Nasze Jutro 2030;2030;Akcje;Wells Fargo & Co;9,11481E+11;4730,284114
4Q24;31.12.2024;Nationale-Nederlanden;NN DFE Nasze Jutro 2030;2030;Akcje;Yara International ASA;27790201457;839,317423
4Q24;31.12.2024;Nationale-Nederlanden;NN DFE Nasze Jutro 2030;2030;Inne;Miasto Poznań;;
4Q24;31.12.2024;Nationale-Nederlanden;NN DFE Nasze Jutro 2030;2030;Obligacje korporacyjne;Archicom S.A.;;
4Q24;31.12.2024;Nationale-Nederlanden;NN DFE Nasze Jutro 2030;2030;Obligacje korporacyjne;Bank Pekao S.A.;;
4Q24;31.12.2024;Nationale-Nederlanden;NN DFE Nasze Jutro 2030;2030;Obligacje korporacyjne;Bank Pekao S.A.;;
4Q24;31.12.2024;Nationale-Nederlanden;NN DFE Nasze Jutro 2030;2030;Obligacje korporacyjne;Cyfrowy Polsat S.A.;;
4Q24;31.12.2024;Nationale-Nederlanden;NN DFE Nasze Jutro 2030;2030;Obligacje korporacyjne;Develia S.A.;;
4Q24;31.12.2024;Nationale-Nederlanden;NN DFE Nasze Jutro 2030;2030;Obligacje korporacyjne;Develia S.A.;;
4Q24;31.12.2024;Nationale-Nederlanden;NN DFE Nasze Jutro 2030;2030;Obligacje korporacyjne;Develia S.A.;;
4Q24;31.12.2024;Nationale-Nederlanden;NN DFE Nasze Jutro 2030;2030;Obligacje korporacyjne;Develia S.A.;;
4Q24;31.12.2024;Nationale-Nederlanden;NN DFE Nasze Jutro 2030;2030;Obligacje korporacyjne;Echo Investment S.A.;;
4Q24;31.12.2024;Nationale-Nederlanden;NN DFE Nasze Jutro 2030;2030;Obligacje korporacyjne;Echo Investment S.A.;;
4Q24;31.12.2024;Nationale-Nederlanden;NN DFE Nasze Jutro 2030;2030;Obligacje korporacyjne;Kruk S.A.;;
4Q24;31.12.2024;Nationale-Nederlanden;NN DFE Nasze Jutro 2030;2030;Obligacje korporacyjne;Kruk S.A.;;
4Q24;31.12.2024;Nationale-Nederlanden;NN DFE Nasze Jutro 2030;2030;Obligacje korporacyjne;PKO Bank Polski S.A. - OSNP0229;;
4Q24;31.12.2024;Nationale-Nederlanden;NN DFE Nasze Jutro 2030;2030;Obligacje korporacyjne;Santander Bank Polska S.A.;;
4Q24;31.12.2024;Nationale-Nederlanden;NN DFE Nasze Jutro 2030;2030;Obligacje korporacyjne;Santander Bank Polska S.A.;;
4Q24;31.12.2024;Nationale-Nederlanden;NN DFE Nasze Jutro 2030;2030;Inne;P4 Sp. z o.o.;;
4Q24;31.12.2024;Nationale-Nederlanden;NN DFE Nasze Jutro 2030;2030;Inne;InPost S.A.;;
4Q24;31.12.2024;Nationale-Nederlanden;NN DFE Nasze Jutro 2030;2030;Inne;Rachunek podstawowy;;
4Q24;31.12.2024;Nationale-Nederlanden;NN DFE Nasze Jutro 2030;2030;Inne;Rachunek przeliczeniowy;;
4Q24;31.12.2024;Nationale-Nederlanden;NN DFE Nasze Jutro 2045;2045;Obligacje skarbowe/gwarantowane;MINISTERSTWO FINANSÓW;;
4Q24;31.12.2024;Nationale-Nederlanden;NN DFE Nasze Jutro 2045;2045;Obligacje skarbowe/gwarantowane;MINISTERSTWO FINANSÓW;;
4Q24;31.12.2024;Nationale-Nederlanden;NN DFE Nasze Jutro 2045;2045;Obligacje skarbowe/gwarantowane;MINISTERSTWO FINANSÓW;;
4Q24;31.12.2024;Nationale-Nederlanden;NN DFE Nasze Jutro 2045;2045;Obligacje skarbowe/gwarantowane;MINISTERSTWO FINANSÓW;;
4Q24;31.12.2024;Nationale-Nederlanden;NN DFE Nasze Jutro 2045;2045;Obligacje skarbowe/gwarantowane;MINISTERSTWO FINANSÓW;;
4Q24;31.12.2024;Nationale-Nederlanden;NN DFE Nasze Jutro 2045;2045;Obligacje skarbowe/gwarantowane;MINISTERSTWO FINANSÓW;;
4Q24;31.12.2024;Nationale-Nederlanden;NN DFE Nasze Jutro 2045;2045;Obligacje skarbowe/gwarantowane;MINISTERSTWO FINANSÓW;;
4Q24;31.12.2024;Nationale-Nederlanden;NN DFE Nasze Jutro 2045;2045;Obligacje skarbowe/gwarantowane;MINISTERSTWO FINANSÓW;;
4Q24;31.12.2024;Nationale-Nederlanden;NN DFE Nasze Jutro 2045;2045;Obligacje skarbowe/gwarantowane;MINISTERSTWO FINANSÓW;;
4Q24;31.12.2024;Nationale-Nederlanden;NN DFE Nasze Jutro 2045;2045;Obligacje skarbowe/gwarantowane;MINISTERSTWO FINANSÓW;;
4Q24;31.12.2024;Nationale-Nederlanden;NN DFE Nasze Jutro 2045;2045;Obligacje skarbowe/gwarantowane;MINISTERSTWO FINANSÓW;;
4Q24;31.12.2024;Nationale-Nederlanden;NN DFE Nasze Jutro 2045;2045;Obligacje skarbowe/gwarantowane;MINISTERSTWO FINANSÓW;;
4Q24;31.12.2024;Nationale-Nederlanden;NN DFE Nasze Jutro 2045;2045;Obligacje skarbowe/gwarantowane;MINISTERSTWO FINANSÓW;;
4Q24;31.12.2024;Nationale-Nederlanden;NN DFE Nasze Jutro 2045;2045;Obligacje skarbowe/gwarantowane;MINISTERSTWO FINANSÓW;;
4Q24;31.12.2024;Nationale-Nederlanden;NN DFE Nasze Jutro 2045;2045;Obligacje skarbowe/gwarantowane;MINISTERSTWO FINANSÓW;;
4Q24;31.12.2024;Nationale-Nederlanden;NN DFE Nasze Jutro 2045;2045;Obligacje skarbowe/gwarantowane;Bank Gospodarstwa Krajowego;;
4Q24;31.12.2024;Nationale-Nederlanden;NN DFE Nasze Jutro 2045;2045;Obligacje skarbowe/gwarantowane;Bank Gospodarstwa Krajowego;;
4Q24;31.12.2024;Nationale-Nederlanden;NN DFE Nasze Jutro 2045;2045;Obligacje skarbowe/gwarantowane;Bank Gospodarstwa Krajowego;;
4Q24;31.12.2024;Nationale-Nederlanden;NN DFE Nasze Jutro 2045;2045;Obligacje skarbowe/gwarantowane;Bank Gospodarstwa Krajowego;;
4Q24;31.12.2024;Nationale-Nederlanden;NN DFE Nasze Jutro 2045;2045;Obligacje skarbowe/gwarantowane;Bank Gospodarstwa Krajowego;;
4Q24;31.12.2024;Nationale-Nederlanden;NN DFE Nasze Jutro 2045;2045;Depozyt/Gotówka;Bank Handlowy w Warszawie S.A.;;
4Q24;31.12.2024;Nationale-Nederlanden;NN DFE Nasze Jutro 2045;2045;Depozyt/Gotówka;Bank Handlowy w Warszawie S.A.;;
4Q24;31.12.2024;Nationale-Nederlanden;NN DFE Nasze Jutro 2045;2045;Depozyt/Gotówka;Bank Handlowy w Warszawie S.A.;;
4Q24;31.12.2024;Nationale-Nederlanden;NN DFE Nasze Jutro 2045;2045;Akcje;AB S.A.;1579914054;25717,5002
4Q24;31.12.2024;Nationale-Nederlanden;NN DFE Nasze Jutro 2045;2045;Akcje;Alior Bank S.A.;11225032146;109732,8946
4Q24;31.12.2024;Nationale-Nederlanden;NN DFE Nasze Jutro 2045;2045;Akcje;Allegro.eu S.A.;28620983419;270396,4867
4Q24;31.12.2024;Nationale-Nederlanden;NN DFE Nasze Jutro 2045;2045;Akcje;Asseco Poland S.A.;7984629149;3409,305094
4Q24;31.12.2024;Nationale-Nederlanden;NN DFE Nasze Jutro 2045;2045;Akcje;Atal S.A.;#VALUE!;#VALUE!
4Q24;31.12.2024;Nationale-Nederlanden;NN DFE Nasze Jutro 2045;2045;Akcje;Banco Santander S.A.;2,80565E+11;11387,59136
4Q24;31.12.2024;Nationale-Nederlanden;NN DFE Nasze Jutro 2045;2045;Akcje;Bank Millennium S.A.;10796191075;437628,3461
4Q24;31.12.2024;Nationale-Nederlanden;NN DFE Nasze Jutro 2045;2045;Akcje;Bank Pekao S.A.;36194617689;84727,00892
4Q24;31.12.2024;Nationale-Nederlanden;NN DFE Nasze Jutro 2045;2045;Akcje;Benefit Systems S.A.;9556516590;3753,369333
4Q24;31.12.2024;Nationale-Nederlanden;NN DFE Nasze Jutro 2045;2045;Akcje;BNP Paribas Bank Polska S.A.;#VALUE!;#VALUE!
4Q24;31.12.2024;Nationale-Nederlanden;NN DFE Nasze Jutro 2045;2045;Akcje;Budimex S.A.;11912343727;10295,77958
4Q24;31.12.2024;Nationale-Nederlanden;NN DFE Nasze Jutro 2045;2045;Akcje;Captor Therapeutics S.A.;185329666,8;6087,448227
4Q24;31.12.2024;Nationale-Nederlanden;NN DFE Nasze Jutro 2045;2045;Akcje;CCC S.A.;12953469317;90595,31616
4Q24;31.12.2024;Nationale-Nederlanden;NN DFE Nasze Jutro 2045;2045;Akcje;CD Projekt S.A.;19127867140;73884,62586
4Q24;31.12.2024;Nationale-Nederlanden;NN DFE Nasze Jutro 2045;2045;Akcje;Compremum S.A.;55149225,87;556376,3984
4Q24;31.12.2024;Nationale-Nederlanden;NN DFE Nasze Jutro 2045;2045;Akcje;Cyfrowy Polsat S.A.;6506217202;84601,53536
4Q24;31.12.2024;Nationale-Nederlanden;NN DFE Nasze Jutro 2045;2045;Akcje;DataWalk S.A.;320242120,8;34288,29876
4Q24;31.12.2024;Nationale-Nederlanden;NN DFE Nasze Jutro 2045;2045;Akcje;Dino Polska S.A.;38215992000;353266,9251
4Q24;31.12.2024;Nationale-Nederlanden;NN DFE Nasze Jutro 2045;2045;Akcje;Grenevia S.A.;1261424077;2325,708428
4Q24;31.12.2024;Nationale-Nederlanden;NN DFE Nasze Jutro 2045;2045;Akcje;Grupa Kęty S.A.;6716569860;8987,512586
4Q24;31.12.2024;Nationale-Nederlanden;NN DFE Nasze Jutro 2045;2045;Akcje;Grupa Pracuj S.A.;163520000;647364,3357
4Q24;31.12.2024;Nationale-Nederlanden;NN DFE Nasze Jutro 2045;2045;Akcje;ING Bank Śląski S.A.;31419150000;22233,78679
4Q24;31.12.2024;Nationale-Nederlanden;NN DFE Nasze Jutro 2045;2045;Akcje;Inter Cars S.A.;7381580100;2775,37906
4Q24;31.12.2024;Nationale-Nederlanden;NN DFE Nasze Jutro 2045;2045;Akcje;KGHM Polska Miedź S.A.;23000000000;84283,36339
4Q24;31.12.2024;Nationale-Nederlanden;NN DFE Nasze Jutro 2045;2045;Akcje;Kruk S.A.;8104914140;17598,66907
4Q24;31.12.2024;Nationale-Nederlanden;NN DFE Nasze Jutro 2045;2045;Akcje;LPP S.A.;23416589500;1419,642291
4Q24;31.12.2024;Nationale-Nederlanden;NN DFE Nasze Jutro 2045;2045;Akcje;mBank S.A.;23270140195;11857,25503
4Q24;31.12.2024;Nationale-Nederlanden;NN DFE Nasze Jutro 2045;2045;Akcje;Mirbud S.A.;1307904840;295014,5337
4Q24;31.12.2024;Nationale-Nederlanden;NN DFE Nasze Jutro 2045;2045;Akcje;ML System S.A.;100195914,4;2360,878625
4Q24;31.12.2024;Nationale-Nederlanden;NN DFE Nasze Jutro 2045;2045;Akcje;Orange Polska S.A.;9666825190;405654,9158
4Q24;31.12.2024;Nationale-Nederlanden;NN DFE Nasze Jutro 2045;2045;Akcje;Orlen S.A.;54796464713;154118,7864
4Q24;31.12.2024;Nationale-Nederlanden;NN DFE Nasze Jutro 2045;2045;Akcje;Pepco Group N.V.;9481760773;125174,8191
4Q24;31.12.2024;Nationale-Nederlanden;NN DFE Nasze Jutro 2045;2045;Akcje;PGE Polska Grupa Energetyczna S.A.;13619337874;559693,7166
4Q24;31.12.2024;Nationale-Nederlanden;NN DFE Nasze Jutro 2045;2045;Akcje;PKO Bank Polski S.A.;74700000000;248570,8727
4Q24;31.12.2024;Nationale-Nederlanden;NN DFE Nasze Jutro 2045;2045;Akcje;PKP Cargo S.A.;631495529,7;215846,5745
4Q24;31.12.2024;Nationale-Nederlanden;NN DFE Nasze Jutro 2045;2045;Akcje;Powszechny Zakład Ubezpieczeń S.A.;39583894320;348834,2971
4Q24;31.12.2024;Nationale-Nederlanden;NN DFE Nasze Jutro 2045;2045;Akcje;Rainbow Tours S.A.;1759812800;34765,94115
4Q24;31.12.2024;Nationale-Nederlanden;NN DFE Nasze Jutro 2045;2045;Akcje;Render Cube S.A.;97997900;10035,00868
4Q24;31.12.2024;Nationale-Nederlanden;NN DFE Nasze Jutro 2045;2045;Akcje;Santander Bank Polska S.A.;46761830086;22157,29196
4Q24;31.12.2024;Nationale-Nederlanden;NN DFE Nasze Jutro 2045;2045;Akcje;Selvita S.A.;736236963;561,3585859
4Q24;31.12.2024;Nationale-Nederlanden;NN DFE Nasze Jutro 2045;2045;Akcje;Shoper S.A.;1116942032;81740,20806
4Q24;31.12.2024;Nationale-Nederlanden;NN DFE Nasze Jutro 2045;2045;Akcje;Text S.A.;1694350000;18401,57675
4Q24;31.12.2024;Nationale-Nederlanden;NN DFE Nasze Jutro 2045;2045;Akcje;Torpol S.A.;744228000;83189,0966
4Q24;31.12.2024;Nationale-Nederlanden;NN DFE Nasze Jutro 2045;2045;Akcje;Unimot S.A.;1076686665;4583,037326
4Q24;31.12.2024;Nationale-Nederlanden;NN DFE Nasze Jutro 2045;2045;Akcje;Vercom S.A.;2833532588;15843,09169
4Q24;31.12.2024;Nationale-Nederlanden;NN DFE Nasze Jutro 2045;2045;Akcje;XTB S.A.;8276875270;105197,8009
4Q24;31.12.2024;Nationale-Nederlanden;NN DFE Nasze Jutro 2045;2045;Akcje;Zabka Group SA;19307261146;376207,4213
4Q24;31.12.2024;Nationale-Nederlanden;NN DFE Nasze Jutro 2045;2045;Akcje;Adobe Inc.;7,54607E+11;2990,158639
4Q24;31.12.2024;Nationale-Nederlanden;NN DFE Nasze Jutro 2045;2045;Akcje;Advanced Micro Devices Inc.;8,14119E+11;1891,91522
4Q24;31.12.2024;Nationale-Nederlanden;NN DFE Nasze Jutro 2045;2045;Akcje;Alphabet Inc.;4,55599E+12;2187,757041
4Q24;31.12.2024;Nationale-Nederlanden;NN DFE Nasze Jutro 2045;2045;Akcje;Amazon.com Inc.;9,73589E+12;4480,277519
4Q24;31.12.2024;Nationale-Nederlanden;NN DFE Nasze Jutro 2045;2045;Akcje;Apple Inc.;1,51981E+13;324,4133638
4Q24;31.12.2024;Nationale-Nederlanden;NN DFE Nasze Jutro 2045;2045;Akcje;Applied Materials Inc.;5,33616E+11;2085,372741
4Q24;31.12.2024;Nationale-Nederlanden;NN DFE Nasze Jutro 2045;2045;Akcje;Arcelormittal SA;74368552714;7525,88874
4Q24;31.12.2024;Nationale-Nederlanden;NN DFE Nasze Jutro 2045;2045;Akcje;ASML Holding N.V.;1,12702E+12;41,94921271
4Q24;31.12.2024;Nationale-Nederlanden;NN DFE Nasze Jutro 2045;2045;Akcje;AT&T Inc.;6,58957E+11;12565,80936
4Q24;31.12.2024;Nationale-Nederlanden;NN DFE Nasze Jutro 2045;2045;Akcje;Axsome Therapeutics Inc.;17632792745;5882,100383
4Q24;31.12.2024;Nationale-Nederlanden;NN DFE Nasze Jutro 2045;2045;Akcje;Banco Bilbao Vizcaya Argentaria S.A.;2,30855E+11;11211,45964
4Q24;31.12.2024;Nationale-Nederlanden;NN DFE Nasze Jutro 2045;2045;Akcje;Bank of America Corp.;1,32675E+12;25435,19821
4Q24;31.12.2024;Nationale-Nederlanden;NN DFE Nasze Jutro 2045;2045;Akcje;Berkshire Hathaway Inc.;1,4722E+12;0,26681044
4Q24;31.12.2024;Nationale-Nederlanden;NN DFE Nasze Jutro 2045;2045;Akcje;BNP Paribas SA;2,79094E+11;335,5937047
4Q24;31.12.2024;Nationale-Nederlanden;NN DFE Nasze Jutro 2045;2045;Akcje;Broadcom Inc.;4,54405E+12;6256,118248
4Q24;31.12.2024;Nationale-Nederlanden;NN DFE Nasze Jutro 2045;2045;Akcje;Coca-Cola Company;1,10713E+12;1001,018608
4Q24;31.12.2024;Nationale-Nederlanden;NN DFE Nasze Jutro 2045;2045;Akcje;CrowdStrike Holdings Inc.;3,56582E+11;1677,623844
4Q24;31.12.2024;Nationale-Nederlanden;NN DFE Nasze Jutro 2045;2045;Akcje;Deutsche Post AG;1,67109E+11;121,9029196
4Q24;31.12.2024;Nationale-Nederlanden;NN DFE Nasze Jutro 2045;2045;Akcje;Eaton Corporation Plc;5,32853E+11;726,2097303
4Q24;31.12.2024;Nationale-Nederlanden;NN DFE Nasze Jutro 2045;2045;Akcje;Grenergy Renovables S.A.;3992084186;11619,27163
4Q24;31.12.2024;Nationale-Nederlanden;NN DFE Nasze Jutro 2045;2045;Akcje;InPost S.A.;35316319023;85779,15136
4Q24;31.12.2024;Nationale-Nederlanden;NN DFE Nasze Jutro 2045;2045;Akcje;Insulet Corp.;75920994362;37,69941144
4Q24;31.12.2024;Nationale-Nederlanden;NN DFE Nasze Jutro 2045;2045;Akcje;Intra-Celluar Therapies Inc.;#VALUE!;#VALUE!
4Q24;31.12.2024;Nationale-Nederlanden;NN DFE Nasze Jutro 2045;2045;Akcje;Janux Therapeutics Inc.;13312454336;9227,427199
4Q24;31.12.2024;Nationale-Nederlanden;NN DFE Nasze Jutro 2045;2045;Akcje;JP Morgan Chase & Co.;2,67259E+12;2872,099946
4Q24;31.12.2024;Nationale-Nederlanden;NN DFE Nasze Jutro 2045;2045;Akcje;Linde Plc;8,08167E+11;2582,409735
4Q24;31.12.2024;Nationale-Nederlanden;NN DFE Nasze Jutro 2045;2045;Akcje;L'Oréal S.A.;7,80654E+11;0,998794198
4Q24;31.12.2024;Nationale-Nederlanden;NN DFE Nasze Jutro 2045;2045;Akcje;LVMH S.A.;1,3531E+12;9,987909972
4Q24;31.12.2024;Nationale-Nederlanden;NN DFE Nasze Jutro 2045;2045;Akcje;Marvell Technology Inc.;3,98466E+11;8450,620876
4Q24;31.12.2024;Nationale-Nederlanden;NN DFE Nasze Jutro 2045;2045;Akcje;Mercadolibre Inc.;3,56373E+11;239,0936388
4Q24;31.12.2024;Nationale-Nederlanden;NN DFE Nasze Jutro 2045;2045;Akcje;Meta Platforms Inc.;5,29393E+12;2111,167079
4Q24;31.12.2024;Nationale-Nederlanden;NN DFE Nasze Jutro 2045;2045;Akcje;Microsoft Corporation;1,29387E+13;108,137792
4Q24;31.12.2024;Nationale-Nederlanden;NN DFE Nasze Jutro 2045;2045;Akcje;Nvidia Corporation;1,34899E+13;10272,09772
4Q24;31.12.2024;Nationale-Nederlanden;NN DFE Nasze Jutro 2045;2045;Akcje;PepsiCo Inc.;8,59077E+11;78,37509487
4Q24;31.12.2024;Nationale-Nederlanden;NN DFE Nasze Jutro 2045;2045;Akcje;Procter & Gamble Co;1,61064E+12;504,9737115
4Q24;31.12.2024;Nationale-Nederlanden;NN DFE Nasze Jutro 2045;2045;Akcje;Salesforce Inc.;1,29502E+12;2233,194123
4Q24;31.12.2024;Nationale-Nederlanden;NN DFE Nasze Jutro 2045;2045;Akcje;SAP SE;1,24142E+12;2166,274572
4Q24;31.12.2024;Nationale-Nederlanden;NN DFE Nasze Jutro 2045;2045;Akcje;Schneider Electric SE;5,94789E+11;2702,727937
4Q24;31.12.2024;Nationale-Nederlanden;NN DFE Nasze Jutro 2045;2045;Akcje;Scholar Rock Holding Corp.;18225382437;12601,52456
4Q24;31.12.2024;Nationale-Nederlanden;NN DFE Nasze Jutro 2045;2045;Akcje;SentinelOne Inc.;30588045763;13388,2517
4Q24;31.12.2024;Nationale-Nederlanden;NN DFE Nasze Jutro 2045;2045;Akcje;ServiceNow Inc.;9,16804E+11;4732,268314
4Q24;31.12.2024;Nationale-Nederlanden;NN DFE Nasze Jutro 2045;2045;Akcje;Tarsus Pharmaceuticals Inc.;9716347265;10327,65475
4Q24;31.12.2024;Nationale-Nederlanden;NN DFE Nasze Jutro 2045;2045;Akcje;Tesla Inc.;6,26444E+12;1257,969856
4Q24;31.12.2024;Nationale-Nederlanden;NN DFE Nasze Jutro 2045;2045;Akcje;Varonis Systems Inc.;21571527175;5929,720696
4Q24;31.12.2024;Nationale-Nederlanden;NN DFE Nasze Jutro 2045;2045;Akcje;Vertiv Holdings Co.;1,79688E+11;8755,192444
4Q24;31.12.2024;Nationale-Nederlanden;NN DFE Nasze Jutro 2045;2045;Akcje;Vinci SA;2,48452E+11;4381,695296
4Q24;31.12.2024;Nationale-Nederlanden;NN DFE Nasze Jutro 2045;2045;Akcje;Visa Inc.;2,19631E+12;921,6514208
4Q24;31.12.2024;Nationale-Nederlanden;NN DFE Nasze Jutro 2045;2045;Akcje;Walmart Inc.;2,97684E+12;7595,439481
4Q24;31.12.2024;Nationale-Nederlanden;NN DFE Nasze Jutro 2045;2045;Akcje;Wells Fargo & Co;9,11481E+11;18452,87018
4Q24;31.12.2024;Nationale-Nederlanden;NN DFE Nasze Jutro 2045;2045;Akcje;Yara International ASA;27790201457;3200,397332
4Q24;31.12.2024;Nationale-Nederlanden;NN DFE Nasze Jutro 2045;2045;Inne;Miasto Poznań;;
4Q24;31.12.2024;Nationale-Nederlanden;NN DFE Nasze Jutro 2045;2045;Obligacje korporacyjne;Archicom S.A.;;
4Q24;31.12.2024;Nationale-Nederlanden;NN DFE Nasze Jutro 2045;2045;Obligacje korporacyjne;Bank Pekao S.A.;;
4Q24;31.12.2024;Nationale-Nederlanden;NN DFE Nasze Jutro 2045;2045;Obligacje korporacyjne;Bank Pekao S.A.;;
4Q24;31.12.2024;Nationale-Nederlanden;NN DFE Nasze Jutro 2045;2045;Obligacje korporacyjne;Cyfrowy Polsat S.A.;;
4Q24;31.12.2024;Nationale-Nederlanden;NN DFE Nasze Jutro 2045;2045;Obligacje korporacyjne;Develia S.A.;;
4Q24;31.12.2024;Nationale-Nederlanden;NN DFE Nasze Jutro 2045;2045;Obligacje korporacyjne;Develia S.A.;;
4Q24;31.12.2024;Nationale-Nederlanden;NN DFE Nasze Jutro 2045;2045;Obligacje korporacyjne;Develia S.A.;;
4Q24;31.12.2024;Nationale-Nederlanden;NN DFE Nasze Jutro 2045;2045;Obligacje korporacyjne;Develia S.A.;;
4Q24;31.12.2024;Nationale-Nederlanden;NN DFE Nasze Jutro 2045;2045;Obligacje korporacyjne;Echo Investment S.A.;;
4Q24;31.12.2024;Nationale-Nederlanden;NN DFE Nasze Jutro 2045;2045;Obligacje korporacyjne;Echo Investment S.A.;;
4Q24;31.12.2024;Nationale-Nederlanden;NN DFE Nasze Jutro 2045;2045;Obligacje korporacyjne;Kruk S.A.;;
4Q24;31.12.2024;Nationale-Nederlanden;NN DFE Nasze Jutro 2045;2045;Obligacje korporacyjne;Kruk S.A.;;
4Q24;31.12.2024;Nationale-Nederlanden;NN DFE Nasze Jutro 2045;2045;Obligacje korporacyjne;PKO Bank Polski S.A. - OSNP0229;;
4Q24;31.12.2024;Nationale-Nederlanden;NN DFE Nasze Jutro 2045;2045;Obligacje korporacyjne;Santander Bank Polska S.A.;;
4Q24;31.12.2024;Nationale-Nederlanden;NN DFE Nasze Jutro 2045;2045;Obligacje korporacyjne;Santander Bank Polska S.A.;;
4Q24;31.12.2024;Nationale-Nederlanden;NN DFE Nasze Jutro 2045;2045;Inne;P4 Sp. z o.o.;;
4Q24;31.12.2024;Nationale-Nederlanden;NN DFE Nasze Jutro 2045;2045;Inne;Rachunek podstawowy;;
4Q24;31.12.2024;Nationale-Nederlanden;NN DFE Nasze Jutro 2045;2045;Inne;Rachunek przeliczeniowy;;
4Q24;31.12.2024;Nationale-Nederlanden;NN DFE Nasze Jutro 2050;2050;Obligacje skarbowe/gwarantowane;MINISTERSTWO FINANSÓW;;
4Q24;31.12.2024;Nationale-Nederlanden;NN DFE Nasze Jutro 2050;2050;Obligacje skarbowe/gwarantowane;MINISTERSTWO FINANSÓW;;
4Q24;31.12.2024;Nationale-Nederlanden;NN DFE Nasze Jutro 2050;2050;Obligacje skarbowe/gwarantowane;MINISTERSTWO FINANSÓW;;
4Q24;31.12.2024;Nationale-Nederlanden;NN DFE Nasze Jutro 2050;2050;Obligacje skarbowe/gwarantowane;MINISTERSTWO FINANSÓW;;
4Q24;31.12.2024;Nationale-Nederlanden;NN DFE Nasze Jutro 2050;2050;Obligacje skarbowe/gwarantowane;MINISTERSTWO FINANSÓW;;
4Q24;31.12.2024;Nationale-Nederlanden;NN DFE Nasze Jutro 2050;2050;Obligacje skarbowe/gwarantowane;MINISTERSTWO FINANSÓW;;
4Q24;31.12.2024;Nationale-Nederlanden;NN DFE Nasze Jutro 2050;2050;Obligacje skarbowe/gwarantowane;MINISTERSTWO FINANSÓW;;
4Q24;31.12.2024;Nationale-Nederlanden;NN DFE Nasze Jutro 2050;2050;Obligacje skarbowe/gwarantowane;MINISTERSTWO FINANSÓW;;
4Q24;31.12.2024;Nationale-Nederlanden;NN DFE Nasze Jutro 2050;2050;Obligacje skarbowe/gwarantowane;MINISTERSTWO FINANSÓW;;
4Q24;31.12.2024;Nationale-Nederlanden;NN DFE Nasze Jutro 2050;2050;Obligacje skarbowe/gwarantowane;MINISTERSTWO FINANSÓW;;
4Q24;31.12.2024;Nationale-Nederlanden;NN DFE Nasze Jutro 2050;2050;Obligacje skarbowe/gwarantowane;MINISTERSTWO FINANSÓW;;
4Q24;31.12.2024;Nationale-Nederlanden;NN DFE Nasze Jutro 2050;2050;Obligacje skarbowe/gwarantowane;MINISTERSTWO FINANSÓW;;
4Q24;31.12.2024;Nationale-Nederlanden;NN DFE Nasze Jutro 2050;2050;Obligacje skarbowe/gwarantowane;MINISTERSTWO FINANSÓW;;
4Q24;31.12.2024;Nationale-Nederlanden;NN DFE Nasze Jutro 2050;2050;Obligacje skarbowe/gwarantowane;MINISTERSTWO FINANSÓW;;
4Q24;31.12.2024;Nationale-Nederlanden;NN DFE Nasze Jutro 2050;2050;Obligacje skarbowe/gwarantowane;MINISTERSTWO FINANSÓW;;
4Q24;31.12.2024;Nationale-Nederlanden;NN DFE Nasze Jutro 2050;2050;Obligacje skarbowe/gwarantowane;Bank Gospodarstwa Krajowego;;
4Q24;31.12.2024;Nationale-Nederlanden;NN DFE Nasze Jutro 2050;2050;Obligacje skarbowe/gwarantowane;Bank Gospodarstwa Krajowego;;
4Q24;31.12.2024;Nationale-Nederlanden;NN DFE Nasze Jutro 2050;2050;Obligacje skarbowe/gwarantowane;Bank Gospodarstwa Krajowego;;
4Q24;31.12.2024;Nationale-Nederlanden;NN DFE Nasze Jutro 2050;2050;Obligacje skarbowe/gwarantowane;Bank Gospodarstwa Krajowego;;
4Q24;31.12.2024;Nationale-Nederlanden;NN DFE Nasze Jutro 2050;2050;Obligacje skarbowe/gwarantowane;Bank Gospodarstwa Krajowego;;
4Q24;31.12.2024;Nationale-Nederlanden;NN DFE Nasze Jutro 2050;2050;Depozyt/Gotówka;Bank Handlowy w Warszawie S.A.;;
4Q24;31.12.2024;Nationale-Nederlanden;NN DFE Nasze Jutro 2050;2050;Depozyt/Gotówka;Bank Handlowy w Warszawie S.A.;;
4Q24;31.12.2024;Nationale-Nederlanden;NN DFE Nasze Jutro 2050;2050;Depozyt/Gotówka;Bank Handlowy w Warszawie S.A.;;
4Q24;31.12.2024;Nationale-Nederlanden;NN DFE Nasze Jutro 2050;2050;Akcje;AB S.A.;1579914054;20149,21516
4Q24;31.12.2024;Nationale-Nederlanden;NN DFE Nasze Jutro 2050;2050;Akcje;Alior Bank S.A.;11225032146;90177,80472
4Q24;31.12.2024;Nationale-Nederlanden;NN DFE Nasze Jutro 2050;2050;Akcje;Allegro.eu S.A.;28620983419;221930,216
4Q24;31.12.2024;Nationale-Nederlanden;NN DFE Nasze Jutro 2050;2050;Akcje;Asseco Poland S.A.;7984629149;2798,608732
4Q24;31.12.2024;Nationale-Nederlanden;NN DFE Nasze Jutro 2050;2050;Akcje;Atal S.A.;#VALUE!;#VALUE!
4Q24;31.12.2024;Nationale-Nederlanden;NN DFE Nasze Jutro 2050;2050;Akcje;Banco Santander S.A.;2,80565E+11;9296,438945
4Q24;31.12.2024;Nationale-Nederlanden;NN DFE Nasze Jutro 2050;2050;Akcje;Bank Millennium S.A.;10796191075;358393,0056
4Q24;31.12.2024;Nationale-Nederlanden;NN DFE Nasze Jutro 2050;2050;Akcje;Bank Pekao S.A.;36194617689;69627,7401
4Q24;31.12.2024;Nationale-Nederlanden;NN DFE Nasze Jutro 2050;2050;Akcje;Benefit Systems S.A.;9556516590;3089,884784
4Q24;31.12.2024;Nationale-Nederlanden;NN DFE Nasze Jutro 2050;2050;Akcje;BNP Paribas Bank Polska S.A.;#VALUE!;#VALUE!
4Q24;31.12.2024;Nationale-Nederlanden;NN DFE Nasze Jutro 2050;2050;Akcje;Budimex S.A.;11912343727;8461,127218
4Q24;31.12.2024;Nationale-Nederlanden;NN DFE Nasze Jutro 2050;2050;Akcje;Captor Therapeutics S.A.;185329666,8;4846,859338
4Q24;31.12.2024;Nationale-Nederlanden;NN DFE Nasze Jutro 2050;2050;Akcje;CCC S.A.;12953469317;73964,81861
4Q24;31.12.2024;Nationale-Nederlanden;NN DFE Nasze Jutro 2050;2050;Akcje;CD Projekt S.A.;19127867140;60717,81379
4Q24;31.12.2024;Nationale-Nederlanden;NN DFE Nasze Jutro 2050;2050;Akcje;Compremum S.A.;55149225,87;430551,252
4Q24;31.12.2024;Nationale-Nederlanden;NN DFE Nasze Jutro 2050;2050;Akcje;Cyfrowy Polsat S.A.;6506217202;69411,32178
4Q24;31.12.2024;Nationale-Nederlanden;NN DFE Nasze Jutro 2050;2050;Akcje;DataWalk S.A.;320242120,8;27670,5742
4Q24;31.12.2024;Nationale-Nederlanden;NN DFE Nasze Jutro 2050;2050;Akcje;Dino Polska S.A.;38215992000;290308,4646
4Q24;31.12.2024;Nationale-Nederlanden;NN DFE Nasze Jutro 2050;2050;Akcje;Grenevia S.A.;1261424077;1778,364465
4Q24;31.12.2024;Nationale-Nederlanden;NN DFE Nasze Jutro 2050;2050;Akcje;Grupa Kęty S.A.;6716569860;7386,323678
4Q24;31.12.2024;Nationale-Nederlanden;NN DFE Nasze Jutro 2050;2050;Akcje;Grupa Pracuj S.A.;163520000;503873
4Q24;31.12.2024;Nationale-Nederlanden;NN DFE Nasze Jutro 2050;2050;Akcje;ING Bank Śląski S.A.;31419150000;18631,48538
4Q24;31.12.2024;Nationale-Nederlanden;NN DFE Nasze Jutro 2050;2050;Akcje;Inter Cars S.A.;7381580100;2277,745528
4Q24;31.12.2024;Nationale-Nederlanden;NN DFE Nasze Jutro 2050;2050;Akcje;KGHM Polska Miedź S.A.;23000000000;69263,53278
4Q24;31.12.2024;Nationale-Nederlanden;NN DFE Nasze Jutro 2050;2050;Akcje;Kruk S.A.;8104914140;14461,84603
4Q24;31.12.2024;Nationale-Nederlanden;NN DFE Nasze Jutro 2050;2050;Akcje;LPP S.A.;23416589500;1169,471786
4Q24;31.12.2024;Nationale-Nederlanden;NN DFE Nasze Jutro 2050;2050;Akcje;mBank S.A.;23270140195;9744,329075
4Q24;31.12.2024;Nationale-Nederlanden;NN DFE Nasze Jutro 2050;2050;Akcje;Mirbud S.A.;1307904840;240981,9116
4Q24;31.12.2024;Nationale-Nederlanden;NN DFE Nasze Jutro 2050;2050;Akcje;ML System S.A.;100195914,4;2278,407089
4Q24;31.12.2024;Nationale-Nederlanden;NN DFE Nasze Jutro 2050;2050;Akcje;Orange Polska S.A.;9666825190;333121,1512
4Q24;31.12.2024;Nationale-Nederlanden;NN DFE Nasze Jutro 2050;2050;Akcje;Orlen S.A.;54796464713;126658,1898
4Q24;31.12.2024;Nationale-Nederlanden;NN DFE Nasze Jutro 2050;2050;Akcje;Pepco Group N.V.;9481760773;102868,2948
4Q24;31.12.2024;Nationale-Nederlanden;NN DFE Nasze Jutro 2050;2050;Akcje;PGE Polska Grupa Energetyczna S.A.;13619337874;459199,3608
4Q24;31.12.2024;Nationale-Nederlanden;NN DFE Nasze Jutro 2050;2050;Akcje;PKO Bank Polski S.A.;74700000000;204274,172
4Q24;31.12.2024;Nationale-Nederlanden;NN DFE Nasze Jutro 2050;2050;Akcje;PKP Cargo S.A.;631495529,7;176765,8851
4Q24;31.12.2024;Nationale-Nederlanden;NN DFE Nasze Jutro 2050;2050;Akcje;Powszechny Zakład Ubezpieczeń S.A.;39583894320;286669,7029
4Q24;31.12.2024;Nationale-Nederlanden;NN DFE Nasze Jutro 2050;2050;Akcje;Rainbow Tours S.A.;1759812800;28457,5524
4Q24;31.12.2024;Nationale-Nederlanden;NN DFE Nasze Jutro 2050;2050;Akcje;Render Cube S.A.;97997900;7977,315824
4Q24;31.12.2024;Nationale-Nederlanden;NN DFE Nasze Jutro 2050;2050;Akcje;Santander Bank Polska S.A.;46761830086;18209,22161
4Q24;31.12.2024;Nationale-Nederlanden;NN DFE Nasze Jutro 2050;2050;Akcje;Selvita S.A.;736236963;495,6048485
4Q24;31.12.2024;Nationale-Nederlanden;NN DFE Nasze Jutro 2050;2050;Akcje;Shoper S.A.;1116942032;66896,27003
4Q24;31.12.2024;Nationale-Nederlanden;NN DFE Nasze Jutro 2050;2050;Akcje;Text S.A.;1694350000;15005,32249
4Q24;31.12.2024;Nationale-Nederlanden;NN DFE Nasze Jutro 2050;2050;Akcje;Torpol S.A.;744228000;68623,48735
4Q24;31.12.2024;Nationale-Nederlanden;NN DFE Nasze Jutro 2050;2050;Akcje;Unimot S.A.;1076686665;3651,079944
4Q24;31.12.2024;Nationale-Nederlanden;NN DFE Nasze Jutro 2050;2050;Akcje;Vercom S.A.;2833532588;13010,13459
4Q24;31.12.2024;Nationale-Nederlanden;NN DFE Nasze Jutro 2050;2050;Akcje;XTB S.A.;8276875270;86151,06236
4Q24;31.12.2024;Nationale-Nederlanden;NN DFE Nasze Jutro 2050;2050;Akcje;Zabka Group SA;19307261146;308658,2587
4Q24;31.12.2024;Nationale-Nederlanden;NN DFE Nasze Jutro 2050;2050;Akcje;Adobe Inc.;7,54607E+11;2457,406419
4Q24;31.12.2024;Nationale-Nederlanden;NN DFE Nasze Jutro 2050;2050;Akcje;Advanced Micro Devices Inc.;8,14119E+11;1555,596816
4Q24;31.12.2024;Nationale-Nederlanden;NN DFE Nasze Jutro 2050;2050;Akcje;Alphabet Inc.;4,55599E+12;1798,511954
4Q24;31.12.2024;Nationale-Nederlanden;NN DFE Nasze Jutro 2050;2050;Akcje;Amazon.com Inc.;9,73589E+12;3681,64523
4Q24;31.12.2024;Nationale-Nederlanden;NN DFE Nasze Jutro 2050;2050;Akcje;Apple Inc.;1,51981E+13;263,895889
4Q24;31.12.2024;Nationale-Nederlanden;NN DFE Nasze Jutro 2050;2050;Akcje;Applied Materials Inc.;5,33616E+11;1748,062231
4Q24;31.12.2024;Nationale-Nederlanden;NN DFE Nasze Jutro 2050;2050;Akcje;Arcelormittal SA;74368552714;6155,547756
4Q24;31.12.2024;Nationale-Nederlanden;NN DFE Nasze Jutro 2050;2050;Akcje;ASML Holding N.V.;1,12702E+12;33,95888648
4Q24;31.12.2024;Nationale-Nederlanden;NN DFE Nasze Jutro 2050;2050;Akcje;AT&T Inc.;6,58957E+11;10247,29546
4Q24;31.12.2024;Nationale-Nederlanden;NN DFE Nasze Jutro 2050;2050;Akcje;Axsome Therapeutics Inc.;17632792745;4832,469378
4Q24;31.12.2024;Nationale-Nederlanden;NN DFE Nasze Jutro 2050;2050;Akcje;Banco Bilbao Vizcaya Argentaria S.A.;2,30855E+11;9083,395789
4Q24;31.12.2024;Nationale-Nederlanden;NN DFE Nasze Jutro 2050;2050;Akcje;Bank of America Corp.;1,32675E+12;20902,33991
4Q24;31.12.2024;Nationale-Nederlanden;NN DFE Nasze Jutro 2050;2050;Akcje;Berkshire Hathaway Inc.;1,4722E+12;0,218599643
4Q24;31.12.2024;Nationale-Nederlanden;NN DFE Nasze Jutro 2050;2050;Akcje;BNP Paribas SA;2,79094E+11;321,6106288
4Q24;31.12.2024;Nationale-Nederlanden;NN DFE Nasze Jutro 2050;2050;Akcje;Broadcom Inc.;4,54405E+12;5140,017213
4Q24;31.12.2024;Nationale-Nederlanden;NN DFE Nasze Jutro 2050;2050;Akcje;Coca-Cola Company;1,10713E+12;818,4740903
4Q24;31.12.2024;Nationale-Nederlanden;NN DFE Nasze Jutro 2050;2050;Akcje;CrowdStrike Holdings Inc.;3,56582E+11;1369,083918
4Q24;31.12.2024;Nationale-Nederlanden;NN DFE Nasze Jutro 2050;2050;Akcje;Deutsche Post AG;1,67109E+11;94,92438432
4Q24;31.12.2024;Nationale-Nederlanden;NN DFE Nasze Jutro 2050;2050;Akcje;Eaton Corporation Plc;5,32853E+11;594,2617858
4Q24;31.12.2024;Nationale-Nederlanden;NN DFE Nasze Jutro 2050;2050;Akcje;Grenergy Renovables S.A.;3992084186;9510,435646
4Q24;31.12.2024;Nationale-Nederlanden;NN DFE Nasze Jutro 2050;2050;Akcje;InPost S.A.;35316319023;70415,75067
4Q24;31.12.2024;Nationale-Nederlanden;NN DFE Nasze Jutro 2050;2050;Akcje;Intra-Celluar Therapies Inc.;#VALUE!;#VALUE!
4Q24;31.12.2024;Nationale-Nederlanden;NN DFE Nasze Jutro 2050;2050;Akcje;Janux Therapeutics Inc.;13312454336;7581,550201
4Q24;31.12.2024;Nationale-Nederlanden;NN DFE Nasze Jutro 2050;2050;Akcje;JP Morgan Chase & Co.;2,67259E+12;2403,833567
4Q24;31.12.2024;Nationale-Nederlanden;NN DFE Nasze Jutro 2050;2050;Akcje;Linde Plc;8,08167E+11;2122,080061
4Q24;31.12.2024;Nationale-Nederlanden;NN DFE Nasze Jutro 2050;2050;Akcje;L'Oréal S.A.;7,80654E+11;0,998794198
4Q24;31.12.2024;Nationale-Nederlanden;NN DFE Nasze Jutro 2050;2050;Akcje;LVMH S.A.;1,3531E+12;7,990325771
4Q24;31.12.2024;Nationale-Nederlanden;NN DFE Nasze Jutro 2050;2050;Akcje;Marvell Technology Inc.;3,98466E+11;6942,644369
4Q24;31.12.2024;Nationale-Nederlanden;NN DFE Nasze Jutro 2050;2050;Akcje;Mercadolibre Inc.;3,56373E+11;196,4337797
4Q24;31.12.2024;Nationale-Nederlanden;NN DFE Nasze Jutro 2050;2050;Akcje;Meta Platforms Inc.;5,29393E+12;1735,165051
4Q24;31.12.2024;Nationale-Nederlanden;NN DFE Nasze Jutro 2050;2050;Akcje;Microsoft Corporation;1,29387E+13;88,29599386
4Q24;31.12.2024;Nationale-Nederlanden;NN DFE Nasze Jutro 2050;2050;Akcje;Nvidia Corporation;1,34899E+13;8441,69206
4Q24;31.12.2024;Nationale-Nederlanden;NN DFE Nasze Jutro 2050;2050;Akcje;PepsiCo Inc.;8,59077E+11;63,49374331
4Q24;31.12.2024;Nationale-Nederlanden;NN DFE Nasze Jutro 2050;2050;Akcje;Procter & Gamble Co;1,61064E+12;414,6935293
4Q24;31.12.2024;Nationale-Nederlanden;NN DFE Nasze Jutro 2050;2050;Akcje;Salesforce Inc.;1,29502E+12;1847,271195
4Q24;31.12.2024;Nationale-Nederlanden;NN DFE Nasze Jutro 2050;2050;Akcje;SAP SE;1,24142E+12;1751,604852
4Q24;31.12.2024;Nationale-Nederlanden;NN DFE Nasze Jutro 2050;2050;Akcje;Schneider Electric SE;5,94789E+11;2221,310772
4Q24;31.12.2024;Nationale-Nederlanden;NN DFE Nasze Jutro 2050;2050;Akcje;Scholar Rock Holding Corp.;18225382437;10353,44907
4Q24;31.12.2024;Nationale-Nederlanden;NN DFE Nasze Jutro 2050;2050;Akcje;SentinelOne Inc.;30588045763;10628,25803
4Q24;31.12.2024;Nationale-Nederlanden;NN DFE Nasze Jutro 2050;2050;Akcje;ServiceNow Inc.;9,16804E+11;3888,991994
4Q24;31.12.2024;Nationale-Nederlanden;NN DFE Nasze Jutro 2050;2050;Akcje;Tarsus Pharmaceuticals Inc.;9716347265;8485,344024
4Q24;31.12.2024;Nationale-Nederlanden;NN DFE Nasze Jutro 2050;2050;Akcje;Tesla Inc.;6,26444E+12;1032,765475
4Q24;31.12.2024;Nationale-Nederlanden;NN DFE Nasze Jutro 2050;2050;Akcje;Varonis Systems Inc.;21571527175;4841,398184
4Q24;31.12.2024;Nationale-Nederlanden;NN DFE Nasze Jutro 2050;2050;Akcje;Vertiv Holdings Co.;1,79688E+11;7265,073558
4Q24;31.12.2024;Nationale-Nederlanden;NN DFE Nasze Jutro 2050;2050;Akcje;Vinci SA;2,48452E+11;3594,64813
4Q24;31.12.2024;Nationale-Nederlanden;NN DFE Nasze Jutro 2050;2050;Akcje;Visa Inc.;2,19631E+12;752,9961574
4Q24;31.12.2024;Nationale-Nederlanden;NN DFE Nasze Jutro 2050;2050;Akcje;Walmart Inc.;2,97684E+12;6200,5612
4Q24;31.12.2024;Nationale-Nederlanden;NN DFE Nasze Jutro 2050;2050;Akcje;Wells Fargo & Co;9,11481E+11;15164,09246
4Q24;31.12.2024;Nationale-Nederlanden;NN DFE Nasze Jutro 2050;2050;Akcje;Yara International ASA;27790201457;2617,871086
4Q24;31.12.2024;Nationale-Nederlanden;NN DFE Nasze Jutro 2050;2050;Inne;Miasto Poznań;;
4Q24;31.12.2024;Nationale-Nederlanden;NN DFE Nasze Jutro 2050;2050;Obligacje korporacyjne;Archicom S.A.;;
4Q24;31.12.2024;Nationale-Nederlanden;NN DFE Nasze Jutro 2050;2050;Obligacje korporacyjne;Bank Pekao S.A.;;
4Q24;31.12.2024;Nationale-Nederlanden;NN DFE Nasze Jutro 2050;2050;Obligacje korporacyjne;Bank Pekao S.A.;;
4Q24;31.12.2024;Nationale-Nederlanden;NN DFE Nasze Jutro 2050;2050;Obligacje korporacyjne;Cyfrowy Polsat S.A.;;
4Q24;31.12.2024;Nationale-Nederlanden;NN DFE Nasze Jutro 2050;2050;Obligacje korporacyjne;Develia S.A.;;
4Q24;31.12.2024;Nationale-Nederlanden;NN DFE Nasze Jutro 2050;2050;Obligacje korporacyjne;Develia S.A.;;
4Q24;31.12.2024;Nationale-Nederlanden;NN DFE Nasze Jutro 2050;2050;Obligacje korporacyjne;Develia S.A.;;
4Q24;31.12.2024;Nationale-Nederlanden;NN DFE Nasze Jutro 2050;2050;Obligacje korporacyjne;Develia S.A.;;
4Q24;31.12.2024;Nationale-Nederlanden;NN DFE Nasze Jutro 2050;2050;Obligacje korporacyjne;Echo Investment S.A.;;
4Q24;31.12.2024;Nationale-Nederlanden;NN DFE Nasze Jutro 2050;2050;Obligacje korporacyjne;Echo Investment S.A.;;
4Q24;31.12.2024;Nationale-Nederlanden;NN DFE Nasze Jutro 2050;2050;Obligacje korporacyjne;Kruk S.A.;;
4Q24;31.12.2024;Nationale-Nederlanden;NN DFE Nasze Jutro 2050;2050;Obligacje korporacyjne;Kruk S.A.;;
4Q24;31.12.2024;Nationale-Nederlanden;NN DFE Nasze Jutro 2050;2050;Obligacje korporacyjne;PKO Bank Polski S.A. - OSNP0229;;
4Q24;31.12.2024;Nationale-Nederlanden;NN DFE Nasze Jutro 2050;2050;Obligacje korporacyjne;Santander Bank Polska S.A.;;
4Q24;31.12.2024;Nationale-Nederlanden;NN DFE Nasze Jutro 2050;2050;Obligacje korporacyjne;Santander Bank Polska S.A.;;
4Q24;31.12.2024;Nationale-Nederlanden;NN DFE Nasze Jutro 2050;2050;Obligacje korporacyjne;Santander Bank Polska S.A.;;
4Q24;31.12.2024;Nationale-Nederlanden;NN DFE Nasze Jutro 2050;2050;Inne;P4 Sp. z o.o.;;
4Q24;31.12.2024;Nationale-Nederlanden;NN DFE Nasze Jutro 2050;2050;Inne;Rachunek podstawowy;;
4Q24;31.12.2024;Nationale-Nederlanden;NN DFE Nasze Jutro 2050;2050;Inne;Rachunek przeliczeniowy;;
4Q24;31.12.2024;Nationale-Nederlanden;NN DFE Nasze Jutro 2025;2025;Obligacje skarbowe/gwarantowane;MINISTERSTWO FINANSÓW;;
4Q24;31.12.2024;Nationale-Nederlanden;NN DFE Nasze Jutro 2025;2025;Obligacje skarbowe/gwarantowane;MINISTERSTWO FINANSÓW;;
4Q24;31.12.2024;Nationale-Nederlanden;NN DFE Nasze Jutro 2025;2025;Obligacje skarbowe/gwarantowane;MINISTERSTWO FINANSÓW;;
4Q24;31.12.2024;Nationale-Nederlanden;NN DFE Nasze Jutro 2025;2025;Obligacje skarbowe/gwarantowane;MINISTERSTWO FINANSÓW;;
4Q24;31.12.2024;Nationale-Nederlanden;NN DFE Nasze Jutro 2025;2025;Obligacje skarbowe/gwarantowane;MINISTERSTWO FINANSÓW;;
4Q24;31.12.2024;Nationale-Nederlanden;NN DFE Nasze Jutro 2025;2025;Obligacje skarbowe/gwarantowane;MINISTERSTWO FINANSÓW;;
4Q24;31.12.2024;Nationale-Nederlanden;NN DFE Nasze Jutro 2025;2025;Obligacje skarbowe/gwarantowane;MINISTERSTWO FINANSÓW;;
4Q24;31.12.2024;Nationale-Nederlanden;NN DFE Nasze Jutro 2025;2025;Obligacje skarbowe/gwarantowane;MINISTERSTWO FINANSÓW;;
4Q24;31.12.2024;Nationale-Nederlanden;NN DFE Nasze Jutro 2025;2025;Obligacje skarbowe/gwarantowane;MINISTERSTWO FINANSÓW;;
4Q24;31.12.2024;Nationale-Nederlanden;NN DFE Nasze Jutro 2025;2025;Obligacje skarbowe/gwarantowane;MINISTERSTWO FINANSÓW;;
4Q24;31.12.2024;Nationale-Nederlanden;NN DFE Nasze Jutro 2025;2025;Obligacje skarbowe/gwarantowane;MINISTERSTWO FINANSÓW;;
4Q24;31.12.2024;Nationale-Nederlanden;NN DFE Nasze Jutro 2025;2025;Obligacje skarbowe/gwarantowane;MINISTERSTWO FINANSÓW;;
4Q24;31.12.2024;Nationale-Nederlanden;NN DFE Nasze Jutro 2025;2025;Obligacje skarbowe/gwarantowane;MINISTERSTWO FINANSÓW;;
4Q24;31.12.2024;Nationale-Nederlanden;NN DFE Nasze Jutro 2025;2025;Obligacje skarbowe/gwarantowane;MINISTERSTWO FINANSÓW;;
4Q24;31.12.2024;Nationale-Nederlanden;NN DFE Nasze Jutro 2025;2025;Obligacje skarbowe/gwarantowane;MINISTERSTWO FINANSÓW;;
4Q24;31.12.2024;Nationale-Nederlanden;NN DFE Nasze Jutro 2025;2025;Obligacje skarbowe/gwarantowane;MINISTERSTWO FINANSÓW;;
4Q24;31.12.2024;Nationale-Nederlanden;NN DFE Nasze Jutro 2025;2025;Obligacje skarbowe/gwarantowane;Bank Gospodarstwa Krajowego;;
4Q24;31.12.2024;Nationale-Nederlanden;NN DFE Nasze Jutro 2025;2025;Obligacje skarbowe/gwarantowane;Bank Gospodarstwa Krajowego;;
4Q24;31.12.2024;Nationale-Nederlanden;NN DFE Nasze Jutro 2025;2025;Obligacje skarbowe/gwarantowane;Bank Gospodarstwa Krajowego;;
4Q24;31.12.2024;Nationale-Nederlanden;NN DFE Nasze Jutro 2025;2025;Obligacje skarbowe/gwarantowane;Bank Gospodarstwa Krajowego;;
4Q24;31.12.2024;Nationale-Nederlanden;NN DFE Nasze Jutro 2025;2025;Obligacje skarbowe/gwarantowane;Bank Gospodarstwa Krajowego;;
4Q24;31.12.2024;Nationale-Nederlanden;NN DFE Nasze Jutro 2025;2025;Depozyt/Gotówka;Bank Handlowy w Warszawie S.A.;;
4Q24;31.12.2024;Nationale-Nederlanden;NN DFE Nasze Jutro 2025;2025;Depozyt/Gotówka;Bank Handlowy w Warszawie S.A.;;
4Q24;31.12.2024;Nationale-Nederlanden;NN DFE Nasze Jutro 2025;2025;Depozyt/Gotówka;Bank Handlowy w Warszawie S.A.;;
4Q24;31.12.2024;Nationale-Nederlanden;NN DFE Nasze Jutro 2025;2025;Akcje;AB S.A.;1579914054;1668,081045
4Q24;31.12.2024;Nationale-Nederlanden;NN DFE Nasze Jutro 2025;2025;Akcje;Alior Bank S.A.;11225032146;6691,688881
4Q24;31.12.2024;Nationale-Nederlanden;NN DFE Nasze Jutro 2025;2025;Akcje;Allegro.eu S.A.;28620983419;16636,95495
4Q24;31.12.2024;Nationale-Nederlanden;NN DFE Nasze Jutro 2025;2025;Akcje;Asseco Poland S.A.;7984629149;209,8956341
4Q24;31.12.2024;Nationale-Nederlanden;NN DFE Nasze Jutro 2025;2025;Akcje;Atal S.A.;#VALUE!;#VALUE!
4Q24;31.12.2024;Nationale-Nederlanden;NN DFE Nasze Jutro 2025;2025;Akcje;Banco Santander S.A.;2,80565E+11;718,2434063
4Q24;31.12.2024;Nationale-Nederlanden;NN DFE Nasze Jutro 2025;2025;Akcje;Bank Millennium S.A.;10796191075;28249,75056
4Q24;31.12.2024;Nationale-Nederlanden;NN DFE Nasze Jutro 2025;2025;Akcje;Bank Pekao S.A.;36194617689;5201,192676
4Q24;31.12.2024;Nationale-Nederlanden;NN DFE Nasze Jutro 2025;2025;Akcje;Benefit Systems S.A.;9556516590;226,5311364
4Q24;31.12.2024;Nationale-Nederlanden;NN DFE Nasze Jutro 2025;2025;Akcje;BNP Paribas Bank Polska S.A.;#VALUE!;#VALUE!
4Q24;31.12.2024;Nationale-Nederlanden;NN DFE Nasze Jutro 2025;2025;Akcje;Budimex S.A.;11912343727;626,6384269
4Q24;31.12.2024;Nationale-Nederlanden;NN DFE Nasze Jutro 2025;2025;Akcje;Captor Therapeutics S.A.;185329666,8;490,8591017
4Q24;31.12.2024;Nationale-Nederlanden;NN DFE Nasze Jutro 2025;2025;Akcje;CCC S.A.;12953469317;5919,124157
4Q24;31.12.2024;Nationale-Nederlanden;NN DFE Nasze Jutro 2025;2025;Akcje;CD Projekt S.A.;19127867140;4575,530008
4Q24;31.12.2024;Nationale-Nederlanden;NN DFE Nasze Jutro 2025;2025;Akcje;Compremum S.A.;55149225,87;44217,5935
4Q24;31.12.2024;Nationale-Nederlanden;NN DFE Nasze Jutro 2025;2025;Akcje;Cyfrowy Polsat S.A.;6506217202;5213,433522
4Q24;31.12.2024;Nationale-Nederlanden;NN DFE Nasze Jutro 2025;2025;Akcje;DataWalk S.A.;320242120,8;2179,89894
4Q24;31.12.2024;Nationale-Nederlanden;NN DFE Nasze Jutro 2025;2025;Akcje;Dino Polska S.A.;38215992000;21641,3412
4Q24;31.12.2024;Nationale-Nederlanden;NN DFE Nasze Jutro 2025;2025;Akcje;Grupa Kęty S.A.;6716569860;551,442652
4Q24;31.12.2024;Nationale-Nederlanden;NN DFE Nasze Jutro 2025;2025;Akcje;Grupa Pracuj S.A.;163520000;43067,81429
4Q24;31.12.2024;Nationale-Nederlanden;NN DFE Nasze Jutro 2025;2025;Akcje;ING Bank Śląski S.A.;31419150000;1312,302899
4Q24;31.12.2024;Nationale-Nederlanden;NN DFE Nasze Jutro 2025;2025;Akcje;Inter Cars S.A.;7381580100;170,5317466
4Q24;31.12.2024;Nationale-Nederlanden;NN DFE Nasze Jutro 2025;2025;Akcje;KGHM Polska Miedź S.A.;23000000000;5152,215739
4Q24;31.12.2024;Nationale-Nederlanden;NN DFE Nasze Jutro 2025;2025;Akcje;Kruk S.A.;8104914140;1092,027177
4Q24;31.12.2024;Nationale-Nederlanden;NN DFE Nasze Jutro 2025;2025;Akcje;LPP S.A.;23416589500;86,40427588
4Q24;31.12.2024;Nationale-Nederlanden;NN DFE Nasze Jutro 2025;2025;Akcje;mBank S.A.;23270140195;723,0277961
4Q24;31.12.2024;Nationale-Nederlanden;NN DFE Nasze Jutro 2025;2025;Akcje;Mirbud S.A.;1307904840;17702,29545
4Q24;31.12.2024;Nationale-Nederlanden;NN DFE Nasze Jutro 2025;2025;Akcje;Orange Polska S.A.;9666825190;24889,45018
4Q24;31.12.2024;Nationale-Nederlanden;NN DFE Nasze Jutro 2025;2025;Akcje;Orlen S.A.;54796464713;9461,816949
4Q24;31.12.2024;Nationale-Nederlanden;NN DFE Nasze Jutro 2025;2025;Akcje;Pepco Group N.V.;9481760773;7669,553593
4Q24;31.12.2024;Nationale-Nederlanden;NN DFE Nasze Jutro 2025;2025;Akcje;PGE Polska Grupa Energetyczna S.A.;13619337874;34487,49588
4Q24;31.12.2024;Nationale-Nederlanden;NN DFE Nasze Jutro 2025;2025;Akcje;PKO Bank Polski S.A.;74700000000;15168,52761
4Q24;31.12.2024;Nationale-Nederlanden;NN DFE Nasze Jutro 2025;2025;Akcje;PKP Cargo S.A.;631495529,7;13947,86738
4Q24;31.12.2024;Nationale-Nederlanden;NN DFE Nasze Jutro 2025;2025;Akcje;Powszechny Zakład Ubezpieczeń S.A.;39583894320;21301,99498
4Q24;31.12.2024;Nationale-Nederlanden;NN DFE Nasze Jutro 2025;2025;Akcje;Rainbow Tours S.A.;1759812800;2267,846177
4Q24;31.12.2024;Nationale-Nederlanden;NN DFE Nasze Jutro 2025;2025;Akcje;Render Cube S.A.;97997900;746,3393407
4Q24;31.12.2024;Nationale-Nederlanden;NN DFE Nasze Jutro 2025;2025;Akcje;Santander Bank Polska S.A.;46761830086;1351,763156
4Q24;31.12.2024;Nationale-Nederlanden;NN DFE Nasze Jutro 2025;2025;Akcje;Selvita S.A.;736236963;52,01393939
4Q24;31.12.2024;Nationale-Nederlanden;NN DFE Nasze Jutro 2025;2025;Akcje;Shoper S.A.;1116942032;5339,51738
4Q24;31.12.2024;Nationale-Nederlanden;NN DFE Nasze Jutro 2025;2025;Akcje;Text S.A.;1694350000;1147,519149
4Q24;31.12.2024;Nationale-Nederlanden;NN DFE Nasze Jutro 2025;2025;Akcje;Torpol S.A.;744228000;5238,464506
4Q24;31.12.2024;Nationale-Nederlanden;NN DFE Nasze Jutro 2025;2025;Akcje;Unimot S.A.;1076686665;352,8480501
4Q24;31.12.2024;Nationale-Nederlanden;NN DFE Nasze Jutro 2025;2025;Akcje;Vercom S.A.;2833532588;972,0734118
4Q24;31.12.2024;Nationale-Nederlanden;NN DFE Nasze Jutro 2025;2025;Akcje;XTB S.A.;8276875270;6878,932813
4Q24;31.12.2024;Nationale-Nederlanden;NN DFE Nasze Jutro 2025;2025;Akcje;Zabka Group SA;19307261146;23181,29922
4Q24;31.12.2024;Nationale-Nederlanden;NN DFE Nasze Jutro 2025;2025;Akcje;Adobe Inc.;7,54607E+11;182,5445236
4Q24;31.12.2024;Nationale-Nederlanden;NN DFE Nasze Jutro 2025;2025;Akcje;Advanced Micro Devices Inc.;8,14119E+11;120,0428697
4Q24;31.12.2024;Nationale-Nederlanden;NN DFE Nasze Jutro 2025;2025;Akcje;Alphabet Inc.;4,55599E+12;137,732881
4Q24;31.12.2024;Nationale-Nederlanden;NN DFE Nasze Jutro 2025;2025;Akcje;Amazon.com Inc.;9,73589E+12;288,6981301
4Q24;31.12.2024;Nationale-Nederlanden;NN DFE Nasze Jutro 2025;2025;Akcje;Apple Inc.;1,51981E+13;43,65195077
4Q24;31.12.2024;Nationale-Nederlanden;NN DFE Nasze Jutro 2025;2025;Akcje;Applied Materials Inc.;5,33616E+11;136,9083982
4Q24;31.12.2024;Nationale-Nederlanden;NN DFE Nasze Jutro 2025;2025;Akcje;Arcelormittal SA;74368552714;495,4002284
4Q24;31.12.2024;Nationale-Nederlanden;NN DFE Nasze Jutro 2025;2025;Akcje;ASML Holding N.V.;1,12702E+12;2,996374059
4Q24;31.12.2024;Nationale-Nederlanden;NN DFE Nasze Jutro 2025;2025;Akcje;AT&T Inc.;6,58957E+11;788,7114121
4Q24;31.12.2024;Nationale-Nederlanden;NN DFE Nasze Jutro 2025;2025;Akcje;Axsome Therapeutics Inc.;17632792745;361,1206804
4Q24;31.12.2024;Nationale-Nederlanden;NN DFE Nasze Jutro 2025;2025;Akcje;Banco Bilbao Vizcaya Argentaria S.A.;2,30855E+11;716,6639604
4Q24;31.12.2024;Nationale-Nederlanden;NN DFE Nasze Jutro 2025;2025;Akcje;Bank of America Corp.;1,32675E+12;1641,908611
4Q24;31.12.2024;Nationale-Nederlanden;NN DFE Nasze Jutro 2025;2025;Akcje;Berkshire Hathaway Inc.;1,4722E+12;0,017170969
4Q24;31.12.2024;Nationale-Nederlanden;NN DFE Nasze Jutro 2025;2025;Akcje;BNP Paribas SA;2,79094E+11;20,97461395
4Q24;31.12.2024;Nationale-Nederlanden;NN DFE Nasze Jutro 2025;2025;Akcje;Broadcom Inc.;4,54405E+12;383,9387456
4Q24;31.12.2024;Nationale-Nederlanden;NN DFE Nasze Jutro 2025;2025;Akcje;Coca-Cola Company;1,10713E+12;65,4779381
4Q24;31.12.2024;Nationale-Nederlanden;NN DFE Nasze Jutro 2025;2025;Akcje;CrowdStrike Holdings Inc.;3,56582E+11;104,1694269
4Q24;31.12.2024;Nationale-Nederlanden;NN DFE Nasze Jutro 2025;2025;Akcje;Deutsche Post AG;1,67109E+11;8,992845102
4Q24;31.12.2024;Nationale-Nederlanden;NN DFE Nasze Jutro 2025;2025;Akcje;Eaton Corporation Plc;5,32853E+11;47,62030887
4Q24;31.12.2024;Nationale-Nederlanden;NN DFE Nasze Jutro 2025;2025;Akcje;Grenergy Renovables S.A.;3992084186;774,8144874
4Q24;31.12.2024;Nationale-Nederlanden;NN DFE Nasze Jutro 2025;2025;Akcje;InPost S.A.;35316319023;5555,274457
4Q24;31.12.2024;Nationale-Nederlanden;NN DFE Nasze Jutro 2025;2025;Akcje;Intra-Celluar Therapies Inc.;#VALUE!;#VALUE!
4Q24;31.12.2024;Nationale-Nederlanden;NN DFE Nasze Jutro 2025;2025;Akcje;Janux Therapeutics Inc.;13312454336;566,4832742
4Q24;31.12.2024;Nationale-Nederlanden;NN DFE Nasze Jutro 2025;2025;Akcje;JP Morgan Chase & Co.;2,67259E+12;188,497057
4Q24;31.12.2024;Nationale-Nederlanden;NN DFE Nasze Jutro 2025;2025;Akcje;Linde Plc;8,08167E+11;157,74228
4Q24;31.12.2024;Nationale-Nederlanden;NN DFE Nasze Jutro 2025;2025;Akcje;LVMH S.A.;1,3531E+12;1,997580523
4Q24;31.12.2024;Nationale-Nederlanden;NN DFE Nasze Jutro 2025;2025;Akcje;Marvell Technology Inc.;3,98466E+11;518,8629548
4Q24;31.12.2024;Nationale-Nederlanden;NN DFE Nasze Jutro 2025;2025;Akcje;Mercadolibre Inc.;3,56373E+11;16,86552693
4Q24;31.12.2024;Nationale-Nederlanden;NN DFE Nasze Jutro 2025;2025;Akcje;Meta Platforms Inc.;5,29393E+12;134,9242156
4Q24;31.12.2024;Nationale-Nederlanden;NN DFE Nasze Jutro 2025;2025;Akcje;Microsoft Corporation;1,29387E+13;6,944628215
4Q24;31.12.2024;Nationale-Nederlanden;NN DFE Nasze Jutro 2025;2025;Akcje;MoonLake Immunotherapeutics AG;15977024550;84,3276401
4Q24;31.12.2024;Nationale-Nederlanden;NN DFE Nasze Jutro 2025;2025;Akcje;Nvidia Corporation;1,34899E+13;643,8662835
4Q24;31.12.2024;Nationale-Nederlanden;NN DFE Nasze Jutro 2025;2025;Akcje;PepsiCo Inc.;8,59077E+11;4,960445216
4Q24;31.12.2024;Nationale-Nederlanden;NN DFE Nasze Jutro 2025;2025;Akcje;Procter & Gamble Co;1,61064E+12;30,75478134
4Q24;31.12.2024;Nationale-Nederlanden;NN DFE Nasze Jutro 2025;2025;Akcje;Salesforce Inc.;1,29502E+12;145,837202
4Q24;31.12.2024;Nationale-Nederlanden;NN DFE Nasze Jutro 2025;2025;Akcje;SAP SE;1,24142E+12;137,890175
4Q24;31.12.2024;Nationale-Nederlanden;NN DFE Nasze Jutro 2025;2025;Akcje;Schneider Electric SE;5,94789E+11;177,7847603
4Q24;31.12.2024;Nationale-Nederlanden;NN DFE Nasze Jutro 2025;2025;Akcje;Scholar Rock Holding Corp.;18225382437;773,8301294
4Q24;31.12.2024;Nationale-Nederlanden;NN DFE Nasze Jutro 2025;2025;Akcje;SentinelOne Inc.;30588045763;907,7621006
4Q24;31.12.2024;Nationale-Nederlanden;NN DFE Nasze Jutro 2025;2025;Akcje;ServiceNow Inc.;9,16804E+11;282,7455957
4Q24;31.12.2024;Nationale-Nederlanden;NN DFE Nasze Jutro 2025;2025;Akcje;Tarsus Pharmaceuticals Inc.;9716347265;633,9453753
4Q24;31.12.2024;Nationale-Nederlanden;NN DFE Nasze Jutro 2025;2025;Akcje;Tesla Inc.;6,26444E+12;77,38300309
4Q24;31.12.2024;Nationale-Nederlanden;NN DFE Nasze Jutro 2025;2025;Akcje;Varonis Systems Inc.;21571527175;364,096911
4Q24;31.12.2024;Nationale-Nederlanden;NN DFE Nasze Jutro 2025;2025;Akcje;Vertiv Holdings Co.;1,79688E+11;572,43581
4Q24;31.12.2024;Nationale-Nederlanden;NN DFE Nasze Jutro 2025;2025;Akcje;Vinci SA;2,48452E+11;269,6735069
4Q24;31.12.2024;Nationale-Nederlanden;NN DFE Nasze Jutro 2025;2025;Akcje;Visa Inc.;2,19631E+12;60,51747888
4Q24;31.12.2024;Nationale-Nederlanden;NN DFE Nasze Jutro 2025;2025;Akcje;Walmart Inc.;2,97684E+12;491,0844403
4Q24;31.12.2024;Nationale-Nederlanden;NN DFE Nasze Jutro 2025;2025;Akcje;Wells Fargo & Co;9,11481E+11;1182,571037
4Q24;31.12.2024;Nationale-Nederlanden;NN DFE Nasze Jutro 2025;2025;Akcje;Yara International ASA;27790201457;210,828521
4Q24;31.12.2024;Nationale-Nederlanden;NN DFE Nasze Jutro 2025;2025;Inne;Miasto Poznań;;
4Q24;31.12.2024;Nationale-Nederlanden;NN DFE Nasze Jutro 2025;2025;Obligacje korporacyjne;Alior Bank S.A.;;
4Q24;31.12.2024;Nationale-Nederlanden;NN DFE Nasze Jutro 2025;2025;Obligacje korporacyjne;Archicom S.A.;;
4Q24;31.12.2024;Nationale-Nederlanden;NN DFE Nasze Jutro 2025;2025;Obligacje korporacyjne;Archicom S.A.;;
4Q24;31.12.2024;Nationale-Nederlanden;NN DFE Nasze Jutro 2025;2025;Obligacje korporacyjne;Bank Pekao S.A.;;
4Q24;31.12.2024;Nationale-Nederlanden;NN DFE Nasze Jutro 2025;2025;Obligacje korporacyjne;Bank Pekao S.A.;;
4Q24;31.12.2024;Nationale-Nederlanden;NN DFE Nasze Jutro 2025;2025;Obligacje korporacyjne;Cyfrowy Polsat S.A.;;
4Q24;31.12.2024;Nationale-Nederlanden;NN DFE Nasze Jutro 2025;2025;Obligacje korporacyjne;Develia S.A.;;
4Q24;31.12.2024;Nationale-Nederlanden;NN DFE Nasze Jutro 2025;2025;Obligacje korporacyjne;Develia S.A.;;
4Q24;31.12.2024;Nationale-Nederlanden;NN DFE Nasze Jutro 2025;2025;Obligacje korporacyjne;Develia S.A.;;
4Q24;31.12.2024;Nationale-Nederlanden;NN DFE Nasze Jutro 2025;2025;Obligacje korporacyjne;Develia S.A.;;
4Q24;31.12.2024;Nationale-Nederlanden;NN DFE Nasze Jutro 2025;2025;Obligacje korporacyjne;Echo Investment S.A.;;
4Q24;31.12.2024;Nationale-Nederlanden;NN DFE Nasze Jutro 2025;2025;Obligacje korporacyjne;Echo Investment S.A.;;
4Q24;31.12.2024;Nationale-Nederlanden;NN DFE Nasze Jutro 2025;2025;Obligacje korporacyjne;Kruk S.A.;;
4Q24;31.12.2024;Nationale-Nederlanden;NN DFE Nasze Jutro 2025;2025;Obligacje korporacyjne;Kruk S.A.;;
4Q24;31.12.2024;Nationale-Nederlanden;NN DFE Nasze Jutro 2025;2025;Obligacje korporacyjne;PKO Bank Polski S.A. - OSNP0229;;
4Q24;31.12.2024;Nationale-Nederlanden;NN DFE Nasze Jutro 2025;2025;Obligacje korporacyjne;Santander Bank Polska S.A.;;
4Q24;31.12.2024;Nationale-Nederlanden;NN DFE Nasze Jutro 2025;2025;Obligacje korporacyjne;Santander Bank Polska S.A.;;
4Q24;31.12.2024;Nationale-Nederlanden;NN DFE Nasze Jutro 2025;2025;Inne;P4 Sp. z o.o.;;
4Q24;31.12.2024;Nationale-Nederlanden;NN DFE Nasze Jutro 2025;2025;Inne;InPost S.A.;;
4Q24;31.12.2024;Nationale-Nederlanden;NN DFE Nasze Jutro 2025;2025;Inne;Rachunek podstawowy;;
4Q24;31.12.2024;Nationale-Nederlanden;NN DFE Nasze Jutro 2025;2025;Inne;Rachunek przeliczeniowy;;
4Q23;31.12.2023;Nationale-Nederlanden;NN DFE Nasze Jutro 2050;2050;Obligacje skarbowe/gwarantowane;MINISTERSTWO FINANSÓW;;
4Q23;31.12.2023;Nationale-Nederlanden;NN DFE Nasze Jutro 2050;2050;Obligacje skarbowe/gwarantowane;MINISTERSTWO FINANSÓW;;
4Q23;31.12.2023;Nationale-Nederlanden;NN DFE Nasze Jutro 2050;2050;Obligacje skarbowe/gwarantowane;MINISTERSTWO FINANSÓW;;
4Q23;31.12.2023;Nationale-Nederlanden;NN DFE Nasze Jutro 2050;2050;Obligacje skarbowe/gwarantowane;MINISTERSTWO FINANSÓW;;
4Q23;31.12.2023;Nationale-Nederlanden;NN DFE Nasze Jutro 2050;2050;Obligacje skarbowe/gwarantowane;MINISTERSTWO FINANSÓW;;
4Q23;31.12.2023;Nationale-Nederlanden;NN DFE Nasze Jutro 2050;2050;Obligacje skarbowe/gwarantowane;MINISTERSTWO FINANSÓW;;
4Q23;31.12.2023;Nationale-Nederlanden;NN DFE Nasze Jutro 2050;2050;Obligacje skarbowe/gwarantowane;MINISTERSTWO FINANSÓW;;
4Q23;31.12.2023;Nationale-Nederlanden;NN DFE Nasze Jutro 2050;2050;Obligacje skarbowe/gwarantowane;MINISTERSTWO FINANSÓW;;
4Q23;31.12.2023;Nationale-Nederlanden;NN DFE Nasze Jutro 2050;2050;Obligacje skarbowe/gwarantowane;MINISTERSTWO FINANSÓW;;
4Q23;31.12.2023;Nationale-Nederlanden;NN DFE Nasze Jutro 2050;2050;Obligacje skarbowe/gwarantowane;MINISTERSTWO FINANSÓW;;
4Q23;31.12.2023;Nationale-Nederlanden;NN DFE Nasze Jutro 2050;2050;Obligacje skarbowe/gwarantowane;MINISTERSTWO FINANSÓW;;
4Q23;31.12.2023;Nationale-Nederlanden;NN DFE Nasze Jutro 2050;2050;Obligacje skarbowe/gwarantowane;MINISTERSTWO FINANSÓW;;
4Q23;31.12.2023;Nationale-Nederlanden;NN DFE Nasze Jutro 2050;2050;Obligacje skarbowe/gwarantowane;MINISTERSTWO FINANSÓW;;
4Q23;31.12.2023;Nationale-Nederlanden;NN DFE Nasze Jutro 2050;2050;Obligacje skarbowe/gwarantowane;MINISTERSTWO FINANSÓW;;
4Q23;31.12.2023;Nationale-Nederlanden;NN DFE Nasze Jutro 2050;2050;Obligacje skarbowe/gwarantowane;MINISTERSTWO FINANSÓW;;
4Q23;31.12.2023;Nationale-Nederlanden;NN DFE Nasze Jutro 2050;2050;Obligacje skarbowe/gwarantowane;MINISTERSTWO FINANSÓW;;
4Q23;31.12.2023;Nationale-Nederlanden;NN DFE Nasze Jutro 2050;2050;Obligacje skarbowe/gwarantowane;MINISTERSTWO FINANSÓW;;
4Q23;31.12.2023;Nationale-Nederlanden;NN DFE Nasze Jutro 2050;2050;Obligacje skarbowe/gwarantowane;Bank Gospodarstwa Krajowego;;
4Q23;31.12.2023;Nationale-Nederlanden;NN DFE Nasze Jutro 2050;2050;Obligacje skarbowe/gwarantowane;Bank Gospodarstwa Krajowego;;
4Q23;31.12.2023;Nationale-Nederlanden;NN DFE Nasze Jutro 2050;2050;Obligacje skarbowe/gwarantowane;Bank Gospodarstwa Krajowego;;
4Q23;31.12.2023;Nationale-Nederlanden;NN DFE Nasze Jutro 2050;2050;Obligacje skarbowe/gwarantowane;Bank Gospodarstwa Krajowego;;
4Q23;31.12.2023;Nationale-Nederlanden;NN DFE Nasze Jutro 2050;2050;Depozyt/Gotówka;Bank Handlowy w Warszawie S.A.;;
4Q23;31.12.2023;Nationale-Nederlanden;NN DFE Nasze Jutro 2050;2050;Depozyt/Gotówka;Bank Handlowy w Warszawie S.A.;;
4Q23;31.12.2023;Nationale-Nederlanden;NN DFE Nasze Jutro 2050;2050;Depozyt/Gotówka;Bank Handlowy w Warszawie S.A.;;
4Q23;31.12.2023;Nationale-Nederlanden;NN DFE Nasze Jutro 2050;2050;Akcje;Alior Bank S.A.;9966491673;169275,3251
4Q23;31.12.2023;Nationale-Nederlanden;NN DFE Nasze Jutro 2050;2050;Akcje;Allegro.eu S.A.;35221354226;351250,2785
4Q23;31.12.2023;Nationale-Nederlanden;NN DFE Nasze Jutro 2050;2050;Akcje;Asseco Poland S.A.;6067322149;151033,1168
4Q23;31.12.2023;Nationale-Nederlanden;NN DFE Nasze Jutro 2050;2050;Akcje;Banco Santander S.A.;2,41224E+11;200780,8335
4Q23;31.12.2023;Nationale-Nederlanden;NN DFE Nasze Jutro 2050;2050;Akcje;Bank Millennium S.A.;10135076004;925137,2005
4Q23;31.12.2023;Nationale-Nederlanden;NN DFE Nasze Jutro 2050;2050;Akcje;Bank Pekao S.A.;39908568670;128141,8419
4Q23;31.12.2023;Nationale-Nederlanden;NN DFE Nasze Jutro 2050;2050;Akcje;Benefit Systems S.A.;6437031900;7820,707677
4Q23;31.12.2023;Nationale-Nederlanden;NN DFE Nasze Jutro 2050;2050;Akcje;BNP Paribas Bank Polska S.A.;#VALUE!;#VALUE!
4Q23;31.12.2023;Nationale-Nederlanden;NN DFE Nasze Jutro 2050;2050;Akcje;Budimex S.A.;15981841348;8508,647764
4Q23;31.12.2023;Nationale-Nederlanden;NN DFE Nasze Jutro 2050;2050;Akcje;CCC S.A.;4310305677;28497,5569
4Q23;31.12.2023;Nationale-Nederlanden;NN DFE Nasze Jutro 2050;2050;Akcje;CD Projekt S.A.;11489708650;108095,9114
4Q23;31.12.2023;Nationale-Nederlanden;NN DFE Nasze Jutro 2050;2050;Akcje;Compremum S.A.;95950685,66;215105,5234
4Q23;31.12.2023;Nationale-Nederlanden;NN DFE Nasze Jutro 2050;2050;Akcje;Cyber_Folks S.A.;1338478560;68445,56991
4Q23;31.12.2023;Nationale-Nederlanden;NN DFE Nasze Jutro 2050;2050;Akcje;DataWalk S.A.;205384964,4;134974,2438
4Q23;31.12.2023;Nationale-Nederlanden;NN DFE Nasze Jutro 2050;2050;Akcje;Diagnostyka S.A.;#VALUE!;#VALUE!
4Q23;31.12.2023;Nationale-Nederlanden;NN DFE Nasze Jutro 2050;2050;Akcje;Dino Polska S.A.;45167028000;274737,8758
4Q23;31.12.2023;Nationale-Nederlanden;NN DFE Nasze Jutro 2050;2050;Akcje;Grupa Kęty S.A.;7331640360;10752,75581
4Q23;31.12.2023;Nationale-Nederlanden;NN DFE Nasze Jutro 2050;2050;Akcje;Grupa Pracuj S.A.;#VALUE!;#VALUE!
4Q23;31.12.2023;Nationale-Nederlanden;NN DFE Nasze Jutro 2050;2050;Akcje;ING Bank Śląski S.A.;33305600000;43631,95363
4Q23;31.12.2023;Nationale-Nederlanden;NN DFE Nasze Jutro 2050;2050;Akcje;KGHM Polska Miedź S.A.;24540000000;114190,4772
4Q23;31.12.2023;Nationale-Nederlanden;NN DFE Nasze Jutro 2050;2050;Akcje;Kruk S.A.;9297845226;12038,72782
4Q23;31.12.2023;Nationale-Nederlanden;NN DFE Nasze Jutro 2050;2050;Akcje;LPP S.A.;24380359100;1582,243715
4Q23;31.12.2023;Nationale-Nederlanden;NN DFE Nasze Jutro 2050;2050;Akcje;mBank S.A.;22751324935;19531,42361
4Q23;31.12.2023;Nationale-Nederlanden;NN DFE Nasze Jutro 2050;2050;Akcje;Mirbud S.A.;901661670;148552,8339
4Q23;31.12.2023;Nationale-Nederlanden;NN DFE Nasze Jutro 2050;2050;Akcje;Orange Polska S.A.;10682589879;578591,9005
4Q23;31.12.2023;Nationale-Nederlanden;NN DFE Nasze Jutro 2050;2050;Akcje;Orlen S.A.;76041704210;211803,5495
4Q23;31.12.2023;Nationale-Nederlanden;NN DFE Nasze Jutro 2050;2050;Akcje;Pepco Group N.V.;15048397426;45722,47889
4Q23;31.12.2023;Nationale-Nederlanden;NN DFE Nasze Jutro 2050;2050;Akcje;PGE Polska Grupa Energetyczna S.A.;19470941362;340612,2885
4Q23;31.12.2023;Nationale-Nederlanden;NN DFE Nasze Jutro 2050;2050;Akcje;PKO Bank Polski S.A.;62900000000;487853,4233
4Q23;31.12.2023;Nationale-Nederlanden;NN DFE Nasze Jutro 2050;2050;Akcje;PKP Cargo S.A.;652993249,9;94024,36763
4Q23;31.12.2023;Nationale-Nederlanden;NN DFE Nasze Jutro 2050;2050;Akcje;Powszechny Zakład Ubezpieczeń S.A.;40818732210;410790,55
4Q23;31.12.2023;Nationale-Nederlanden;NN DFE Nasze Jutro 2050;2050;Akcje;Rainbow Tours S.A.;804712000;51357,80393
4Q23;31.12.2023;Nationale-Nederlanden;NN DFE Nasze Jutro 2050;2050;Akcje;Render Cube S.A.;167996400;4037,057179
4Q23;31.12.2023;Nationale-Nederlanden;NN DFE Nasze Jutro 2050;2050;Akcje;Santander Bank Polska S.A.;50052325997;26439,68191
4Q23;31.12.2023;Nationale-Nederlanden;NN DFE Nasze Jutro 2050;2050;Akcje;Selvita S.A.;870098229;373,7835897
4Q23;31.12.2023;Nationale-Nederlanden;NN DFE Nasze Jutro 2050;2050;Akcje;Shoper S.A.;928440480;124558,4103
4Q23;31.12.2023;Nationale-Nederlanden;NN DFE Nasze Jutro 2050;2050;Akcje;Synektik S.A.;733505094;58322,81081
4Q23;31.12.2023;Nationale-Nederlanden;NN DFE Nasze Jutro 2050;2050;Akcje;Torpol S.A.;512231000;172604,9857
4Q23;31.12.2023;Nationale-Nederlanden;NN DFE Nasze Jutro 2050;2050;Akcje;UniCredit S.p.A.;1,66684E+11;27338,69204
4Q23;31.12.2023;Nationale-Nederlanden;NN DFE Nasze Jutro 2050;2050;Akcje;Vercom S.A.;1737899987;11829,30141
4Q23;31.12.2023;Nationale-Nederlanden;NN DFE Nasze Jutro 2050;2050;Akcje;XTB S.A.;4446469073;226899,6642
4Q23;31.12.2023;Nationale-Nederlanden;NN DFE Nasze Jutro 2050;2050;Akcje;Zabka Group SA;#VALUE!;#VALUE!
4Q23;31.12.2023;Nationale-Nederlanden;NN DFE Nasze Jutro 2050;2050;Akcje;Advanced Micro Devices Inc.;9,43835E+11;3933,247561
4Q23;31.12.2023;Nationale-Nederlanden;NN DFE Nasze Jutro 2050;2050;Akcje;Agnico Eagle Mines Ltd;1,08158E+11;8208,187254
4Q23;31.12.2023;Nationale-Nederlanden;NN DFE Nasze Jutro 2050;2050;Akcje;Allianz SE;3,99919E+11;2139,974326
4Q23;31.12.2023;Nationale-Nederlanden;NN DFE Nasze Jutro 2050;2050;Akcje;Alphabet Inc.;3,19381E+12;16158,21396
4Q23;31.12.2023;Nationale-Nederlanden;NN DFE Nasze Jutro 2050;2050;Akcje;Amazon.com Inc.;6,40535E+12;5963,052051
4Q23;31.12.2023;Nationale-Nederlanden;NN DFE Nasze Jutro 2050;2050;Akcje;Apple Inc.;1,11002E+13;344,4705166
4Q23;31.12.2023;Nationale-Nederlanden;NN DFE Nasze Jutro 2050;2050;Akcje;Applied Materials Inc.;5,05176E+11;155,6040394
4Q23;31.12.2023;Nationale-Nederlanden;NN DFE Nasze Jutro 2050;2050;Akcje;ASML Holding N.V.;1,14967E+12;1531,786134
4Q23;31.12.2023;Nationale-Nederlanden;NN DFE Nasze Jutro 2050;2050;Akcje;Banco Bilbao Vizcaya Argentaria S.A.;2,04047E+11;51719,90193
4Q23;31.12.2023;Nationale-Nederlanden;NN DFE Nasze Jutro 2050;2050;Akcje;Banco Comercial Portugues S.A.;17650853361;1866335,921
4Q23;31.12.2023;Nationale-Nederlanden;NN DFE Nasze Jutro 2050;2050;Akcje;Bank of America Corp.;9,65576E+11;9340,702676
4Q23;31.12.2023;Nationale-Nederlanden;NN DFE Nasze Jutro 2050;2050;Akcje;Berkshire Hathaway Inc.;1,1145E+12;0,730613778
4Q23;31.12.2023;Nationale-Nederlanden;NN DFE Nasze Jutro 2050;2050;Akcje;BNP Paribas SA;2,9958E+11;404,3205589
4Q23;31.12.2023;Nationale-Nederlanden;NN DFE Nasze Jutro 2050;2050;Akcje;Broadcom Inc.;2,0784E+12;12978,04516
4Q23;31.12.2023;Nationale-Nederlanden;NN DFE Nasze Jutro 2050;2050;Akcje;CaixaBank SA;1,13722E+11;275532,9252
4Q23;31.12.2023;Nationale-Nederlanden;NN DFE Nasze Jutro 2050;2050;Akcje;Caterpillar Inc.;5,40257E+11;1766,276619
4Q23;31.12.2023;Nationale-Nederlanden;NN DFE Nasze Jutro 2050;2050;Akcje;Coca-Cola Company;9,95496E+11;787,7074445
4Q23;31.12.2023;Nationale-Nederlanden;NN DFE Nasze Jutro 2050;2050;Akcje;CrowdStrike Holdings Inc.;2,52771E+11;3204,261962
4Q23;31.12.2023;Nationale-Nederlanden;NN DFE Nasze Jutro 2050;2050;Akcje;Deutsche Post AG;2,24126E+11;96,27772218
4Q23;31.12.2023;Nationale-Nederlanden;NN DFE Nasze Jutro 2050;2050;Akcje;Erste Group Bank AG;65513897172;7557,212099
4Q23;31.12.2023;Nationale-Nederlanden;NN DFE Nasze Jutro 2050;2050;Akcje;GE Vernova Inc.;#VALUE!;#VALUE!
4Q23;31.12.2023;Nationale-Nederlanden;NN DFE Nasze Jutro 2050;2050;Akcje;General Electric Co.;4,19248E+11;5617,288115
4Q23;31.12.2023;Nationale-Nederlanden;NN DFE Nasze Jutro 2050;2050;Akcje;Grenergy Renovables S.A.;4251831405;26095,02527
4Q23;31.12.2023;Nationale-Nederlanden;NN DFE Nasze Jutro 2050;2050;Akcje;ING Groep N.V.;1,71628E+11;15054,17426
4Q23;31.12.2023;Nationale-Nederlanden;NN DFE Nasze Jutro 2050;2050;Akcje;InPost S.A.;27188483576;29846,36226
4Q23;31.12.2023;Nationale-Nederlanden;NN DFE Nasze Jutro 2050;2050;Akcje;Intel Corp.;9,85697E+11;439,097933
4Q23;31.12.2023;Nationale-Nederlanden;NN DFE Nasze Jutro 2050;2050;Akcje;JP Morgan Chase & Co.;1,80162E+12;4602,074603
4Q23;31.12.2023;Nationale-Nederlanden;NN DFE Nasze Jutro 2050;2050;Akcje;Linde Plc;7,53142E+11;160,9095927
4Q23;31.12.2023;Nationale-Nederlanden;NN DFE Nasze Jutro 2050;2050;Akcje;Lundin Mining Corp.;27538610699;173396,9738
4Q23;31.12.2023;Nationale-Nederlanden;NN DFE Nasze Jutro 2050;2050;Akcje;LVMH S.A.;1,58635E+12;416,5303483
4Q23;31.12.2023;Nationale-Nederlanden;NN DFE Nasze Jutro 2050;2050;Akcje;Mercadolibre Inc.;3,12882E+11;77,58138871
4Q23;31.12.2023;Nationale-Nederlanden;NN DFE Nasze Jutro 2050;2050;Akcje;Meta Platforms Inc.;3,04026E+12;335,2189469
4Q23;31.12.2023;Nationale-Nederlanden;NN DFE Nasze Jutro 2050;2050;Akcje;Micron Technology Inc.;3,77202E+11;15069,0831
4Q23;31.12.2023;Nationale-Nederlanden;NN DFE Nasze Jutro 2050;2050;Akcje;Microsoft Corp.;1,09658E+13;3129,183102
4Q23;31.12.2023;Nationale-Nederlanden;NN DFE Nasze Jutro 2050;2050;Akcje;Münchener Rück AG;2,12924E+11;118,0989653
4Q23;31.12.2023;Nationale-Nederlanden;NN DFE Nasze Jutro 2050;2050;Akcje;Nektar Therapeutics;908280723,4;121840,6276
4Q23;31.12.2023;Nationale-Nederlanden;NN DFE Nasze Jutro 2050;2050;Akcje;Nvidia Corp.;4,72581E+12;38949,12977
4Q23;31.12.2023;Nationale-Nederlanden;NN DFE Nasze Jutro 2050;2050;Akcje;Oracle Corp.;1,18957E+12;5934,190385
4Q23;31.12.2023;Nationale-Nederlanden;NN DFE Nasze Jutro 2050;2050;Akcje;PepsiCo Inc.;9,11526E+11;37,19951078
4Q23;31.12.2023;Nationale-Nederlanden;NN DFE Nasze Jutro 2050;2050;Akcje;Procter & Gamble Co;1,33741E+12;541,7273553
4Q23;31.12.2023;Nationale-Nederlanden;NN DFE Nasze Jutro 2050;2050;Akcje;Rheinmetall AG;57365103190;1555,55594
4Q23;31.12.2023;Nationale-Nederlanden;NN DFE Nasze Jutro 2050;2050;Akcje;RTX Corp.;4,43527E+11;6464,878326
4Q23;31.12.2023;Nationale-Nederlanden;NN DFE Nasze Jutro 2050;2050;Akcje;SAP SE;7,44514E+11;1267,113006
4Q23;31.12.2023;Nationale-Nederlanden;NN DFE Nasze Jutro 2050;2050;Akcje;Schneider Electric SE;4,55825E+11;2556,84948
4Q23;31.12.2023;Nationale-Nederlanden;NN DFE Nasze Jutro 2050;2050;Akcje;Siemens Energy AG;44897425767;36815,79819
4Q23;31.12.2023;Nationale-Nederlanden;NN DFE Nasze Jutro 2050;2050;Akcje;Snowflake Inc.;2,67427E+11;4680,679108
4Q23;31.12.2023;Nationale-Nederlanden;NN DFE Nasze Jutro 2050;2050;Akcje;Vertiv Holdings Co.;72165191616;13453,71308
4Q23;31.12.2023;Nationale-Nederlanden;NN DFE Nasze Jutro 2050;2050;Akcje;Visa Inc.;1,71878E+12;1027,868157
4Q23;31.12.2023;Nationale-Nederlanden;NN DFE Nasze Jutro 2050;2050;Akcje;Walmart Inc.;1,6448E+12;1926,853198
4Q23;31.12.2023;Nationale-Nederlanden;NN DFE Nasze Jutro 2050;2050;Akcje;Waste Management Inc.;2,83684E+11;1064,311838
4Q23;31.12.2023;Nationale-Nederlanden;NN DFE Nasze Jutro 2050;2050;Akcje;Wells Fargo & Co;6,06759E+11;14135,85969
4Q23;31.12.2023;Nationale-Nederlanden;NN DFE Nasze Jutro 2050;2050;Akcje;Western Digital Corp.;52687616859;20401,67166
4Q23;31.12.2023;Nationale-Nederlanden;NN DFE Nasze Jutro 2050;2050;Akcje;Wheaton Precious Metals Corp.;88254016741;9382,543987
4Q23;31.12.2023;Nationale-Nederlanden;NN DFE Nasze Jutro 2050;2050;Obligacje korporacyjne;Alior Bank S.A.;;
4Q23;31.12.2023;Nationale-Nederlanden;NN DFE Nasze Jutro 2050;2050;Obligacje korporacyjne;Archicom S.A.;;
4Q23;31.12.2023;Nationale-Nederlanden;NN DFE Nasze Jutro 2050;2050;Obligacje korporacyjne;Bank Pekao S.A.;;
4Q23;31.12.2023;Nationale-Nederlanden;NN DFE Nasze Jutro 2050;2050;Obligacje korporacyjne;Bank Pekao S.A.;;
4Q23;31.12.2023;Nationale-Nederlanden;NN DFE Nasze Jutro 2050;2050;Obligacje korporacyjne;Benefit Systems S.A.;;
4Q23;31.12.2023;Nationale-Nederlanden;NN DFE Nasze Jutro 2050;2050;Obligacje korporacyjne;Cyfrowy Polsat S.A.;;
4Q23;31.12.2023;Nationale-Nederlanden;NN DFE Nasze Jutro 2050;2050;Obligacje korporacyjne;Develia S.A.;;
4Q23;31.12.2023;Nationale-Nederlanden;NN DFE Nasze Jutro 2050;2050;Obligacje korporacyjne;Develia S.A.;;
4Q23;31.12.2023;Nationale-Nederlanden;NN DFE Nasze Jutro 2050;2050;Obligacje korporacyjne;Develia S.A.;;
4Q23;31.12.2023;Nationale-Nederlanden;NN DFE Nasze Jutro 2050;2050;Obligacje korporacyjne;Develia S.A.;;
4Q23;31.12.2023;Nationale-Nederlanden;NN DFE Nasze Jutro 2050;2050;Obligacje korporacyjne;Echo Investment S.A.;;
4Q23;31.12.2023;Nationale-Nederlanden;NN DFE Nasze Jutro 2050;2050;Obligacje korporacyjne;Echo Investment S.A.;;
4Q23;31.12.2023;Nationale-Nederlanden;NN DFE Nasze Jutro 2050;2050;Obligacje korporacyjne;Kruk S.A.;;
4Q23;31.12.2023;Nationale-Nederlanden;NN DFE Nasze Jutro 2050;2050;Obligacje korporacyjne;Kruk S.A.;;
4Q23;31.12.2023;Nationale-Nederlanden;NN DFE Nasze Jutro 2050;2050;Obligacje korporacyjne;Kruk S.A.;;
4Q23;31.12.2023;Nationale-Nederlanden;NN DFE Nasze Jutro 2050;2050;Obligacje korporacyjne;Murapol S.A.;;
4Q23;31.12.2023;Nationale-Nederlanden;NN DFE Nasze Jutro 2050;2050;Obligacje korporacyjne;PKO Bank Polski S.A. - OSNP0229;;
4Q23;31.12.2023;Nationale-Nederlanden;NN DFE Nasze Jutro 2050;2050;Obligacje korporacyjne;Santander Bank Polska S.A.;;
4Q23;31.12.2023;Nationale-Nederlanden;NN DFE Nasze Jutro 2050;2050;Obligacje korporacyjne;Santander Bank Polska S.A.;;
4Q23;31.12.2023;Nationale-Nederlanden;NN DFE Nasze Jutro 2050;2050;Obligacje korporacyjne;Santander Bank Polska S.A.;;
4Q23;31.12.2023;Nationale-Nederlanden;NN DFE Nasze Jutro 2050;2050;Inne;P4 Sp. z o.o.;;
4Q23;31.12.2023;Nationale-Nederlanden;NN DFE Nasze Jutro 2050;2050;Inne;Abivax SA - ABVX;;
4Q23;31.12.2023;Nationale-Nederlanden;NN DFE Nasze Jutro 2050;2050;Inne;Rachunek podstawowy;;
4Q23;31.12.2023;Nationale-Nederlanden;NN DFE Nasze Jutro 2050;2050;Inne;Rachunek przeliczeniowy;;
4Q23;31.12.2023;Nationale-Nederlanden;NN DFE Nasze Jutro 2055;2055;Obligacje skarbowe/gwarantowane;MINISTERSTWO FINANSÓW;;
4Q23;31.12.2023;Nationale-Nederlanden;NN DFE Nasze Jutro 2055;2055;Obligacje skarbowe/gwarantowane;MINISTERSTWO FINANSÓW;;
4Q23;31.12.2023;Nationale-Nederlanden;NN DFE Nasze Jutro 2055;2055;Obligacje skarbowe/gwarantowane;MINISTERSTWO FINANSÓW;;
4Q23;31.12.2023;Nationale-Nederlanden;NN DFE Nasze Jutro 2055;2055;Obligacje skarbowe/gwarantowane;MINISTERSTWO FINANSÓW;;
4Q23;31.12.2023;Nationale-Nederlanden;NN DFE Nasze Jutro 2055;2055;Obligacje skarbowe/gwarantowane;MINISTERSTWO FINANSÓW;;
4Q23;31.12.2023;Nationale-Nederlanden;NN DFE Nasze Jutro 2055;2055;Obligacje skarbowe/gwarantowane;MINISTERSTWO FINANSÓW;;
4Q23;31.12.2023;Nationale-Nederlanden;NN DFE Nasze Jutro 2055;2055;Obligacje skarbowe/gwarantowane;MINISTERSTWO FINANSÓW;;
4Q23;31.12.2023;Nationale-Nederlanden;NN DFE Nasze Jutro 2055;2055;Obligacje skarbowe/gwarantowane;MINISTERSTWO FINANSÓW;;
4Q23;31.12.2023;Nationale-Nederlanden;NN DFE Nasze Jutro 2055;2055;Obligacje skarbowe/gwarantowane;MINISTERSTWO FINANSÓW;;
4Q23;31.12.2023;Nationale-Nederlanden;NN DFE Nasze Jutro 2055;2055;Obligacje skarbowe/gwarantowane;MINISTERSTWO FINANSÓW;;
4Q23;31.12.2023;Nationale-Nederlanden;NN DFE Nasze Jutro 2055;2055;Obligacje skarbowe/gwarantowane;MINISTERSTWO FINANSÓW;;
4Q23;31.12.2023;Nationale-Nederlanden;NN DFE Nasze Jutro 2055;2055;Obligacje skarbowe/gwarantowane;MINISTERSTWO FINANSÓW;;
4Q23;31.12.2023;Nationale-Nederlanden;NN DFE Nasze Jutro 2055;2055;Obligacje skarbowe/gwarantowane;MINISTERSTWO FINANSÓW;;
4Q23;31.12.2023;Nationale-Nederlanden;NN DFE Nasze Jutro 2055;2055;Obligacje skarbowe/gwarantowane;MINISTERSTWO FINANSÓW;;
4Q23;31.12.2023;Nationale-Nederlanden;NN DFE Nasze Jutro 2055;2055;Obligacje skarbowe/gwarantowane;MINISTERSTWO FINANSÓW;;
4Q23;31.12.2023;Nationale-Nederlanden;NN DFE Nasze Jutro 2055;2055;Obligacje skarbowe/gwarantowane;MINISTERSTWO FINANSÓW;;
4Q23;31.12.2023;Nationale-Nederlanden;NN DFE Nasze Jutro 2055;2055;Obligacje skarbowe/gwarantowane;Bank Gospodarstwa Krajowego;;
4Q23;31.12.2023;Nationale-Nederlanden;NN DFE Nasze Jutro 2055;2055;Obligacje skarbowe/gwarantowane;Bank Gospodarstwa Krajowego;;
4Q23;31.12.2023;Nationale-Nederlanden;NN DFE Nasze Jutro 2055;2055;Obligacje skarbowe/gwarantowane;Bank Gospodarstwa Krajowego;;
4Q23;31.12.2023;Nationale-Nederlanden;NN DFE Nasze Jutro 2055;2055;Obligacje skarbowe/gwarantowane;Bank Gospodarstwa Krajowego;;
4Q23;31.12.2023;Nationale-Nederlanden;NN DFE Nasze Jutro 2055;2055;Depozyt/Gotówka;Bank Handlowy w Warszawie S.A.;;
4Q23;31.12.2023;Nationale-Nederlanden;NN DFE Nasze Jutro 2055;2055;Depozyt/Gotówka;Bank Handlowy w Warszawie S.A.;;
4Q23;31.12.2023;Nationale-Nederlanden;NN DFE Nasze Jutro 2055;2055;Depozyt/Gotówka;Bank Handlowy w Warszawie S.A.;;
4Q23;31.12.2023;Nationale-Nederlanden;NN DFE Nasze Jutro 2055;2055;Akcje;Alior Bank S.A.;9966491673;117080,9826
4Q23;31.12.2023;Nationale-Nederlanden;NN DFE Nasze Jutro 2055;2055;Akcje;Allegro.eu S.A.;35221354226;244481,3068
4Q23;31.12.2023;Nationale-Nederlanden;NN DFE Nasze Jutro 2055;2055;Akcje;Asseco Poland S.A.;6067322149;105228,2982
4Q23;31.12.2023;Nationale-Nederlanden;NN DFE Nasze Jutro 2055;2055;Akcje;Banco Santander S.A.;2,41224E+11;138666,4094
4Q23;31.12.2023;Nationale-Nederlanden;NN DFE Nasze Jutro 2055;2055;Akcje;Bank Millennium S.A.;10135076004;644553,015
4Q23;31.12.2023;Nationale-Nederlanden;NN DFE Nasze Jutro 2055;2055;Akcje;Bank Pekao S.A.;39908568670;89251,05643
4Q23;31.12.2023;Nationale-Nederlanden;NN DFE Nasze Jutro 2055;2055;Akcje;Benefit Systems S.A.;6437031900;5448,78
4Q23;31.12.2023;Nationale-Nederlanden;NN DFE Nasze Jutro 2055;2055;Akcje;BNP Paribas Bank Polska S.A.;#VALUE!;#VALUE!
4Q23;31.12.2023;Nationale-Nederlanden;NN DFE Nasze Jutro 2055;2055;Akcje;Budimex S.A.;15981841348;5927,613131
4Q23;31.12.2023;Nationale-Nederlanden;NN DFE Nasze Jutro 2055;2055;Akcje;CCC S.A.;4310305677;19848,37786
4Q23;31.12.2023;Nationale-Nederlanden;NN DFE Nasze Jutro 2055;2055;Akcje;CD Projekt S.A.;11489708650;75314,80896
4Q23;31.12.2023;Nationale-Nederlanden;NN DFE Nasze Jutro 2055;2055;Akcje;Compremum S.A.;95950685,66;146099,5748
4Q23;31.12.2023;Nationale-Nederlanden;NN DFE Nasze Jutro 2055;2055;Akcje;Cyber_Folks S.A.;1338478560;47359,7405
4Q23;31.12.2023;Nationale-Nederlanden;NN DFE Nasze Jutro 2055;2055;Akcje;DataWalk S.A.;205384964,4;90660,38512
4Q23;31.12.2023;Nationale-Nederlanden;NN DFE Nasze Jutro 2055;2055;Akcje;Diagnostyka S.A.;#VALUE!;#VALUE!
4Q23;31.12.2023;Nationale-Nederlanden;NN DFE Nasze Jutro 2055;2055;Akcje;Dino Polska S.A.;45167028000;189922,8374
4Q23;31.12.2023;Nationale-Nederlanden;NN DFE Nasze Jutro 2055;2055;Akcje;Grupa Kęty S.A.;7331640360;7440,423987
4Q23;31.12.2023;Nationale-Nederlanden;NN DFE Nasze Jutro 2055;2055;Akcje;Grupa Pracuj S.A.;#VALUE!;#VALUE!
4Q23;31.12.2023;Nationale-Nederlanden;NN DFE Nasze Jutro 2055;2055;Akcje;ING Bank Śląski S.A.;33305600000;30291,01461
4Q23;31.12.2023;Nationale-Nederlanden;NN DFE Nasze Jutro 2055;2055;Akcje;KGHM Polska Miedź S.A.;24540000000;79009,11263
4Q23;31.12.2023;Nationale-Nederlanden;NN DFE Nasze Jutro 2055;2055;Akcje;Kruk S.A.;9297845226;8329,638218
4Q23;31.12.2023;Nationale-Nederlanden;NN DFE Nasze Jutro 2055;2055;Akcje;LPP S.A.;24380359100;1100,524167
4Q23;31.12.2023;Nationale-Nederlanden;NN DFE Nasze Jutro 2055;2055;Akcje;mBank S.A.;22751324935;13608,41512
4Q23;31.12.2023;Nationale-Nederlanden;NN DFE Nasze Jutro 2055;2055;Akcje;Mirbud S.A.;901661670;101337,6728
4Q23;31.12.2023;Nationale-Nederlanden;NN DFE Nasze Jutro 2055;2055;Akcje;Orange Polska S.A.;10682589879;402980,4828
4Q23;31.12.2023;Nationale-Nederlanden;NN DFE Nasze Jutro 2055;2055;Akcje;Orlen S.A.;76041704210;147586,3594
4Q23;31.12.2023;Nationale-Nederlanden;NN DFE Nasze Jutro 2055;2055;Akcje;Pepco Group N.V.;15048397426;31844,80622
4Q23;31.12.2023;Nationale-Nederlanden;NN DFE Nasze Jutro 2055;2055;Akcje;PGE Polska Grupa Energetyczna S.A.;19470941362;237076,9809
4Q23;31.12.2023;Nationale-Nederlanden;NN DFE Nasze Jutro 2055;2055;Akcje;PKO Bank Polski S.A.;62900000000;339792,2858
4Q23;31.12.2023;Nationale-Nederlanden;NN DFE Nasze Jutro 2055;2055;Akcje;PKP Cargo S.A.;652993249,9;64957,39781
4Q23;31.12.2023;Nationale-Nederlanden;NN DFE Nasze Jutro 2055;2055;Akcje;Powszechny Zakład Ubezpieczeń S.A.;40818732210;285923,6353
4Q23;31.12.2023;Nationale-Nederlanden;NN DFE Nasze Jutro 2055;2055;Akcje;Rainbow Tours S.A.;804712000;35535,25066
4Q23;31.12.2023;Nationale-Nederlanden;NN DFE Nasze Jutro 2055;2055;Akcje;Render Cube S.A.;167996400;2636,279936
4Q23;31.12.2023;Nationale-Nederlanden;NN DFE Nasze Jutro 2055;2055;Akcje;Santander Bank Polska S.A.;50052325997;18286,39753
4Q23;31.12.2023;Nationale-Nederlanden;NN DFE Nasze Jutro 2055;2055;Akcje;Selvita S.A.;870098229;244,2547009
4Q23;31.12.2023;Nationale-Nederlanden;NN DFE Nasze Jutro 2055;2055;Akcje;Shoper S.A.;928440480;86182,26455
4Q23;31.12.2023;Nationale-Nederlanden;NN DFE Nasze Jutro 2055;2055;Akcje;Synektik S.A.;733505094;40819,00209
4Q23;31.12.2023;Nationale-Nederlanden;NN DFE Nasze Jutro 2055;2055;Akcje;Torpol S.A.;512231000;120259,1825
4Q23;31.12.2023;Nationale-Nederlanden;NN DFE Nasze Jutro 2055;2055;Akcje;UniCredit S.p.A.;1,66684E+11;18901,34341
4Q23;31.12.2023;Nationale-Nederlanden;NN DFE Nasze Jutro 2055;2055;Akcje;Vercom S.A.;1737899987;8239,957033
4Q23;31.12.2023;Nationale-Nederlanden;NN DFE Nasze Jutro 2055;2055;Akcje;XTB S.A.;4446469073;158106,7702
4Q23;31.12.2023;Nationale-Nederlanden;NN DFE Nasze Jutro 2055;2055;Akcje;Zabka Group SA;#VALUE!;#VALUE!
4Q23;31.12.2023;Nationale-Nederlanden;NN DFE Nasze Jutro 2055;2055;Akcje;Advanced Micro Devices Inc.;9,43835E+11;2739,416331
4Q23;31.12.2023;Nationale-Nederlanden;NN DFE Nasze Jutro 2055;2055;Akcje;Agnico Eagle Mines Ltd;1,08158E+11;5674,725932
4Q23;31.12.2023;Nationale-Nederlanden;NN DFE Nasze Jutro 2055;2055;Akcje;Allianz SE;3,99919E+11;1480,554519
4Q23;31.12.2023;Nationale-Nederlanden;NN DFE Nasze Jutro 2055;2055;Akcje;Alphabet Inc.;3,19381E+12;11172,50977
4Q23;31.12.2023;Nationale-Nederlanden;NN DFE Nasze Jutro 2055;2055;Akcje;Amazon.com Inc.;6,40535E+12;4123,97994
4Q23;31.12.2023;Nationale-Nederlanden;NN DFE Nasze Jutro 2055;2055;Akcje;Apple Inc.;1,11002E+13;226,6253385
4Q23;31.12.2023;Nationale-Nederlanden;NN DFE Nasze Jutro 2055;2055;Akcje;Applied Materials Inc.;5,05176E+11;107,6140079
4Q23;31.12.2023;Nationale-Nederlanden;NN DFE Nasze Jutro 2055;2055;Akcje;ASML Holding N.V.;1,14967E+12;1059,759344
4Q23;31.12.2023;Nationale-Nederlanden;NN DFE Nasze Jutro 2055;2055;Akcje;Banco Bilbao Vizcaya Argentaria S.A.;2,04047E+11;35999,15783
4Q23;31.12.2023;Nationale-Nederlanden;NN DFE Nasze Jutro 2055;2055;Akcje;Banco Comercial Portugues S.A.;17650853361;1299029,833
4Q23;31.12.2023;Nationale-Nederlanden;NN DFE Nasze Jutro 2055;2055;Akcje;Bank of America Corp.;9,65576E+11;6501,78823
4Q23;31.12.2023;Nationale-Nederlanden;NN DFE Nasze Jutro 2055;2055;Akcje;Berkshire Hathaway Inc.;1,1145E+12;0,498686389
4Q23;31.12.2023;Nationale-Nederlanden;NN DFE Nasze Jutro 2055;2055;Akcje;BNP Paribas SA;2,9958E+11;266,1986298
4Q23;31.12.2023;Nationale-Nederlanden;NN DFE Nasze Jutro 2055;2055;Akcje;Broadcom Inc.;2,0784E+12;9034,016074
4Q23;31.12.2023;Nationale-Nederlanden;NN DFE Nasze Jutro 2055;2055;Akcje;CaixaBank SA;1,13722E+11;191778,3884
4Q23;31.12.2023;Nationale-Nederlanden;NN DFE Nasze Jutro 2055;2055;Akcje;Caterpillar Inc.;5,40257E+11;1229,641272
4Q23;31.12.2023;Nationale-Nederlanden;NN DFE Nasze Jutro 2055;2055;Akcje;Coca-Cola Company;9,95496E+11;538,5568411
4Q23;31.12.2023;Nationale-Nederlanden;NN DFE Nasze Jutro 2055;2055;Akcje;CrowdStrike Holdings Inc.;2,52771E+11;2215,874272
4Q23;31.12.2023;Nationale-Nederlanden;NN DFE Nasze Jutro 2055;2055;Akcje;Deutsche Post AG;2,24126E+11;62,83388994
4Q23;31.12.2023;Nationale-Nederlanden;NN DFE Nasze Jutro 2055;2055;Akcje;Erste Group Bank AG;65513897172;5218,918585
4Q23;31.12.2023;Nationale-Nederlanden;NN DFE Nasze Jutro 2055;2055;Akcje;GE Vernova Inc.;#VALUE!;#VALUE!
4Q23;31.12.2023;Nationale-Nederlanden;NN DFE Nasze Jutro 2055;2055;Akcje;General Electric Co.;4,19248E+11;3907,678672
4Q23;31.12.2023;Nationale-Nederlanden;NN DFE Nasze Jutro 2055;2055;Akcje;Grenergy Renovables S.A.;4251831405;18056,01889
4Q23;31.12.2023;Nationale-Nederlanden;NN DFE Nasze Jutro 2055;2055;Akcje;ING Groep N.V.;1,71628E+11;10397,01561
4Q23;31.12.2023;Nationale-Nederlanden;NN DFE Nasze Jutro 2055;2055;Akcje;InPost S.A.;27188483576;20392,11174
4Q23;31.12.2023;Nationale-Nederlanden;NN DFE Nasze Jutro 2055;2055;Akcje;Intel Corp.;9,85697E+11;305,752235
4Q23;31.12.2023;Nationale-Nederlanden;NN DFE Nasze Jutro 2055;2055;Akcje;JP Morgan Chase & Co.;1,80162E+12;3205,295448
4Q23;31.12.2023;Nationale-Nederlanden;NN DFE Nasze Jutro 2055;2055;Akcje;Linde Plc;7,53142E+11;111,398955
4Q23;31.12.2023;Nationale-Nederlanden;NN DFE Nasze Jutro 2055;2055;Akcje;Lundin Mining Corp.;27538610699;122806,91
4Q23;31.12.2023;Nationale-Nederlanden;NN DFE Nasze Jutro 2055;2055;Akcje;LVMH S.A.;1,58635E+12;284,8143862
4Q23;31.12.2023;Nationale-Nederlanden;NN DFE Nasze Jutro 2055;2055;Akcje;Mercadolibre Inc.;3,12882E+11;51,72092526
4Q23;31.12.2023;Nationale-Nederlanden;NN DFE Nasze Jutro 2055;2055;Akcje;Meta Platforms Inc.;3,04026E+12;232,6009013
4Q23;31.12.2023;Nationale-Nederlanden;NN DFE Nasze Jutro 2055;2055;Akcje;Micron Technology Inc.;3,77202E+11;10489,77493
4Q23;31.12.2023;Nationale-Nederlanden;NN DFE Nasze Jutro 2055;2055;Akcje;Microsoft Corp.;1,09658E+13;2164,361474
4Q23;31.12.2023;Nationale-Nederlanden;NN DFE Nasze Jutro 2055;2055;Akcje;Münchener Rück AG;2,12924E+11;83,1066779
4Q23;31.12.2023;Nationale-Nederlanden;NN DFE Nasze Jutro 2055;2055;Akcje;Nektar Therapeutics;908280723,4;84240,69248
4Q23;31.12.2023;Nationale-Nederlanden;NN DFE Nasze Jutro 2055;2055;Akcje;Nvidia Corp.;4,72581E+12;27109,31282
4Q23;31.12.2023;Nationale-Nederlanden;NN DFE Nasze Jutro 2055;2055;Akcje;Oracle Corp.;1,18957E+12;4106,459763
4Q23;31.12.2023;Nationale-Nederlanden;NN DFE Nasze Jutro 2055;2055;Akcje;PepsiCo Inc.;9,11526E+11;25,57465616
4Q23;31.12.2023;Nationale-Nederlanden;NN DFE Nasze Jutro 2055;2055;Akcje;Procter & Gamble Co;1,33741E+12;369,5226282
4Q23;31.12.2023;Nationale-Nederlanden;NN DFE Nasze Jutro 2055;2055;Akcje;Rheinmetall AG;57365103190;1084,656349
4Q23;31.12.2023;Nationale-Nederlanden;NN DFE Nasze Jutro 2055;2055;Akcje;RTX Corp.;4,43527E+11;4501,826238
4Q23;31.12.2023;Nationale-Nederlanden;NN DFE Nasze Jutro 2055;2055;Akcje;SAP SE;7,44514E+11;874,7729625
4Q23;31.12.2023;Nationale-Nederlanden;NN DFE Nasze Jutro 2055;2055;Akcje;Schneider Electric SE;4,55825E+11;1779,989622
4Q23;31.12.2023;Nationale-Nederlanden;NN DFE Nasze Jutro 2055;2055;Akcje;Siemens Energy AG;44897425767;25630,51066
4Q23;31.12.2023;Nationale-Nederlanden;NN DFE Nasze Jutro 2055;2055;Akcje;Snowflake Inc.;2,67427E+11;3239,0704
4Q23;31.12.2023;Nationale-Nederlanden;NN DFE Nasze Jutro 2055;2055;Akcje;Vertiv Holdings Co.;72165191616;9305,304403
4Q23;31.12.2023;Nationale-Nederlanden;NN DFE Nasze Jutro 2055;2055;Akcje;Visa Inc.;1,71878E+12;700,482258
4Q23;31.12.2023;Nationale-Nederlanden;NN DFE Nasze Jutro 2055;2055;Akcje;Walmart Inc.;1,6448E+12;1310,493497
4Q23;31.12.2023;Nationale-Nederlanden;NN DFE Nasze Jutro 2055;2055;Akcje;Waste Management Inc.;2,83684E+11;724,5420912
4Q23;31.12.2023;Nationale-Nederlanden;NN DFE Nasze Jutro 2055;2055;Akcje;Wells Fargo & Co;6,06759E+11;9844,740592
4Q23;31.12.2023;Nationale-Nederlanden;NN DFE Nasze Jutro 2055;2055;Akcje;Western Digital Corp.;52687616859;14113,48519
4Q23;31.12.2023;Nationale-Nederlanden;NN DFE Nasze Jutro 2055;2055;Akcje;Wheaton Precious Metals Corp.;88254016741;6487,371484
4Q23;31.12.2023;Nationale-Nederlanden;NN DFE Nasze Jutro 2055;2055;Obligacje korporacyjne;Alior Bank S.A.;;
4Q23;31.12.2023;Nationale-Nederlanden;NN DFE Nasze Jutro 2055;2055;Obligacje korporacyjne;Archicom S.A.;;
4Q23;31.12.2023;Nationale-Nederlanden;NN DFE Nasze Jutro 2055;2055;Obligacje korporacyjne;Bank Pekao S.A.;;
4Q23;31.12.2023;Nationale-Nederlanden;NN DFE Nasze Jutro 2055;2055;Obligacje korporacyjne;Benefit Systems S.A.;;
4Q23;31.12.2023;Nationale-Nederlanden;NN DFE Nasze Jutro 2055;2055;Obligacje korporacyjne;Cyfrowy Polsat S.A.;;
4Q23;31.12.2023;Nationale-Nederlanden;NN DFE Nasze Jutro 2055;2055;Obligacje korporacyjne;Develia S.A.;;
4Q23;31.12.2023;Nationale-Nederlanden;NN DFE Nasze Jutro 2055;2055;Obligacje korporacyjne;Develia S.A.;;
4Q23;31.12.2023;Nationale-Nederlanden;NN DFE Nasze Jutro 2055;2055;Obligacje korporacyjne;Develia S.A.;;
4Q23;31.12.2023;Nationale-Nederlanden;NN DFE Nasze Jutro 2055;2055;Obligacje korporacyjne;Develia S.A.;;
4Q23;31.12.2023;Nationale-Nederlanden;NN DFE Nasze Jutro 2055;2055;Obligacje korporacyjne;Echo Investment S.A.;;
4Q23;31.12.2023;Nationale-Nederlanden;NN DFE Nasze Jutro 2055;2055;Obligacje korporacyjne;Echo Investment S.A.;;
4Q23;31.12.2023;Nationale-Nederlanden;NN DFE Nasze Jutro 2055;2055;Obligacje korporacyjne;Kruk S.A.;;
4Q23;31.12.2023;Nationale-Nederlanden;NN DFE Nasze Jutro 2055;2055;Obligacje korporacyjne;Kruk S.A.;;
4Q23;31.12.2023;Nationale-Nederlanden;NN DFE Nasze Jutro 2055;2055;Obligacje korporacyjne;Kruk S.A.;;
4Q23;31.12.2023;Nationale-Nederlanden;NN DFE Nasze Jutro 2055;2055;Obligacje korporacyjne;Murapol S.A.;;
4Q23;31.12.2023;Nationale-Nederlanden;NN DFE Nasze Jutro 2055;2055;Obligacje korporacyjne;PKO Bank Polski S.A. - OSNP0229;;
4Q23;31.12.2023;Nationale-Nederlanden;NN DFE Nasze Jutro 2055;2055;Obligacje korporacyjne;Santander Bank Polska S.A.;;
4Q23;31.12.2023;Nationale-Nederlanden;NN DFE Nasze Jutro 2055;2055;Obligacje korporacyjne;Santander Bank Polska S.A.;;
4Q23;31.12.2023;Nationale-Nederlanden;NN DFE Nasze Jutro 2055;2055;Obligacje korporacyjne;Santander Bank Polska S.A.;;
4Q23;31.12.2023;Nationale-Nederlanden;NN DFE Nasze Jutro 2055;2055;Inne;P4 Sp. z o.o.;;
4Q23;31.12.2023;Nationale-Nederlanden;NN DFE Nasze Jutro 2055;2055;Inne;Abivax SA - ABVX;;
4Q23;31.12.2023;Nationale-Nederlanden;NN DFE Nasze Jutro 2055;2055;Inne;Rachunek podstawowy;;
4Q23;31.12.2023;Nationale-Nederlanden;NN DFE Nasze Jutro 2055;2055;Inne;Rachunek przeliczeniowy;;
4Q23;31.12.2023;Nationale-Nederlanden;NN DFE Nasze Jutro 2060;2060;Obligacje skarbowe/gwarantowane;MINISTERSTWO FINANSÓW;;
4Q23;31.12.2023;Nationale-Nederlanden;NN DFE Nasze Jutro 2060;2060;Obligacje skarbowe/gwarantowane;MINISTERSTWO FINANSÓW;;
4Q23;31.12.2023;Nationale-Nederlanden;NN DFE Nasze Jutro 2060;2060;Obligacje skarbowe/gwarantowane;MINISTERSTWO FINANSÓW;;
4Q23;31.12.2023;Nationale-Nederlanden;NN DFE Nasze Jutro 2060;2060;Obligacje skarbowe/gwarantowane;MINISTERSTWO FINANSÓW;;
4Q23;31.12.2023;Nationale-Nederlanden;NN DFE Nasze Jutro 2060;2060;Obligacje skarbowe/gwarantowane;MINISTERSTWO FINANSÓW;;
4Q23;31.12.2023;Nationale-Nederlanden;NN DFE Nasze Jutro 2060;2060;Obligacje skarbowe/gwarantowane;MINISTERSTWO FINANSÓW;;
4Q23;31.12.2023;Nationale-Nederlanden;NN DFE Nasze Jutro 2060;2060;Obligacje skarbowe/gwarantowane;MINISTERSTWO FINANSÓW;;
4Q23;31.12.2023;Nationale-Nederlanden;NN DFE Nasze Jutro 2060;2060;Obligacje skarbowe/gwarantowane;MINISTERSTWO FINANSÓW;;
4Q23;31.12.2023;Nationale-Nederlanden;NN DFE Nasze Jutro 2060;2060;Obligacje skarbowe/gwarantowane;MINISTERSTWO FINANSÓW;;
4Q23;31.12.2023;Nationale-Nederlanden;NN DFE Nasze Jutro 2060;2060;Obligacje skarbowe/gwarantowane;MINISTERSTWO FINANSÓW;;
4Q23;31.12.2023;Nationale-Nederlanden;NN DFE Nasze Jutro 2060;2060;Obligacje skarbowe/gwarantowane;MINISTERSTWO FINANSÓW;;
4Q23;31.12.2023;Nationale-Nederlanden;NN DFE Nasze Jutro 2060;2060;Obligacje skarbowe/gwarantowane;MINISTERSTWO FINANSÓW;;
4Q23;31.12.2023;Nationale-Nederlanden;NN DFE Nasze Jutro 2060;2060;Obligacje skarbowe/gwarantowane;MINISTERSTWO FINANSÓW;;
4Q23;31.12.2023;Nationale-Nederlanden;NN DFE Nasze Jutro 2060;2060;Obligacje skarbowe/gwarantowane;MINISTERSTWO FINANSÓW;;
4Q23;31.12.2023;Nationale-Nederlanden;NN DFE Nasze Jutro 2060;2060;Obligacje skarbowe/gwarantowane;MINISTERSTWO FINANSÓW;;
4Q23;31.12.2023;Nationale-Nederlanden;NN DFE Nasze Jutro 2060;2060;Obligacje skarbowe/gwarantowane;MINISTERSTWO FINANSÓW;;
4Q23;31.12.2023;Nationale-Nederlanden;NN DFE Nasze Jutro 2060;2060;Obligacje skarbowe/gwarantowane;Bank Gospodarstwa Krajowego;;
4Q23;31.12.2023;Nationale-Nederlanden;NN DFE Nasze Jutro 2060;2060;Obligacje skarbowe/gwarantowane;Bank Gospodarstwa Krajowego;;
4Q23;31.12.2023;Nationale-Nederlanden;NN DFE Nasze Jutro 2060;2060;Obligacje skarbowe/gwarantowane;Bank Gospodarstwa Krajowego;;
4Q23;31.12.2023;Nationale-Nederlanden;NN DFE Nasze Jutro 2060;2060;Obligacje skarbowe/gwarantowane;Bank Gospodarstwa Krajowego;;
4Q23;31.12.2023;Nationale-Nederlanden;NN DFE Nasze Jutro 2060;2060;Depozyt/Gotówka;Bank Handlowy w Warszawie S.A.;;
4Q23;31.12.2023;Nationale-Nederlanden;NN DFE Nasze Jutro 2060;2060;Depozyt/Gotówka;Bank Handlowy w Warszawie S.A.;;
4Q23;31.12.2023;Nationale-Nederlanden;NN DFE Nasze Jutro 2060;2060;Depozyt/Gotówka;Bank Handlowy w Warszawie S.A.;;
4Q23;31.12.2023;Nationale-Nederlanden;NN DFE Nasze Jutro 2060;2060;Akcje;Alior Bank S.A.;9966491673;57269,80482
4Q23;31.12.2023;Nationale-Nederlanden;NN DFE Nasze Jutro 2060;2060;Akcje;Allegro.eu S.A.;35221354226;119792,2599
4Q23;31.12.2023;Nationale-Nederlanden;NN DFE Nasze Jutro 2060;2060;Akcje;Asseco Poland S.A.;6067322149;51778,95417
4Q23;31.12.2023;Nationale-Nederlanden;NN DFE Nasze Jutro 2060;2060;Akcje;Banco Santander S.A.;2,41224E+11;66926,94246
4Q23;31.12.2023;Nationale-Nederlanden;NN DFE Nasze Jutro 2060;2060;Akcje;Bank Millennium S.A.;10135076004;317222,079
4Q23;31.12.2023;Nationale-Nederlanden;NN DFE Nasze Jutro 2060;2060;Akcje;Bank Pekao S.A.;39908568670;43917,93384
4Q23;31.12.2023;Nationale-Nederlanden;NN DFE Nasze Jutro 2060;2060;Akcje;Benefit Systems S.A.;6437031900;2681,231354
4Q23;31.12.2023;Nationale-Nederlanden;NN DFE Nasze Jutro 2060;2060;Akcje;BNP Paribas Bank Polska S.A.;#VALUE!;#VALUE!
4Q23;31.12.2023;Nationale-Nederlanden;NN DFE Nasze Jutro 2060;2060;Akcje;Budimex S.A.;15981841348;2916,406022
4Q23;31.12.2023;Nationale-Nederlanden;NN DFE Nasze Jutro 2060;2060;Akcje;CCC S.A.;4310305677;9738,948169
4Q23;31.12.2023;Nationale-Nederlanden;NN DFE Nasze Jutro 2060;2060;Akcje;CD Projekt S.A.;11489708650;37050,23043
4Q23;31.12.2023;Nationale-Nederlanden;NN DFE Nasze Jutro 2060;2060;Akcje;Compremum S.A.;95950685,66;63234,29439
4Q23;31.12.2023;Nationale-Nederlanden;NN DFE Nasze Jutro 2060;2060;Akcje;Cyber_Folks S.A.;1338478560;23154,95572
4Q23;31.12.2023;Nationale-Nederlanden;NN DFE Nasze Jutro 2060;2060;Akcje;DataWalk S.A.;205384964,4;41876,35592
4Q23;31.12.2023;Nationale-Nederlanden;NN DFE Nasze Jutro 2060;2060;Akcje;Diagnostyka S.A.;#VALUE!;#VALUE!
4Q23;31.12.2023;Nationale-Nederlanden;NN DFE Nasze Jutro 2060;2060;Akcje;Dino Polska S.A.;45167028000;92978,1858
4Q23;31.12.2023;Nationale-Nederlanden;NN DFE Nasze Jutro 2060;2060;Akcje;Grupa Kęty S.A.;7331640360;3637,650188
4Q23;31.12.2023;Nationale-Nederlanden;NN DFE Nasze Jutro 2060;2060;Akcje;Grupa Pracuj S.A.;#VALUE!;#VALUE!
4Q23;31.12.2023;Nationale-Nederlanden;NN DFE Nasze Jutro 2060;2060;Akcje;ING Bank Śląski S.A.;33305600000;14725,70141
4Q23;31.12.2023;Nationale-Nederlanden;NN DFE Nasze Jutro 2060;2060;Akcje;KGHM Polska Miedź S.A.;24540000000;39982,13146
4Q23;31.12.2023;Nationale-Nederlanden;NN DFE Nasze Jutro 2060;2060;Akcje;Kruk S.A.;9297845226;4072,01413
4Q23;31.12.2023;Nationale-Nederlanden;NN DFE Nasze Jutro 2060;2060;Akcje;LPP S.A.;24380359100;540,6533212
4Q23;31.12.2023;Nationale-Nederlanden;NN DFE Nasze Jutro 2060;2060;Akcje;mBank S.A.;22751324935;6697,907308
4Q23;31.12.2023;Nationale-Nederlanden;NN DFE Nasze Jutro 2060;2060;Akcje;Mirbud S.A.;901661670;48721,76313
4Q23;31.12.2023;Nationale-Nederlanden;NN DFE Nasze Jutro 2060;2060;Akcje;Orange Polska S.A.;10682589879;197755,4214
4Q23;31.12.2023;Nationale-Nederlanden;NN DFE Nasze Jutro 2060;2060;Akcje;Orlen S.A.;76041704210;72582,87771
4Q23;31.12.2023;Nationale-Nederlanden;NN DFE Nasze Jutro 2060;2060;Akcje;Pepco Group N.V.;15048397426;15627,50115
4Q23;31.12.2023;Nationale-Nederlanden;NN DFE Nasze Jutro 2060;2060;Akcje;PGE Polska Grupa Energetyczna S.A.;19470941362;116164,8525
4Q23;31.12.2023;Nationale-Nederlanden;NN DFE Nasze Jutro 2060;2060;Akcje;PKO Bank Polski S.A.;62900000000;167201,8054
4Q23;31.12.2023;Nationale-Nederlanden;NN DFE Nasze Jutro 2060;2060;Akcje;PKP Cargo S.A.;652993249,9;31937,33471
4Q23;31.12.2023;Nationale-Nederlanden;NN DFE Nasze Jutro 2060;2060;Akcje;Powszechny Zakład Ubezpieczeń S.A.;40818732210;140098,5528
4Q23;31.12.2023;Nationale-Nederlanden;NN DFE Nasze Jutro 2060;2060;Akcje;Rainbow Tours S.A.;804712000;17372,18492
4Q23;31.12.2023;Nationale-Nederlanden;NN DFE Nasze Jutro 2060;2060;Akcje;Render Cube S.A.;167996400;1286,200577
4Q23;31.12.2023;Nationale-Nederlanden;NN DFE Nasze Jutro 2060;2060;Akcje;Santander Bank Polska S.A.;50052325997;9193,892201
4Q23;31.12.2023;Nationale-Nederlanden;NN DFE Nasze Jutro 2060;2060;Akcje;Selvita S.A.;870098229;112,5052991
4Q23;31.12.2023;Nationale-Nederlanden;NN DFE Nasze Jutro 2060;2060;Akcje;Shoper S.A.;928440480;42133,95485
4Q23;31.12.2023;Nationale-Nederlanden;NN DFE Nasze Jutro 2060;2060;Akcje;Synektik S.A.;733505094;21013,19512
4Q23;31.12.2023;Nationale-Nederlanden;NN DFE Nasze Jutro 2060;2060;Akcje;Torpol S.A.;512231000;59174,86592
4Q23;31.12.2023;Nationale-Nederlanden;NN DFE Nasze Jutro 2060;2060;Akcje;UniCredit S.p.A.;1,66684E+11;9160,550191
4Q23;31.12.2023;Nationale-Nederlanden;NN DFE Nasze Jutro 2060;2060;Akcje;Vercom S.A.;1737899987;4053,751535
4Q23;31.12.2023;Nationale-Nederlanden;NN DFE Nasze Jutro 2060;2060;Akcje;XTB S.A.;4446469073;77756,21206
4Q23;31.12.2023;Nationale-Nederlanden;NN DFE Nasze Jutro 2060;2060;Akcje;Zabka Group SA;#VALUE!;#VALUE!
4Q23;31.12.2023;Nationale-Nederlanden;NN DFE Nasze Jutro 2060;2060;Akcje;Advanced Micro Devices Inc.;9,43835E+11;1344,392538
4Q23;31.12.2023;Nationale-Nederlanden;NN DFE Nasze Jutro 2060;2060;Akcje;Agnico Eagle Mines Ltd;1,08158E+11;2661,270413
4Q23;31.12.2023;Nationale-Nederlanden;NN DFE Nasze Jutro 2060;2060;Akcje;Allianz SE;3,99919E+11;723,7917513
4Q23;31.12.2023;Nationale-Nederlanden;NN DFE Nasze Jutro 2060;2060;Akcje;Alphabet Inc.;3,19381E+12;5414,227522
4Q23;31.12.2023;Nationale-Nederlanden;NN DFE Nasze Jutro 2060;2060;Akcje;Amazon.com Inc.;6,40535E+12;2017,406398
4Q23;31.12.2023;Nationale-Nederlanden;NN DFE Nasze Jutro 2060;2060;Akcje;Apple Inc.;1,11002E+13;101,0101565
4Q23;31.12.2023;Nationale-Nederlanden;NN DFE Nasze Jutro 2060;2060;Akcje;Applied Materials Inc.;5,05176E+11;52,35276869
4Q23;31.12.2023;Nationale-Nederlanden;NN DFE Nasze Jutro 2060;2060;Akcje;ASML Holding N.V.;1,14967E+12;518,0461269
4Q23;31.12.2023;Nationale-Nederlanden;NN DFE Nasze Jutro 2060;2060;Akcje;Banco Bilbao Vizcaya Argentaria S.A.;2,04047E+11;17638,141
4Q23;31.12.2023;Nationale-Nederlanden;NN DFE Nasze Jutro 2060;2060;Akcje;Banco Comercial Portugues S.A.;17650853361;636507,6465
4Q23;31.12.2023;Nationale-Nederlanden;NN DFE Nasze Jutro 2060;2060;Akcje;Bank of America Corp.;9,65576E+11;3186,475506
4Q23;31.12.2023;Nationale-Nederlanden;NN DFE Nasze Jutro 2060;2060;Akcje;Berkshire Hathaway Inc.;1,1145E+12;0,23022829
4Q23;31.12.2023;Nationale-Nederlanden;NN DFE Nasze Jutro 2060;2060;Akcje;BNP Paribas SA;2,9958E+11;119,287144
4Q23;31.12.2023;Nationale-Nederlanden;NN DFE Nasze Jutro 2060;2060;Akcje;Broadcom Inc.;2,0784E+12;4424,592054
4Q23;31.12.2023;Nationale-Nederlanden;NN DFE Nasze Jutro 2060;2060;Akcje;CaixaBank SA;1,13722E+11;93970,759
4Q23;31.12.2023;Nationale-Nederlanden;NN DFE Nasze Jutro 2060;2060;Akcje;Caterpillar Inc.;5,40257E+11;602,3820641
4Q23;31.12.2023;Nationale-Nederlanden;NN DFE Nasze Jutro 2060;2060;Akcje;Coca-Cola Company;9,95496E+11;257,8544975
4Q23;31.12.2023;Nationale-Nederlanden;NN DFE Nasze Jutro 2060;2060;Akcje;CrowdStrike Holdings Inc.;2,52771E+11;1077,628829
4Q23;31.12.2023;Nationale-Nederlanden;NN DFE Nasze Jutro 2060;2060;Akcje;Deutsche Post AG;2,24126E+11;27,36314479
4Q23;31.12.2023;Nationale-Nederlanden;NN DFE Nasze Jutro 2060;2060;Akcje;Erste Group Bank AG;65513897172;2515,437008
4Q23;31.12.2023;Nationale-Nederlanden;NN DFE Nasze Jutro 2060;2060;Akcje;GE Vernova Inc.;#VALUE!;#VALUE!
4Q23;31.12.2023;Nationale-Nederlanden;NN DFE Nasze Jutro 2060;2060;Akcje;General Electric Co.;4,19248E+11;1914,984594
4Q23;31.12.2023;Nationale-Nederlanden;NN DFE Nasze Jutro 2060;2060;Akcje;Grenergy Renovables S.A.;4251831405;8827,767011
4Q23;31.12.2023;Nationale-Nederlanden;NN DFE Nasze Jutro 2060;2060;Akcje;ING Groep N.V.;1,71628E+11;5014,604381
4Q23;31.12.2023;Nationale-Nederlanden;NN DFE Nasze Jutro 2060;2060;Akcje;InPost S.A.;27188483576;9752,112296
4Q23;31.12.2023;Nationale-Nederlanden;NN DFE Nasze Jutro 2060;2060;Akcje;Intel Corp.;9,85697E+11;150,1822962
4Q23;31.12.2023;Nationale-Nederlanden;NN DFE Nasze Jutro 2060;2060;Akcje;JP Morgan Chase & Co.;1,80162E+12;1577,457047
4Q23;31.12.2023;Nationale-Nederlanden;NN DFE Nasze Jutro 2060;2060;Akcje;Linde Plc;7,53142E+11;54,27128848
4Q23;31.12.2023;Nationale-Nederlanden;NN DFE Nasze Jutro 2060;2060;Akcje;Lundin Mining Corp.;27538610699;59532,02205
4Q23;31.12.2023;Nationale-Nederlanden;NN DFE Nasze Jutro 2060;2060;Akcje;LVMH S.A.;1,58635E+12;135,992452
4Q23;31.12.2023;Nationale-Nederlanden;NN DFE Nasze Jutro 2060;2060;Akcje;Mercadolibre Inc.;3,12882E+11;23,50951193
4Q23;31.12.2023;Nationale-Nederlanden;NN DFE Nasze Jutro 2060;2060;Akcje;Meta Platforms Inc.;3,04026E+12;116,3004507
4Q23;31.12.2023;Nationale-Nederlanden;NN DFE Nasze Jutro 2060;2060;Akcje;Micron Technology Inc.;3,77202E+11;5140,603183
4Q23;31.12.2023;Nationale-Nederlanden;NN DFE Nasze Jutro 2060;2060;Akcje;Microsoft Corp.;1,09658E+13;1059,180716
4Q23;31.12.2023;Nationale-Nederlanden;NN DFE Nasze Jutro 2060;2060;Akcje;Münchener Rück AG;2,12924E+11;40,82433936
4Q23;31.12.2023;Nationale-Nederlanden;NN DFE Nasze Jutro 2060;2060;Akcje;Nektar Therapeutics;908280723,4;40985,66824
4Q23;31.12.2023;Nationale-Nederlanden;NN DFE Nasze Jutro 2060;2060;Akcje;Nvidia Corp.;4,72581E+12;13283,52874
4Q23;31.12.2023;Nationale-Nederlanden;NN DFE Nasze Jutro 2060;2060;Akcje;Oracle Corp.;1,18957E+12;2007,451859
4Q23;31.12.2023;Nationale-Nederlanden;NN DFE Nasze Jutro 2060;2060;Akcje;PepsiCo Inc.;9,11526E+11;12,39984192
4Q23;31.12.2023;Nationale-Nederlanden;NN DFE Nasze Jutro 2060;2060;Akcje;Procter & Gamble Co;1,33741E+12;174,8954156
4Q23;31.12.2023;Nationale-Nederlanden;NN DFE Nasze Jutro 2060;2060;Akcje;Rheinmetall AG;57365103190;534,391667
4Q23;31.12.2023;Nationale-Nederlanden;NN DFE Nasze Jutro 2060;2060;Akcje;RTX Corp.;4,43527E+11;2208,933381
4Q23;31.12.2023;Nationale-Nederlanden;NN DFE Nasze Jutro 2060;2060;Akcje;SAP SE;7,44514E+11;422,8553762
4Q23;31.12.2023;Nationale-Nederlanden;NN DFE Nasze Jutro 2060;2060;Akcje;Schneider Electric SE;4,55825E+11;872,3960507
4Q23;31.12.2023;Nationale-Nederlanden;NN DFE Nasze Jutro 2060;2060;Akcje;Siemens Energy AG;44897425767;12551,72764
4Q23;31.12.2023;Nationale-Nederlanden;NN DFE Nasze Jutro 2060;2060;Akcje;Snowflake Inc.;2,67427E+11;1583,141139
4Q23;31.12.2023;Nationale-Nederlanden;NN DFE Nasze Jutro 2060;2060;Akcje;Vertiv Holdings Co.;72165191616;4550,56612
4Q23;31.12.2023;Nationale-Nederlanden;NN DFE Nasze Jutro 2060;2060;Akcje;Visa Inc.;1,71878E+12;334,7983975
4Q23;31.12.2023;Nationale-Nederlanden;NN DFE Nasze Jutro 2060;2060;Akcje;Walmart Inc.;1,6448E+12;622,1927454
4Q23;31.12.2023;Nationale-Nederlanden;NN DFE Nasze Jutro 2060;2060;Akcje;Waste Management Inc.;2,83684E+11;345,3950623
4Q23;31.12.2023;Nationale-Nederlanden;NN DFE Nasze Jutro 2060;2060;Akcje;Wells Fargo & Co;6,06759E+11;4846,828471
4Q23;31.12.2023;Nationale-Nederlanden;NN DFE Nasze Jutro 2060;2060;Akcje;Western Digital Corp.;52687616859;6903,031397
4Q23;31.12.2023;Nationale-Nederlanden;NN DFE Nasze Jutro 2060;2060;Akcje;Wheaton Precious Metals Corp.;88254016741;3144,266608
4Q23;31.12.2023;Nationale-Nederlanden;NN DFE Nasze Jutro 2060;2060;Obligacje korporacyjne;Archicom S.A.;;
4Q23;31.12.2023;Nationale-Nederlanden;NN DFE Nasze Jutro 2060;2060;Obligacje korporacyjne;Bank Pekao S.A.;;
4Q23;31.12.2023;Nationale-Nederlanden;NN DFE Nasze Jutro 2060;2060;Obligacje korporacyjne;Benefit Systems S.A.;;
4Q23;31.12.2023;Nationale-Nederlanden;NN DFE Nasze Jutro 2060;2060;Obligacje korporacyjne;Cyfrowy Polsat S.A.;;
4Q23;31.12.2023;Nationale-Nederlanden;NN DFE Nasze Jutro 2060;2060;Obligacje korporacyjne;Develia S.A.;;
4Q23;31.12.2023;Nationale-Nederlanden;NN DFE Nasze Jutro 2060;2060;Obligacje korporacyjne;Develia S.A.;;
4Q23;31.12.2023;Nationale-Nederlanden;NN DFE Nasze Jutro 2060;2060;Obligacje korporacyjne;Develia S.A.;;
4Q23;31.12.2023;Nationale-Nederlanden;NN DFE Nasze Jutro 2060;2060;Obligacje korporacyjne;Develia S.A.;;
4Q23;31.12.2023;Nationale-Nederlanden;NN DFE Nasze Jutro 2060;2060;Obligacje korporacyjne;Echo Investment S.A.;;
4Q23;31.12.2023;Nationale-Nederlanden;NN DFE Nasze Jutro 2060;2060;Obligacje korporacyjne;Echo Investment S.A.;;
4Q23;31.12.2023;Nationale-Nederlanden;NN DFE Nasze Jutro 2060;2060;Obligacje korporacyjne;Kruk S.A.;;
4Q23;31.12.2023;Nationale-Nederlanden;NN DFE Nasze Jutro 2060;2060;Obligacje korporacyjne;Kruk S.A.;;
4Q23;31.12.2023;Nationale-Nederlanden;NN DFE Nasze Jutro 2060;2060;Obligacje korporacyjne;Kruk S.A.;;
4Q23;31.12.2023;Nationale-Nederlanden;NN DFE Nasze Jutro 2060;2060;Obligacje korporacyjne;Murapol S.A.;;
4Q23;31.12.2023;Nationale-Nederlanden;NN DFE Nasze Jutro 2060;2060;Obligacje korporacyjne;PKO Bank Polski S.A. - OSNP0229;;
4Q23;31.12.2023;Nationale-Nederlanden;NN DFE Nasze Jutro 2060;2060;Obligacje korporacyjne;Santander Bank Polska S.A.;;
4Q23;31.12.2023;Nationale-Nederlanden;NN DFE Nasze Jutro 2060;2060;Obligacje korporacyjne;Santander Bank Polska S.A.;;
4Q23;31.12.2023;Nationale-Nederlanden;NN DFE Nasze Jutro 2060;2060;Obligacje korporacyjne;Santander Bank Polska S.A.;;
4Q23;31.12.2023;Nationale-Nederlanden;NN DFE Nasze Jutro 2060;2060;Inne;P4 Sp. z o.o.;;
4Q23;31.12.2023;Nationale-Nederlanden;NN DFE Nasze Jutro 2060;2060;Inne;Abivax SA - ABVX;;
4Q23;31.12.2023;Nationale-Nederlanden;NN DFE Nasze Jutro 2060;2060;Inne;Rachunek podstawowy;;
4Q23;31.12.2023;Nationale-Nederlanden;NN DFE Nasze Jutro 2060;2060;Inne;Rachunek przeliczeniowy;;
4Q23;31.12.2023;Nationale-Nederlanden;NN DFE Nasze Jutro 2045;2045;Obligacje skarbowe/gwarantowane;MINISTERSTWO FINANSÓW;;
4Q23;31.12.2023;Nationale-Nederlanden;NN DFE Nasze Jutro 2045;2045;Obligacje skarbowe/gwarantowane;MINISTERSTWO FINANSÓW;;
4Q23;31.12.2023;Nationale-Nederlanden;NN DFE Nasze Jutro 2045;2045;Obligacje skarbowe/gwarantowane;MINISTERSTWO FINANSÓW;;
4Q23;31.12.2023;Nationale-Nederlanden;NN DFE Nasze Jutro 2045;2045;Obligacje skarbowe/gwarantowane;MINISTERSTWO FINANSÓW;;
4Q23;31.12.2023;Nationale-Nederlanden;NN DFE Nasze Jutro 2045;2045;Obligacje skarbowe/gwarantowane;MINISTERSTWO FINANSÓW;;
4Q23;31.12.2023;Nationale-Nederlanden;NN DFE Nasze Jutro 2045;2045;Obligacje skarbowe/gwarantowane;MINISTERSTWO FINANSÓW;;
4Q23;31.12.2023;Nationale-Nederlanden;NN DFE Nasze Jutro 2045;2045;Obligacje skarbowe/gwarantowane;MINISTERSTWO FINANSÓW;;
4Q23;31.12.2023;Nationale-Nederlanden;NN DFE Nasze Jutro 2045;2045;Obligacje skarbowe/gwarantowane;MINISTERSTWO FINANSÓW;;
4Q23;31.12.2023;Nationale-Nederlanden;NN DFE Nasze Jutro 2045;2045;Obligacje skarbowe/gwarantowane;MINISTERSTWO FINANSÓW;;
4Q23;31.12.2023;Nationale-Nederlanden;NN DFE Nasze Jutro 2045;2045;Obligacje skarbowe/gwarantowane;MINISTERSTWO FINANSÓW;;
4Q23;31.12.2023;Nationale-Nederlanden;NN DFE Nasze Jutro 2045;2045;Obligacje skarbowe/gwarantowane;MINISTERSTWO FINANSÓW;;
4Q23;31.12.2023;Nationale-Nederlanden;NN DFE Nasze Jutro 2045;2045;Obligacje skarbowe/gwarantowane;MINISTERSTWO FINANSÓW;;
4Q23;31.12.2023;Nationale-Nederlanden;NN DFE Nasze Jutro 2045;2045;Obligacje skarbowe/gwarantowane;MINISTERSTWO FINANSÓW;;
4Q23;31.12.2023;Nationale-Nederlanden;NN DFE Nasze Jutro 2045;2045;Obligacje skarbowe/gwarantowane;MINISTERSTWO FINANSÓW;;
4Q23;31.12.2023;Nationale-Nederlanden;NN DFE Nasze Jutro 2045;2045;Obligacje skarbowe/gwarantowane;MINISTERSTWO FINANSÓW;;
4Q23;31.12.2023;Nationale-Nederlanden;NN DFE Nasze Jutro 2045;2045;Obligacje skarbowe/gwarantowane;MINISTERSTWO FINANSÓW;;
4Q23;31.12.2023;Nationale-Nederlanden;NN DFE Nasze Jutro 2045;2045;Obligacje skarbowe/gwarantowane;MINISTERSTWO FINANSÓW;;
4Q23;31.12.2023;Nationale-Nederlanden;NN DFE Nasze Jutro 2045;2045;Obligacje skarbowe/gwarantowane;Bank Gospodarstwa Krajowego;;
4Q23;31.12.2023;Nationale-Nederlanden;NN DFE Nasze Jutro 2045;2045;Obligacje skarbowe/gwarantowane;Bank Gospodarstwa Krajowego;;
4Q23;31.12.2023;Nationale-Nederlanden;NN DFE Nasze Jutro 2045;2045;Obligacje skarbowe/gwarantowane;Bank Gospodarstwa Krajowego;;
4Q23;31.12.2023;Nationale-Nederlanden;NN DFE Nasze Jutro 2045;2045;Obligacje skarbowe/gwarantowane;Bank Gospodarstwa Krajowego;;
4Q23;31.12.2023;Nationale-Nederlanden;NN DFE Nasze Jutro 2045;2045;Depozyt/Gotówka;Bank Handlowy w Warszawie S.A.;;
4Q23;31.12.2023;Nationale-Nederlanden;NN DFE Nasze Jutro 2045;2045;Depozyt/Gotówka;Bank Handlowy w Warszawie S.A.;;
4Q23;31.12.2023;Nationale-Nederlanden;NN DFE Nasze Jutro 2045;2045;Depozyt/Gotówka;Bank Handlowy w Warszawie S.A.;;
4Q23;31.12.2023;Nationale-Nederlanden;NN DFE Nasze Jutro 2045;2045;Akcje;Alior Bank S.A.;9966491673;203019,9336
4Q23;31.12.2023;Nationale-Nederlanden;NN DFE Nasze Jutro 2045;2045;Akcje;Allegro.eu S.A.;35221354226;419675,6927
4Q23;31.12.2023;Nationale-Nederlanden;NN DFE Nasze Jutro 2045;2045;Akcje;Asseco Poland S.A.;6067322149;180077,9469
4Q23;31.12.2023;Nationale-Nederlanden;NN DFE Nasze Jutro 2045;2045;Akcje;Banco Santander S.A.;2,41224E+11;241245,3934
4Q23;31.12.2023;Nationale-Nederlanden;NN DFE Nasze Jutro 2045;2045;Akcje;Bank Millennium S.A.;10135076004;1103354,961
4Q23;31.12.2023;Nationale-Nederlanden;NN DFE Nasze Jutro 2045;2045;Akcje;Bank Pekao S.A.;39908568670;152804,0616
4Q23;31.12.2023;Nationale-Nederlanden;NN DFE Nasze Jutro 2045;2045;Akcje;Benefit Systems S.A.;6437031900;9327,66401
4Q23;31.12.2023;Nationale-Nederlanden;NN DFE Nasze Jutro 2045;2045;Akcje;BNP Paribas Bank Polska S.A.;#VALUE!;#VALUE!
4Q23;31.12.2023;Nationale-Nederlanden;NN DFE Nasze Jutro 2045;2045;Akcje;Budimex S.A.;15981841348;10159,00129
4Q23;31.12.2023;Nationale-Nederlanden;NN DFE Nasze Jutro 2045;2045;Akcje;CCC S.A.;4310305677;34039,02224
4Q23;31.12.2023;Nationale-Nederlanden;NN DFE Nasze Jutro 2045;2045;Akcje;CD Projekt S.A.;11489708650;129065,4802
4Q23;31.12.2023;Nationale-Nederlanden;NN DFE Nasze Jutro 2045;2045;Akcje;Compremum S.A.;95950685,66;232084,8318
4Q23;31.12.2023;Nationale-Nederlanden;NN DFE Nasze Jutro 2045;2045;Akcje;Cyber_Folks S.A.;1338478560;82095,69691
4Q23;31.12.2023;Nationale-Nederlanden;NN DFE Nasze Jutro 2045;2045;Akcje;DataWalk S.A.;205384964,4;163779,8088
4Q23;31.12.2023;Nationale-Nederlanden;NN DFE Nasze Jutro 2045;2045;Akcje;Diagnostyka S.A.;#VALUE!;#VALUE!
4Q23;31.12.2023;Nationale-Nederlanden;NN DFE Nasze Jutro 2045;2045;Akcje;Dino Polska S.A.;45167028000;330163,6125
4Q23;31.12.2023;Nationale-Nederlanden;NN DFE Nasze Jutro 2045;2045;Akcje;Grupa Kęty S.A.;7331640360;12898,13145
4Q23;31.12.2023;Nationale-Nederlanden;NN DFE Nasze Jutro 2045;2045;Akcje;Grupa Pracuj S.A.;#VALUE!;#VALUE!
4Q23;31.12.2023;Nationale-Nederlanden;NN DFE Nasze Jutro 2045;2045;Akcje;ING Bank Śląski S.A.;33305600000;52530,77672
4Q23;31.12.2023;Nationale-Nederlanden;NN DFE Nasze Jutro 2045;2045;Akcje;KGHM Polska Miedź S.A.;24540000000;136970,8088
4Q23;31.12.2023;Nationale-Nederlanden;NN DFE Nasze Jutro 2045;2045;Akcje;Kruk S.A.;9297845226;14440,25184
4Q23;31.12.2023;Nationale-Nederlanden;NN DFE Nasze Jutro 2045;2045;Akcje;LPP S.A.;24380359100;1891,005439
4Q23;31.12.2023;Nationale-Nederlanden;NN DFE Nasze Jutro 2045;2045;Akcje;mBank S.A.;22751324935;23294,65004
4Q23;31.12.2023;Nationale-Nederlanden;NN DFE Nasze Jutro 2045;2045;Akcje;Mirbud S.A.;901661670;179015,6252
4Q23;31.12.2023;Nationale-Nederlanden;NN DFE Nasze Jutro 2045;2045;Akcje;Orange Polska S.A.;10682589879;691110,0025
4Q23;31.12.2023;Nationale-Nederlanden;NN DFE Nasze Jutro 2045;2045;Akcje;Orlen S.A.;76041704210;252831,9731
4Q23;31.12.2023;Nationale-Nederlanden;NN DFE Nasze Jutro 2045;2045;Akcje;Pepco Group N.V.;15048397426;54613,31236
4Q23;31.12.2023;Nationale-Nederlanden;NN DFE Nasze Jutro 2045;2045;Akcje;PGE Polska Grupa Energetyczna S.A.;19470941362;406965,4609
4Q23;31.12.2023;Nationale-Nederlanden;NN DFE Nasze Jutro 2045;2045;Akcje;PKO Bank Polski S.A.;62900000000;581747,5087
4Q23;31.12.2023;Nationale-Nederlanden;NN DFE Nasze Jutro 2045;2045;Akcje;PKP Cargo S.A.;652993249,9;113487,2154
4Q23;31.12.2023;Nationale-Nederlanden;NN DFE Nasze Jutro 2045;2045;Akcje;Powszechny Zakład Ubezpieczeń S.A.;40818732210;490814,959
4Q23;31.12.2023;Nationale-Nederlanden;NN DFE Nasze Jutro 2045;2045;Akcje;Rainbow Tours S.A.;804712000;61604,64984
4Q23;31.12.2023;Nationale-Nederlanden;NN DFE Nasze Jutro 2045;2045;Akcje;Render Cube S.A.;167996400;5078,387692
4Q23;31.12.2023;Nationale-Nederlanden;NN DFE Nasze Jutro 2045;2045;Akcje;Santander Bank Polska S.A.;50052325997;31711,79755
4Q23;31.12.2023;Nationale-Nederlanden;NN DFE Nasze Jutro 2045;2045;Akcje;Selvita S.A.;870098229;423,3748718
4Q23;31.12.2023;Nationale-Nederlanden;NN DFE Nasze Jutro 2045;2045;Akcje;Shoper S.A.;928440480;149405,4561
4Q23;31.12.2023;Nationale-Nederlanden;NN DFE Nasze Jutro 2045;2045;Akcje;Synektik S.A.;733505094;70764,87791
4Q23;31.12.2023;Nationale-Nederlanden;NN DFE Nasze Jutro 2045;2045;Akcje;Torpol S.A.;512231000;205799,4444
4Q23;31.12.2023;Nationale-Nederlanden;NN DFE Nasze Jutro 2045;2045;Akcje;UniCredit S.p.A.;1,66684E+11;32849,59812
4Q23;31.12.2023;Nationale-Nederlanden;NN DFE Nasze Jutro 2045;2045;Akcje;Vercom S.A.;1737899987;14115,36215
4Q23;31.12.2023;Nationale-Nederlanden;NN DFE Nasze Jutro 2045;2045;Akcje;XTB S.A.;4446469073;270853,3733
4Q23;31.12.2023;Nationale-Nederlanden;NN DFE Nasze Jutro 2045;2045;Akcje;Zabka Group SA;#VALUE!;#VALUE!
4Q23;31.12.2023;Nationale-Nederlanden;NN DFE Nasze Jutro 2045;2045;Akcje;Advanced Micro Devices Inc.;9,43835E+11;4698,045701
4Q23;31.12.2023;Nationale-Nederlanden;NN DFE Nasze Jutro 2045;2045;Akcje;Agnico Eagle Mines Ltd;1,08158E+11;9750,417598
4Q23;31.12.2023;Nationale-Nederlanden;NN DFE Nasze Jutro 2045;2045;Akcje;Allianz SE;3,99919E+11;2567,027167
4Q23;31.12.2023;Nationale-Nederlanden;NN DFE Nasze Jutro 2045;2045;Akcje;Alphabet Inc.;3,19381E+12;19423,64415
4Q23;31.12.2023;Nationale-Nederlanden;NN DFE Nasze Jutro 2045;2045;Akcje;Amazon.com Inc.;6,40535E+12;7151,482756
4Q23;31.12.2023;Nationale-Nederlanden;NN DFE Nasze Jutro 2045;2045;Akcje;Apple Inc.;1,11002E+13;423,4656223
4Q23;31.12.2023;Nationale-Nederlanden;NN DFE Nasze Jutro 2045;2045;Akcje;Applied Materials Inc.;5,05176E+11;184,6889178
4Q23;31.12.2023;Nationale-Nederlanden;NN DFE Nasze Jutro 2045;2045;Akcje;ASML Holding N.V.;1,14967E+12;1836,828535
4Q23;31.12.2023;Nationale-Nederlanden;NN DFE Nasze Jutro 2045;2045;Akcje;Banco Bilbao Vizcaya Argentaria S.A.;2,04047E+11;61795,1168
4Q23;31.12.2023;Nationale-Nederlanden;NN DFE Nasze Jutro 2045;2045;Akcje;Banco Comercial Portugues S.A.;17650853361;2229910,254
4Q23;31.12.2023;Nationale-Nederlanden;NN DFE Nasze Jutro 2045;2045;Akcje;Bank of America Corp.;9,65576E+11;11160,90376
4Q23;31.12.2023;Nationale-Nederlanden;NN DFE Nasze Jutro 2045;2045;Akcje;Berkshire Hathaway Inc.;1,1145E+12;0,880984282
4Q23;31.12.2023;Nationale-Nederlanden;NN DFE Nasze Jutro 2045;2045;Akcje;BNP Paribas SA;2,9958E+11;421,8997088
4Q23;31.12.2023;Nationale-Nederlanden;NN DFE Nasze Jutro 2045;2045;Akcje;Broadcom Inc.;2,0784E+12;15505,97724
4Q23;31.12.2023;Nationale-Nederlanden;NN DFE Nasze Jutro 2045;2045;Akcje;CaixaBank SA;1,13722E+11;329208,31
4Q23;31.12.2023;Nationale-Nederlanden;NN DFE Nasze Jutro 2045;2045;Akcje;Caterpillar Inc.;5,40257E+11;2111,002642
4Q23;31.12.2023;Nationale-Nederlanden;NN DFE Nasze Jutro 2045;2045;Akcje;Coca-Cola Company;9,95496E+11;950,9065056
4Q23;31.12.2023;Nationale-Nederlanden;NN DFE Nasze Jutro 2045;2045;Akcje;CrowdStrike Holdings Inc.;2,52771E+11;3847,471681
4Q23;31.12.2023;Nationale-Nederlanden;NN DFE Nasze Jutro 2045;2045;Akcje;Deutsche Post AG;2,24126E+11;123,640867
4Q23;31.12.2023;Nationale-Nederlanden;NN DFE Nasze Jutro 2045;2045;Akcje;Erste Group Bank AG;65513897172;9080,645751
4Q23;31.12.2023;Nationale-Nederlanden;NN DFE Nasze Jutro 2045;2045;Akcje;GE Vernova Inc.;#VALUE!;#VALUE!
4Q23;31.12.2023;Nationale-Nederlanden;NN DFE Nasze Jutro 2045;2045;Akcje;General Electric Co.;4,19248E+11;6710,772054
4Q23;31.12.2023;Nationale-Nederlanden;NN DFE Nasze Jutro 2045;2045;Akcje;Grenergy Renovables S.A.;4251831405;31301,33222
4Q23;31.12.2023;Nationale-Nederlanden;NN DFE Nasze Jutro 2045;2045;Akcje;ING Groep N.V.;1,71628E+11;18086,42124
4Q23;31.12.2023;Nationale-Nederlanden;NN DFE Nasze Jutro 2045;2045;Akcje;InPost S.A.;27188483576;35997,28143
4Q23;31.12.2023;Nationale-Nederlanden;NN DFE Nasze Jutro 2045;2045;Akcje;Intel Corp.;9,85697E+11;524,6277588
4Q23;31.12.2023;Nationale-Nederlanden;NN DFE Nasze Jutro 2045;2045;Akcje;JP Morgan Chase & Co.;1,80162E+12;5486,353969
4Q23;31.12.2023;Nationale-Nederlanden;NN DFE Nasze Jutro 2045;2045;Akcje;Linde Plc;7,53142E+11;191,3776894
4Q23;31.12.2023;Nationale-Nederlanden;NN DFE Nasze Jutro 2045;2045;Akcje;Lundin Mining Corp.;27538610699;208820,6111
4Q23;31.12.2023;Nationale-Nederlanden;NN DFE Nasze Jutro 2045;2045;Akcje;LVMH S.A.;1,58635E+12;502,0601971
4Q23;31.12.2023;Nationale-Nederlanden;NN DFE Nasze Jutro 2045;2045;Akcje;Mercadolibre Inc.;3,12882E+11;94,03804608
4Q23;31.12.2023;Nationale-Nederlanden;NN DFE Nasze Jutro 2045;2045;Akcje;Meta Platforms Inc.;3,04026E+12;396,7897699
4Q23;31.12.2023;Nationale-Nederlanden;NN DFE Nasze Jutro 2045;2045;Akcje;Micron Technology Inc.;3,77202E+11;18004,37979
4Q23;31.12.2023;Nationale-Nederlanden;NN DFE Nasze Jutro 2045;2045;Akcje;Microsoft Corp.;1,09658E+13;3753,132545
4Q23;31.12.2023;Nationale-Nederlanden;NN DFE Nasze Jutro 2045;2045;Akcje;Münchener Rück AG;2,12924E+11;141,4271548
4Q23;31.12.2023;Nationale-Nederlanden;NN DFE Nasze Jutro 2045;2045;Akcje;Nektar Therapeutics;908280723,4;146323,1359
4Q23;31.12.2023;Nationale-Nederlanden;NN DFE Nasze Jutro 2045;2045;Akcje;Nvidia Corp.;4,72581E+12;46537,25047
4Q23;31.12.2023;Nationale-Nederlanden;NN DFE Nasze Jutro 2045;2045;Akcje;Oracle Corp.;1,18957E+12;7121,028492
4Q23;31.12.2023;Nationale-Nederlanden;NN DFE Nasze Jutro 2045;2045;Akcje;PepsiCo Inc.;9,11526E+11;44,94939886
4Q23;31.12.2023;Nationale-Nederlanden;NN DFE Nasze Jutro 2045;2045;Akcje;Procter & Gamble Co;1,33741E+12;653,8398181
4Q23;31.12.2023;Nationale-Nederlanden;NN DFE Nasze Jutro 2045;2045;Akcje;Rheinmetall AG;57365103190;1857,143319
4Q23;31.12.2023;Nationale-Nederlanden;NN DFE Nasze Jutro 2045;2045;Akcje;RTX Corp.;4,43527E+11;7722,271165
4Q23;31.12.2023;Nationale-Nederlanden;NN DFE Nasze Jutro 2045;2045;Akcje;SAP SE;7,44514E+11;1521,407464
4Q23;31.12.2023;Nationale-Nederlanden;NN DFE Nasze Jutro 2045;2045;Akcje;Schneider Electric SE;4,55825E+11;3054,643204
4Q23;31.12.2023;Nationale-Nederlanden;NN DFE Nasze Jutro 2045;2045;Akcje;Siemens Energy AG;44897425767;43989,6083
4Q23;31.12.2023;Nationale-Nederlanden;NN DFE Nasze Jutro 2045;2045;Akcje;Snowflake Inc.;2,67427E+11;5614,793058
4Q23;31.12.2023;Nationale-Nederlanden;NN DFE Nasze Jutro 2045;2045;Akcje;Vertiv Holdings Co.;72165191616;16135,79377
4Q23;31.12.2023;Nationale-Nederlanden;NN DFE Nasze Jutro 2045;2045;Akcje;Visa Inc.;1,71878E+12;1237,889292
4Q23;31.12.2023;Nationale-Nederlanden;NN DFE Nasze Jutro 2045;2045;Akcje;Walmart Inc.;1,6448E+12;2319,612376
4Q23;31.12.2023;Nationale-Nederlanden;NN DFE Nasze Jutro 2045;2045;Akcje;Waste Management Inc.;2,83684E+11;1283,699585
4Q23;31.12.2023;Nationale-Nederlanden;NN DFE Nasze Jutro 2045;2045;Akcje;Wells Fargo & Co;6,06759E+11;16853,62625
4Q23;31.12.2023;Nationale-Nederlanden;NN DFE Nasze Jutro 2045;2045;Akcje;Western Digital Corp.;52687616859;24470,02852
4Q23;31.12.2023;Nationale-Nederlanden;NN DFE Nasze Jutro 2045;2045;Akcje;Wheaton Precious Metals Corp.;88254016741;11274,78505
4Q23;31.12.2023;Nationale-Nederlanden;NN DFE Nasze Jutro 2045;2045;Obligacje korporacyjne;Alior Bank S.A.;;
4Q23;31.12.2023;Nationale-Nederlanden;NN DFE Nasze Jutro 2045;2045;Obligacje korporacyjne;Archicom S.A.;;
4Q23;31.12.2023;Nationale-Nederlanden;NN DFE Nasze Jutro 2045;2045;Obligacje korporacyjne;Bank Pekao S.A.;;
4Q23;31.12.2023;Nationale-Nederlanden;NN DFE Nasze Jutro 2045;2045;Obligacje korporacyjne;Bank Pekao S.A.;;
4Q23;31.12.2023;Nationale-Nederlanden;NN DFE Nasze Jutro 2045;2045;Obligacje korporacyjne;Benefit Systems S.A.;;
4Q23;31.12.2023;Nationale-Nederlanden;NN DFE Nasze Jutro 2045;2045;Obligacje korporacyjne;Cyfrowy Polsat S.A.;;
4Q23;31.12.2023;Nationale-Nederlanden;NN DFE Nasze Jutro 2045;2045;Obligacje korporacyjne;Develia S.A.;;
4Q23;31.12.2023;Nationale-Nederlanden;NN DFE Nasze Jutro 2045;2045;Obligacje korporacyjne;Develia S.A.;;
4Q23;31.12.2023;Nationale-Nederlanden;NN DFE Nasze Jutro 2045;2045;Obligacje korporacyjne;Develia S.A.;;
4Q23;31.12.2023;Nationale-Nederlanden;NN DFE Nasze Jutro 2045;2045;Obligacje korporacyjne;Develia S.A.;;
4Q23;31.12.2023;Nationale-Nederlanden;NN DFE Nasze Jutro 2045;2045;Obligacje korporacyjne;Echo Investment S.A.;;
4Q23;31.12.2023;Nationale-Nederlanden;NN DFE Nasze Jutro 2045;2045;Obligacje korporacyjne;Echo Investment S.A.;;
4Q23;31.12.2023;Nationale-Nederlanden;NN DFE Nasze Jutro 2045;2045;Obligacje korporacyjne;Kruk S.A.;;
4Q23;31.12.2023;Nationale-Nederlanden;NN DFE Nasze Jutro 2045;2045;Obligacje korporacyjne;Kruk S.A.;;
4Q23;31.12.2023;Nationale-Nederlanden;NN DFE Nasze Jutro 2045;2045;Obligacje korporacyjne;Kruk S.A.;;
4Q23;31.12.2023;Nationale-Nederlanden;NN DFE Nasze Jutro 2045;2045;Obligacje korporacyjne;Murapol S.A.;;
4Q23;31.12.2023;Nationale-Nederlanden;NN DFE Nasze Jutro 2045;2045;Obligacje korporacyjne;PKO Bank Polski S.A. - OSNP0229;;
4Q23;31.12.2023;Nationale-Nederlanden;NN DFE Nasze Jutro 2045;2045;Obligacje korporacyjne;Santander Bank Polska S.A.;;
4Q23;31.12.2023;Nationale-Nederlanden;NN DFE Nasze Jutro 2045;2045;Obligacje korporacyjne;Santander Bank Polska S.A.;;
4Q23;31.12.2023;Nationale-Nederlanden;NN DFE Nasze Jutro 2045;2045;Inne;P4 Sp. z o.o.;;
4Q23;31.12.2023;Nationale-Nederlanden;NN DFE Nasze Jutro 2045;2045;Inne;Abivax SA - ABVX;;
4Q23;31.12.2023;Nationale-Nederlanden;NN DFE Nasze Jutro 2045;2045;Inne;Rachunek podstawowy;;
4Q23;31.12.2023;Nationale-Nederlanden;NN DFE Nasze Jutro 2045;2045;Inne;Rachunek przeliczeniowy;;
4Q23;31.12.2023;Nationale-Nederlanden;NN DFE Nasze Jutro 2025;2025;Obligacje skarbowe/gwarantowane;MINISTERSTWO FINANSÓW;;
4Q23;31.12.2023;Nationale-Nederlanden;NN DFE Nasze Jutro 2025;2025;Obligacje skarbowe/gwarantowane;MINISTERSTWO FINANSÓW;;
4Q23;31.12.2023;Nationale-Nederlanden;NN DFE Nasze Jutro 2025;2025;Obligacje skarbowe/gwarantowane;MINISTERSTWO FINANSÓW;;
4Q23;31.12.2023;Nationale-Nederlanden;NN DFE Nasze Jutro 2025;2025;Obligacje skarbowe/gwarantowane;MINISTERSTWO FINANSÓW;;
4Q23;31.12.2023;Nationale-Nederlanden;NN DFE Nasze Jutro 2025;2025;Obligacje skarbowe/gwarantowane;MINISTERSTWO FINANSÓW;;
4Q23;31.12.2023;Nationale-Nederlanden;NN DFE Nasze Jutro 2025;2025;Obligacje skarbowe/gwarantowane;MINISTERSTWO FINANSÓW;;
4Q23;31.12.2023;Nationale-Nederlanden;NN DFE Nasze Jutro 2025;2025;Obligacje skarbowe/gwarantowane;MINISTERSTWO FINANSÓW;;
4Q23;31.12.2023;Nationale-Nederlanden;NN DFE Nasze Jutro 2025;2025;Obligacje skarbowe/gwarantowane;MINISTERSTWO FINANSÓW;;
4Q23;31.12.2023;Nationale-Nederlanden;NN DFE Nasze Jutro 2025;2025;Obligacje skarbowe/gwarantowane;MINISTERSTWO FINANSÓW;;
4Q23;31.12.2023;Nationale-Nederlanden;NN DFE Nasze Jutro 2025;2025;Obligacje skarbowe/gwarantowane;MINISTERSTWO FINANSÓW;;
4Q23;31.12.2023;Nationale-Nederlanden;NN DFE Nasze Jutro 2025;2025;Obligacje skarbowe/gwarantowane;MINISTERSTWO FINANSÓW;;
4Q23;31.12.2023;Nationale-Nederlanden;NN DFE Nasze Jutro 2025;2025;Obligacje skarbowe/gwarantowane;MINISTERSTWO FINANSÓW;;
4Q23;31.12.2023;Nationale-Nederlanden;NN DFE Nasze Jutro 2025;2025;Obligacje skarbowe/gwarantowane;MINISTERSTWO FINANSÓW;;
4Q23;31.12.2023;Nationale-Nederlanden;NN DFE Nasze Jutro 2025;2025;Obligacje skarbowe/gwarantowane;MINISTERSTWO FINANSÓW;;
4Q23;31.12.2023;Nationale-Nederlanden;NN DFE Nasze Jutro 2025;2025;Obligacje skarbowe/gwarantowane;MINISTERSTWO FINANSÓW;;
4Q23;31.12.2023;Nationale-Nederlanden;NN DFE Nasze Jutro 2025;2025;Obligacje skarbowe/gwarantowane;MINISTERSTWO FINANSÓW;;
4Q23;31.12.2023;Nationale-Nederlanden;NN DFE Nasze Jutro 2025;2025;Obligacje skarbowe/gwarantowane;MINISTERSTWO FINANSÓW;;
4Q23;31.12.2023;Nationale-Nederlanden;NN DFE Nasze Jutro 2025;2025;Obligacje skarbowe/gwarantowane;MINISTERSTWO FINANSÓW;;
4Q23;31.12.2023;Nationale-Nederlanden;NN DFE Nasze Jutro 2025;2025;Obligacje skarbowe/gwarantowane;MINISTERSTWO FINANSÓW;;
4Q23;31.12.2023;Nationale-Nederlanden;NN DFE Nasze Jutro 2025;2025;Obligacje skarbowe/gwarantowane;Bank Gospodarstwa Krajowego;;
4Q23;31.12.2023;Nationale-Nederlanden;NN DFE Nasze Jutro 2025;2025;Obligacje skarbowe/gwarantowane;Bank Gospodarstwa Krajowego;;
4Q23;31.12.2023;Nationale-Nederlanden;NN DFE Nasze Jutro 2025;2025;Obligacje skarbowe/gwarantowane;Bank Gospodarstwa Krajowego;;
4Q23;31.12.2023;Nationale-Nederlanden;NN DFE Nasze Jutro 2025;2025;Obligacje skarbowe/gwarantowane;Bank Gospodarstwa Krajowego;;
4Q23;31.12.2023;Nationale-Nederlanden;NN DFE Nasze Jutro 2025;2025;Depozyt/Gotówka;Bank Handlowy w Warszawie S.A.;;
4Q23;31.12.2023;Nationale-Nederlanden;NN DFE Nasze Jutro 2025;2025;Depozyt/Gotówka;Bank Handlowy w Warszawie S.A.;;
4Q23;31.12.2023;Nationale-Nederlanden;NN DFE Nasze Jutro 2025;2025;Depozyt/Gotówka;Bank Handlowy w Warszawie S.A.;;
4Q23;31.12.2023;Nationale-Nederlanden;NN DFE Nasze Jutro 2025;2025;Obligacje korporacyjne;Alior Bank S.A.;;
4Q23;31.12.2023;Nationale-Nederlanden;NN DFE Nasze Jutro 2025;2025;Obligacje korporacyjne;Alior Bank S.A.;;
4Q23;31.12.2023;Nationale-Nederlanden;NN DFE Nasze Jutro 2025;2025;Obligacje korporacyjne;Archicom S.A.;;
4Q23;31.12.2023;Nationale-Nederlanden;NN DFE Nasze Jutro 2025;2025;Obligacje korporacyjne;Archicom S.A.;;
4Q23;31.12.2023;Nationale-Nederlanden;NN DFE Nasze Jutro 2025;2025;Obligacje korporacyjne;Bank Pekao S.A.;;
4Q23;31.12.2023;Nationale-Nederlanden;NN DFE Nasze Jutro 2025;2025;Obligacje korporacyjne;Bank Pekao S.A.;;
4Q23;31.12.2023;Nationale-Nederlanden;NN DFE Nasze Jutro 2025;2025;Obligacje korporacyjne;Benefit Systems S.A.;;
4Q23;31.12.2023;Nationale-Nederlanden;NN DFE Nasze Jutro 2025;2025;Obligacje korporacyjne;Cyfrowy Polsat S.A.;;
4Q23;31.12.2023;Nationale-Nederlanden;NN DFE Nasze Jutro 2025;2025;Obligacje korporacyjne;Develia S.A.;;
4Q23;31.12.2023;Nationale-Nederlanden;NN DFE Nasze Jutro 2025;2025;Obligacje korporacyjne;Develia S.A.;;
4Q23;31.12.2023;Nationale-Nederlanden;NN DFE Nasze Jutro 2025;2025;Obligacje korporacyjne;Develia S.A.;;
4Q23;31.12.2023;Nationale-Nederlanden;NN DFE Nasze Jutro 2025;2025;Obligacje korporacyjne;Develia S.A.;;
4Q23;31.12.2023;Nationale-Nederlanden;NN DFE Nasze Jutro 2025;2025;Obligacje korporacyjne;Echo Investment S.A.;;
4Q23;31.12.2023;Nationale-Nederlanden;NN DFE Nasze Jutro 2025;2025;Obligacje korporacyjne;Echo Investment S.A.;;
4Q23;31.12.2023;Nationale-Nederlanden;NN DFE Nasze Jutro 2025;2025;Obligacje korporacyjne;Kruk S.A.;;
4Q23;31.12.2023;Nationale-Nederlanden;NN DFE Nasze Jutro 2025;2025;Obligacje korporacyjne;Kruk S.A.;;
4Q23;31.12.2023;Nationale-Nederlanden;NN DFE Nasze Jutro 2025;2025;Obligacje korporacyjne;Kruk S.A.;;
4Q23;31.12.2023;Nationale-Nederlanden;NN DFE Nasze Jutro 2025;2025;Obligacje korporacyjne;Murapol S.A.;;
4Q23;31.12.2023;Nationale-Nederlanden;NN DFE Nasze Jutro 2025;2025;Obligacje korporacyjne;PKO Bank Polski S.A. - OSNP0229;;
4Q23;31.12.2023;Nationale-Nederlanden;NN DFE Nasze Jutro 2025;2025;Obligacje korporacyjne;Santander Bank Polska S.A.;;
4Q23;31.12.2023;Nationale-Nederlanden;NN DFE Nasze Jutro 2025;2025;Obligacje korporacyjne;Santander Bank Polska S.A.;;
4Q23;31.12.2023;Nationale-Nederlanden;NN DFE Nasze Jutro 2025;2025;Inne;P4 Sp. z o.o.;;
4Q23;31.12.2023;Nationale-Nederlanden;NN DFE Nasze Jutro 2025;2025;Inne;Rachunek podstawowy;;
4Q23;31.12.2023;Nationale-Nederlanden;NN DFE Nasze Jutro 2025;2025;Inne;Rachunek przeliczeniowy;;
4Q23;31.12.2023;Nationale-Nederlanden;NN DFE Nasze Jutro 2035;2035;Obligacje skarbowe/gwarantowane;MINISTERSTWO FINANSÓW;;
4Q23;31.12.2023;Nationale-Nederlanden;NN DFE Nasze Jutro 2035;2035;Obligacje skarbowe/gwarantowane;MINISTERSTWO FINANSÓW;;
4Q23;31.12.2023;Nationale-Nederlanden;NN DFE Nasze Jutro 2035;2035;Obligacje skarbowe/gwarantowane;MINISTERSTWO FINANSÓW;;
4Q23;31.12.2023;Nationale-Nederlanden;NN DFE Nasze Jutro 2035;2035;Obligacje skarbowe/gwarantowane;MINISTERSTWO FINANSÓW;;
4Q23;31.12.2023;Nationale-Nederlanden;NN DFE Nasze Jutro 2035;2035;Obligacje skarbowe/gwarantowane;MINISTERSTWO FINANSÓW;;
4Q23;31.12.2023;Nationale-Nederlanden;NN DFE Nasze Jutro 2035;2035;Obligacje skarbowe/gwarantowane;MINISTERSTWO FINANSÓW;;
4Q23;31.12.2023;Nationale-Nederlanden;NN DFE Nasze Jutro 2035;2035;Obligacje skarbowe/gwarantowane;MINISTERSTWO FINANSÓW;;
4Q23;31.12.2023;Nationale-Nederlanden;NN DFE Nasze Jutro 2035;2035;Obligacje skarbowe/gwarantowane;MINISTERSTWO FINANSÓW;;
4Q23;31.12.2023;Nationale-Nederlanden;NN DFE Nasze Jutro 2035;2035;Obligacje skarbowe/gwarantowane;MINISTERSTWO FINANSÓW;;
4Q23;31.12.2023;Nationale-Nederlanden;NN DFE Nasze Jutro 2035;2035;Obligacje skarbowe/gwarantowane;MINISTERSTWO FINANSÓW;;
4Q23;31.12.2023;Nationale-Nederlanden;NN DFE Nasze Jutro 2035;2035;Obligacje skarbowe/gwarantowane;MINISTERSTWO FINANSÓW;;
4Q23;31.12.2023;Nationale-Nederlanden;NN DFE Nasze Jutro 2035;2035;Obligacje skarbowe/gwarantowane;MINISTERSTWO FINANSÓW;;
4Q23;31.12.2023;Nationale-Nederlanden;NN DFE Nasze Jutro 2035;2035;Obligacje skarbowe/gwarantowane;MINISTERSTWO FINANSÓW;;
4Q23;31.12.2023;Nationale-Nederlanden;NN DFE Nasze Jutro 2035;2035;Obligacje skarbowe/gwarantowane;MINISTERSTWO FINANSÓW;;
4Q23;31.12.2023;Nationale-Nederlanden;NN DFE Nasze Jutro 2035;2035;Obligacje skarbowe/gwarantowane;MINISTERSTWO FINANSÓW;;
4Q23;31.12.2023;Nationale-Nederlanden;NN DFE Nasze Jutro 2035;2035;Obligacje skarbowe/gwarantowane;MINISTERSTWO FINANSÓW;;
4Q23;31.12.2023;Nationale-Nederlanden;NN DFE Nasze Jutro 2035;2035;Obligacje skarbowe/gwarantowane;MINISTERSTWO FINANSÓW;;
4Q23;31.12.2023;Nationale-Nederlanden;NN DFE Nasze Jutro 2035;2035;Obligacje skarbowe/gwarantowane;MINISTERSTWO FINANSÓW;;
4Q23;31.12.2023;Nationale-Nederlanden;NN DFE Nasze Jutro 2035;2035;Obligacje skarbowe/gwarantowane;MINISTERSTWO FINANSÓW;;
4Q23;31.12.2023;Nationale-Nederlanden;NN DFE Nasze Jutro 2035;2035;Obligacje skarbowe/gwarantowane;Bank Gospodarstwa Krajowego;;
4Q23;31.12.2023;Nationale-Nederlanden;NN DFE Nasze Jutro 2035;2035;Obligacje skarbowe/gwarantowane;Bank Gospodarstwa Krajowego;;
4Q23;31.12.2023;Nationale-Nederlanden;NN DFE Nasze Jutro 2035;2035;Obligacje skarbowe/gwarantowane;Bank Gospodarstwa Krajowego;;
4Q23;31.12.2023;Nationale-Nederlanden;NN DFE Nasze Jutro 2035;2035;Obligacje skarbowe/gwarantowane;Bank Gospodarstwa Krajowego;;
4Q23;31.12.2023;Nationale-Nederlanden;NN DFE Nasze Jutro 2035;2035;Depozyt/Gotówka;Bank Handlowy w Warszawie S.A.;;
4Q23;31.12.2023;Nationale-Nederlanden;NN DFE Nasze Jutro 2035;2035;Depozyt/Gotówka;Bank Handlowy w Warszawie S.A.;;
4Q23;31.12.2023;Nationale-Nederlanden;NN DFE Nasze Jutro 2035;2035;Depozyt/Gotówka;Bank Handlowy w Warszawie S.A.;;
4Q23;31.12.2023;Nationale-Nederlanden;NN DFE Nasze Jutro 2035;2035;Akcje;Alior Bank S.A.;9966491673;126753,9417
4Q23;31.12.2023;Nationale-Nederlanden;NN DFE Nasze Jutro 2035;2035;Akcje;Allegro.eu S.A.;35221354226;257230,4816
4Q23;31.12.2023;Nationale-Nederlanden;NN DFE Nasze Jutro 2035;2035;Akcje;Asseco Poland S.A.;6067322149;107060,7401
4Q23;31.12.2023;Nationale-Nederlanden;NN DFE Nasze Jutro 2035;2035;Akcje;Banco Santander S.A.;2,41224E+11;149398,0415
4Q23;31.12.2023;Nationale-Nederlanden;NN DFE Nasze Jutro 2035;2035;Akcje;Bank Millennium S.A.;10135076004;673494,1436
4Q23;31.12.2023;Nationale-Nederlanden;NN DFE Nasze Jutro 2035;2035;Akcje;Bank Pekao S.A.;39908568670;93265,24209
4Q23;31.12.2023;Nationale-Nederlanden;NN DFE Nasze Jutro 2035;2035;Akcje;Benefit Systems S.A.;6437031900;5669,968123
4Q23;31.12.2023;Nationale-Nederlanden;NN DFE Nasze Jutro 2035;2035;Akcje;BNP Paribas Bank Polska S.A.;#VALUE!;#VALUE!
4Q23;31.12.2023;Nationale-Nederlanden;NN DFE Nasze Jutro 2035;2035;Akcje;Budimex S.A.;15981841348;6216,093754
4Q23;31.12.2023;Nationale-Nederlanden;NN DFE Nasze Jutro 2035;2035;Akcje;CCC S.A.;4310305677;20835,67332
4Q23;31.12.2023;Nationale-Nederlanden;NN DFE Nasze Jutro 2035;2035;Akcje;CD Projekt S.A.;11489708650;78980,96426
4Q23;31.12.2023;Nationale-Nederlanden;NN DFE Nasze Jutro 2035;2035;Akcje;Compremum S.A.;95950685,66;189110,8738
4Q23;31.12.2023;Nationale-Nederlanden;NN DFE Nasze Jutro 2035;2035;Akcje;Cyber_Folks S.A.;1338478560;51049,40835
4Q23;31.12.2023;Nationale-Nederlanden;NN DFE Nasze Jutro 2035;2035;Akcje;DataWalk S.A.;205384964,4;103886,8815
4Q23;31.12.2023;Nationale-Nederlanden;NN DFE Nasze Jutro 2035;2035;Akcje;Diagnostyka S.A.;#VALUE!;#VALUE!
4Q23;31.12.2023;Nationale-Nederlanden;NN DFE Nasze Jutro 2035;2035;Akcje;Dino Polska S.A.;45167028000;206949,6241
4Q23;31.12.2023;Nationale-Nederlanden;NN DFE Nasze Jutro 2035;2035;Akcje;Grupa Kęty S.A.;7331640360;8059,021624
4Q23;31.12.2023;Nationale-Nederlanden;NN DFE Nasze Jutro 2035;2035;Akcje;Grupa Pracuj S.A.;#VALUE!;#VALUE!
4Q23;31.12.2023;Nationale-Nederlanden;NN DFE Nasze Jutro 2035;2035;Akcje;ING Bank Śląski S.A.;33305600000;32800,56504
4Q23;31.12.2023;Nationale-Nederlanden;NN DFE Nasze Jutro 2035;2035;Akcje;KGHM Polska Miedź S.A.;24540000000;85588,278
4Q23;31.12.2023;Nationale-Nederlanden;NN DFE Nasze Jutro 2035;2035;Akcje;Kruk S.A.;9297845226;9023,342704
4Q23;31.12.2023;Nationale-Nederlanden;NN DFE Nasze Jutro 2035;2035;Akcje;LPP S.A.;24380359100;1165,863786
4Q23;31.12.2023;Nationale-Nederlanden;NN DFE Nasze Jutro 2035;2035;Akcje;mBank S.A.;22751324935;14073,35434
4Q23;31.12.2023;Nationale-Nederlanden;NN DFE Nasze Jutro 2035;2035;Akcje;Mirbud S.A.;901661670;113870,4908
4Q23;31.12.2023;Nationale-Nederlanden;NN DFE Nasze Jutro 2035;2035;Akcje;Orange Polska S.A.;10682589879;423022,7948
4Q23;31.12.2023;Nationale-Nederlanden;NN DFE Nasze Jutro 2035;2035;Akcje;Orlen S.A.;76041704210;154539,907
4Q23;31.12.2023;Nationale-Nederlanden;NN DFE Nasze Jutro 2035;2035;Akcje;Pepco Group N.V.;15048397426;33428,75211
4Q23;31.12.2023;Nationale-Nederlanden;NN DFE Nasze Jutro 2035;2035;Akcje;PGE Polska Grupa Energetyczna S.A.;19470941362;249440,8331
4Q23;31.12.2023;Nationale-Nederlanden;NN DFE Nasze Jutro 2035;2035;Akcje;PKO Bank Polski S.A.;62900000000;355074,9189
4Q23;31.12.2023;Nationale-Nederlanden;NN DFE Nasze Jutro 2035;2035;Akcje;PKP Cargo S.A.;652993249,9;73592,95542
4Q23;31.12.2023;Nationale-Nederlanden;NN DFE Nasze Jutro 2035;2035;Akcje;Powszechny Zakład Ubezpieczeń S.A.;40818732210;302478,4119
4Q23;31.12.2023;Nationale-Nederlanden;NN DFE Nasze Jutro 2035;2035;Akcje;Rainbow Tours S.A.;804712000;38493,63787
4Q23;31.12.2023;Nationale-Nederlanden;NN DFE Nasze Jutro 2035;2035;Akcje;Render Cube S.A.;167996400;3359,735962
4Q23;31.12.2023;Nationale-Nederlanden;NN DFE Nasze Jutro 2035;2035;Akcje;Santander Bank Polska S.A.;50052325997;19801,62934
4Q23;31.12.2023;Nationale-Nederlanden;NN DFE Nasze Jutro 2035;2035;Akcje;Selvita S.A.;870098229;340,4762393
4Q23;31.12.2023;Nationale-Nederlanden;NN DFE Nasze Jutro 2035;2035;Akcje;Shoper S.A.;928440480;92929,50121
4Q23;31.12.2023;Nationale-Nederlanden;NN DFE Nasze Jutro 2035;2035;Akcje;Synektik S.A.;733505094;44218,92709
4Q23;31.12.2023;Nationale-Nederlanden;NN DFE Nasze Jutro 2035;2035;Akcje;Torpol S.A.;512231000;125700,7269
4Q23;31.12.2023;Nationale-Nederlanden;NN DFE Nasze Jutro 2035;2035;Akcje;UniCredit S.p.A.;1,66684E+11;20541,15998
4Q23;31.12.2023;Nationale-Nederlanden;NN DFE Nasze Jutro 2035;2035;Akcje;Vercom S.A.;1737899987;8622,60243
4Q23;31.12.2023;Nationale-Nederlanden;NN DFE Nasze Jutro 2035;2035;Akcje;XTB S.A.;4446469073;165555,2935
4Q23;31.12.2023;Nationale-Nederlanden;NN DFE Nasze Jutro 2035;2035;Akcje;Zabka Group SA;#VALUE!;#VALUE!
4Q23;31.12.2023;Nationale-Nederlanden;NN DFE Nasze Jutro 2035;2035;Akcje;Advanced Micro Devices Inc.;9,43835E+11;2875,321222
4Q23;31.12.2023;Nationale-Nederlanden;NN DFE Nasze Jutro 2035;2035;Akcje;Agnico Eagle Mines Ltd;1,08158E+11;6194,483267
4Q23;31.12.2023;Nationale-Nederlanden;NN DFE Nasze Jutro 2035;2035;Akcje;Allianz SE;3,99919E+11;1603,018196
4Q23;31.12.2023;Nationale-Nederlanden;NN DFE Nasze Jutro 2035;2035;Akcje;Alphabet Inc.;3,19381E+12;12153,16895
4Q23;31.12.2023;Nationale-Nederlanden;NN DFE Nasze Jutro 2035;2035;Akcje;Amazon.com Inc.;6,40535E+12;4465,322855
4Q23;31.12.2023;Nationale-Nederlanden;NN DFE Nasze Jutro 2035;2035;Akcje;Apple Inc.;1,11002E+13;273,2454147
4Q23;31.12.2023;Nationale-Nederlanden;NN DFE Nasze Jutro 2035;2035;Akcje;Applied Materials Inc.;5,05176E+11;113,4309805
4Q23;31.12.2023;Nationale-Nederlanden;NN DFE Nasze Jutro 2035;2035;Akcje;ASML Holding N.V.;1,14967E+12;1147,853475
4Q23;31.12.2023;Nationale-Nederlanden;NN DFE Nasze Jutro 2035;2035;Akcje;Banco Bilbao Vizcaya Argentaria S.A.;2,04047E+11;37876,26122
4Q23;31.12.2023;Nationale-Nederlanden;NN DFE Nasze Jutro 2035;2035;Akcje;Banco Comercial Portugues S.A.;17650853361;1366773,077
4Q23;31.12.2023;Nationale-Nederlanden;NN DFE Nasze Jutro 2035;2035;Akcje;Bank of America Corp.;9,65576E+11;6840,360627
4Q23;31.12.2023;Nationale-Nederlanden;NN DFE Nasze Jutro 2035;2035;Akcje;Berkshire Hathaway Inc.;1,1145E+12;0,549659437
4Q23;31.12.2023;Nationale-Nederlanden;NN DFE Nasze Jutro 2035;2035;Akcje;BNP Paribas SA;2,9958E+11;271,221244
4Q23;31.12.2023;Nationale-Nederlanden;NN DFE Nasze Jutro 2035;2035;Akcje;Broadcom Inc.;2,0784E+12;9503,204822
4Q23;31.12.2023;Nationale-Nederlanden;NN DFE Nasze Jutro 2035;2035;Akcje;CaixaBank SA;1,13722E+11;201779,3383
4Q23;31.12.2023;Nationale-Nederlanden;NN DFE Nasze Jutro 2035;2035;Akcje;Caterpillar Inc.;5,40257E+11;1293,611041
4Q23;31.12.2023;Nationale-Nederlanden;NN DFE Nasze Jutro 2035;2035;Akcje;Coca-Cola Company;9,95496E+11;603,8365001
4Q23;31.12.2023;Nationale-Nederlanden;NN DFE Nasze Jutro 2035;2035;Akcje;CrowdStrike Holdings Inc.;2,52771E+11;2404,459323
4Q23;31.12.2023;Nationale-Nederlanden;NN DFE Nasze Jutro 2035;2035;Akcje;Deutsche Post AG;2,24126E+11;84,11634729
4Q23;31.12.2023;Nationale-Nederlanden;NN DFE Nasze Jutro 2035;2035;Akcje;Erste Group Bank AG;65513897172;5671,315746
4Q23;31.12.2023;Nationale-Nederlanden;NN DFE Nasze Jutro 2035;2035;Akcje;GE Vernova Inc.;#VALUE!;#VALUE!
4Q23;31.12.2023;Nationale-Nederlanden;NN DFE Nasze Jutro 2035;2035;Akcje;General Electric Co.;4,19248E+11;4113,053849
4Q23;31.12.2023;Nationale-Nederlanden;NN DFE Nasze Jutro 2035;2035;Akcje;Grenergy Renovables S.A.;4251831405;19560,28065
4Q23;31.12.2023;Nationale-Nederlanden;NN DFE Nasze Jutro 2035;2035;Akcje;ING Groep N.V.;1,71628E+11;11282,86011
4Q23;31.12.2023;Nationale-Nederlanden;NN DFE Nasze Jutro 2035;2035;Akcje;InPost S.A.;27188483576;22837,66722
4Q23;31.12.2023;Nationale-Nederlanden;NN DFE Nasze Jutro 2035;2035;Akcje;Intel Corp.;9,85697E+11;321,2418973
4Q23;31.12.2023;Nationale-Nederlanden;NN DFE Nasze Jutro 2035;2035;Akcje;JP Morgan Chase & Co.;1,80162E+12;3351,227608
4Q23;31.12.2023;Nationale-Nederlanden;NN DFE Nasze Jutro 2035;2035;Akcje;Linde Plc;7,53142E+11;117,1117173
4Q23;31.12.2023;Nationale-Nederlanden;NN DFE Nasze Jutro 2035;2035;Akcje;Lundin Mining Corp.;27538610699;129869,0132
4Q23;31.12.2023;Nationale-Nederlanden;NN DFE Nasze Jutro 2035;2035;Akcje;LVMH S.A.;1,58635E+12;319,0263245
4Q23;31.12.2023;Nationale-Nederlanden;NN DFE Nasze Jutro 2035;2035;Akcje;Mercadolibre Inc.;3,12882E+11;61,12472971
4Q23;31.12.2023;Nationale-Nederlanden;NN DFE Nasze Jutro 2035;2035;Akcje;Meta Platforms Inc.;3,04026E+12;253,124509
4Q23;31.12.2023;Nationale-Nederlanden;NN DFE Nasze Jutro 2035;2035;Akcje;Micron Technology Inc.;3,77202E+11;11035,734
4Q23;31.12.2023;Nationale-Nederlanden;NN DFE Nasze Jutro 2035;2035;Akcje;Microsoft Corp.;1,09658E+13;2344,823217
4Q23;31.12.2023;Nationale-Nederlanden;NN DFE Nasze Jutro 2035;2035;Akcje;Münchener Rück AG;2,12924E+11;86,02270697
4Q23;31.12.2023;Nationale-Nederlanden;NN DFE Nasze Jutro 2035;2035;Akcje;Nektar Therapeutics;908280723,4;91520,01781
4Q23;31.12.2023;Nationale-Nederlanden;NN DFE Nasze Jutro 2035;2035;Akcje;Nvidia Corp.;4,72581E+12;28525,3935
4Q23;31.12.2023;Nationale-Nederlanden;NN DFE Nasze Jutro 2035;2035;Akcje;Oracle Corp.;1,18957E+12;4454,033747
4Q23;31.12.2023;Nationale-Nederlanden;NN DFE Nasze Jutro 2035;2035;Akcje;PepsiCo Inc.;9,11526E+11;28,67462039
4Q23;31.12.2023;Nationale-Nederlanden;NN DFE Nasze Jutro 2035;2035;Akcje;Procter & Gamble Co;1,33741E+12;414,3675995
4Q23;31.12.2023;Nationale-Nederlanden;NN DFE Nasze Jutro 2035;2035;Akcje;Rheinmetall AG;57365103190;1137,566417
4Q23;31.12.2023;Nationale-Nederlanden;NN DFE Nasze Jutro 2035;2035;Akcje;RTX Corp.;4,43527E+11;4725,718113
4Q23;31.12.2023;Nationale-Nederlanden;NN DFE Nasze Jutro 2035;2035;Akcje;SAP SE;7,44514E+11;950,3347584
4Q23;31.12.2023;Nationale-Nederlanden;NN DFE Nasze Jutro 2035;2035;Akcje;Schneider Electric SE;4,55825E+11;1871,754631
4Q23;31.12.2023;Nationale-Nederlanden;NN DFE Nasze Jutro 2035;2035;Akcje;Siemens Energy AG;44897425767;26957,90961
4Q23;31.12.2023;Nationale-Nederlanden;NN DFE Nasze Jutro 2035;2035;Akcje;Snowflake Inc.;2,67427E+11;3507,981979
4Q23;31.12.2023;Nationale-Nederlanden;NN DFE Nasze Jutro 2035;2035;Akcje;Vertiv Holdings Co.;72165191616;10072,49703
4Q23;31.12.2023;Nationale-Nederlanden;NN DFE Nasze Jutro 2035;2035;Akcje;Visa Inc.;1,71878E+12;784,4907176
4Q23;31.12.2023;Nationale-Nederlanden;NN DFE Nasze Jutro 2035;2035;Akcje;Walmart Inc.;1,6448E+12;1469,930395
4Q23;31.12.2023;Nationale-Nederlanden;NN DFE Nasze Jutro 2035;2035;Akcje;Waste Management Inc.;2,83684E+11;813,4222617
4Q23;31.12.2023;Nationale-Nederlanden;NN DFE Nasze Jutro 2035;2035;Akcje;Wells Fargo & Co;6,06759E+11;10292,78139
4Q23;31.12.2023;Nationale-Nederlanden;NN DFE Nasze Jutro 2035;2035;Akcje;Western Digital Corp.;52687616859;15279,29501
4Q23;31.12.2023;Nationale-Nederlanden;NN DFE Nasze Jutro 2035;2035;Akcje;Wheaton Precious Metals Corp.;88254016741;6926,563601
4Q23;31.12.2023;Nationale-Nederlanden;NN DFE Nasze Jutro 2035;2035;Obligacje korporacyjne;Alior Bank S.A.;;
4Q23;31.12.2023;Nationale-Nederlanden;NN DFE Nasze Jutro 2035;2035;Obligacje korporacyjne;Archicom S.A.;;
4Q23;31.12.2023;Nationale-Nederlanden;NN DFE Nasze Jutro 2035;2035;Obligacje korporacyjne;Bank Pekao S.A.;;
4Q23;31.12.2023;Nationale-Nederlanden;NN DFE Nasze Jutro 2035;2035;Obligacje korporacyjne;Bank Pekao S.A.;;
4Q23;31.12.2023;Nationale-Nederlanden;NN DFE Nasze Jutro 2035;2035;Obligacje korporacyjne;Benefit Systems S.A.;;
4Q23;31.12.2023;Nationale-Nederlanden;NN DFE Nasze Jutro 2035;2035;Obligacje korporacyjne;Cyfrowy Polsat S.A.;;
4Q23;31.12.2023;Nationale-Nederlanden;NN DFE Nasze Jutro 2035;2035;Obligacje korporacyjne;Develia S.A.;;
4Q23;31.12.2023;Nationale-Nederlanden;NN DFE Nasze Jutro 2035;2035;Obligacje korporacyjne;Develia S.A.;;
4Q23;31.12.2023;Nationale-Nederlanden;NN DFE Nasze Jutro 2035;2035;Obligacje korporacyjne;Develia S.A.;;
4Q23;31.12.2023;Nationale-Nederlanden;NN DFE Nasze Jutro 2035;2035;Obligacje korporacyjne;Develia S.A.;;
4Q23;31.12.2023;Nationale-Nederlanden;NN DFE Nasze Jutro 2035;2035;Obligacje korporacyjne;Echo Investment S.A.;;
4Q23;31.12.2023;Nationale-Nederlanden;NN DFE Nasze Jutro 2035;2035;Obligacje korporacyjne;Echo Investment S.A.;;
4Q23;31.12.2023;Nationale-Nederlanden;NN DFE Nasze Jutro 2035;2035;Obligacje korporacyjne;Kruk S.A.;;
4Q23;31.12.2023;Nationale-Nederlanden;NN DFE Nasze Jutro 2035;2035;Obligacje korporacyjne;Kruk S.A.;;
4Q23;31.12.2023;Nationale-Nederlanden;NN DFE Nasze Jutro 2035;2035;Obligacje korporacyjne;Kruk S.A.;;
4Q23;31.12.2023;Nationale-Nederlanden;NN DFE Nasze Jutro 2035;2035;Obligacje korporacyjne;Murapol S.A.;;
4Q23;31.12.2023;Nationale-Nederlanden;NN DFE Nasze Jutro 2035;2035;Obligacje korporacyjne;PKO Bank Polski S.A. - OSNP0229;;
4Q23;31.12.2023;Nationale-Nederlanden;NN DFE Nasze Jutro 2035;2035;Obligacje korporacyjne;Santander Bank Polska S.A.;;
4Q23;31.12.2023;Nationale-Nederlanden;NN DFE Nasze Jutro 2035;2035;Obligacje korporacyjne;Santander Bank Polska S.A.;;
4Q23;31.12.2023;Nationale-Nederlanden;NN DFE Nasze Jutro 2035;2035;Inne;P4 Sp. z o.o.;;
4Q23;31.12.2023;Nationale-Nederlanden;NN DFE Nasze Jutro 2035;2035;Inne;Abivax SA - ABVX;;
4Q23;31.12.2023;Nationale-Nederlanden;NN DFE Nasze Jutro 2035;2035;Inne;Rachunek podstawowy;;
4Q23;31.12.2023;Nationale-Nederlanden;NN DFE Nasze Jutro 2035;2035;Inne;Rachunek przeliczeniowy;;
4Q23;31.12.2023;Nationale-Nederlanden;NN DFE Nasze Jutro 2040;2040;Obligacje skarbowe/gwarantowane;MINISTERSTWO FINANSÓW;;
4Q23;31.12.2023;Nationale-Nederlanden;NN DFE Nasze Jutro 2040;2040;Obligacje skarbowe/gwarantowane;MINISTERSTWO FINANSÓW;;
4Q23;31.12.2023;Nationale-Nederlanden;NN DFE Nasze Jutro 2040;2040;Obligacje skarbowe/gwarantowane;MINISTERSTWO FINANSÓW;;
4Q23;31.12.2023;Nationale-Nederlanden;NN DFE Nasze Jutro 2040;2040;Obligacje skarbowe/gwarantowane;MINISTERSTWO FINANSÓW;;
4Q23;31.12.2023;Nationale-Nederlanden;NN DFE Nasze Jutro 2040;2040;Obligacje skarbowe/gwarantowane;MINISTERSTWO FINANSÓW;;
4Q23;31.12.2023;Nationale-Nederlanden;NN DFE Nasze Jutro 2040;2040;Obligacje skarbowe/gwarantowane;MINISTERSTWO FINANSÓW;;
4Q23;31.12.2023;Nationale-Nederlanden;NN DFE Nasze Jutro 2040;2040;Obligacje skarbowe/gwarantowane;MINISTERSTWO FINANSÓW;;
4Q23;31.12.2023;Nationale-Nederlanden;NN DFE Nasze Jutro 2040;2040;Obligacje skarbowe/gwarantowane;MINISTERSTWO FINANSÓW;;
4Q23;31.12.2023;Nationale-Nederlanden;NN DFE Nasze Jutro 2040;2040;Obligacje skarbowe/gwarantowane;MINISTERSTWO FINANSÓW;;
4Q23;31.12.2023;Nationale-Nederlanden;NN DFE Nasze Jutro 2040;2040;Obligacje skarbowe/gwarantowane;MINISTERSTWO FINANSÓW;;
4Q23;31.12.2023;Nationale-Nederlanden;NN DFE Nasze Jutro 2040;2040;Obligacje skarbowe/gwarantowane;MINISTERSTWO FINANSÓW;;
4Q23;31.12.2023;Nationale-Nederlanden;NN DFE Nasze Jutro 2040;2040;Obligacje skarbowe/gwarantowane;MINISTERSTWO FINANSÓW;;
4Q23;31.12.2023;Nationale-Nederlanden;NN DFE Nasze Jutro 2040;2040;Obligacje skarbowe/gwarantowane;MINISTERSTWO FINANSÓW;;
4Q23;31.12.2023;Nationale-Nederlanden;NN DFE Nasze Jutro 2040;2040;Obligacje skarbowe/gwarantowane;MINISTERSTWO FINANSÓW;;
4Q23;31.12.2023;Nationale-Nederlanden;NN DFE Nasze Jutro 2040;2040;Obligacje skarbowe/gwarantowane;MINISTERSTWO FINANSÓW;;
4Q23;31.12.2023;Nationale-Nederlanden;NN DFE Nasze Jutro 2040;2040;Obligacje skarbowe/gwarantowane;MINISTERSTWO FINANSÓW;;
4Q23;31.12.2023;Nationale-Nederlanden;NN DFE Nasze Jutro 2040;2040;Obligacje skarbowe/gwarantowane;MINISTERSTWO FINANSÓW;;
4Q23;31.12.2023;Nationale-Nederlanden;NN DFE Nasze Jutro 2040;2040;Obligacje skarbowe/gwarantowane;MINISTERSTWO FINANSÓW;;
4Q23;31.12.2023;Nationale-Nederlanden;NN DFE Nasze Jutro 2040;2040;Obligacje skarbowe/gwarantowane;Bank Gospodarstwa Krajowego;;
4Q23;31.12.2023;Nationale-Nederlanden;NN DFE Nasze Jutro 2040;2040;Obligacje skarbowe/gwarantowane;Bank Gospodarstwa Krajowego;;
4Q23;31.12.2023;Nationale-Nederlanden;NN DFE Nasze Jutro 2040;2040;Obligacje skarbowe/gwarantowane;Bank Gospodarstwa Krajowego;;
4Q23;31.12.2023;Nationale-Nederlanden;NN DFE Nasze Jutro 2040;2040;Obligacje skarbowe/gwarantowane;Bank Gospodarstwa Krajowego;;
4Q23;31.12.2023;Nationale-Nederlanden;NN DFE Nasze Jutro 2040;2040;Depozyt/Gotówka;Bank Handlowy w Warszawie S.A.;;
4Q23;31.12.2023;Nationale-Nederlanden;NN DFE Nasze Jutro 2040;2040;Depozyt/Gotówka;Bank Handlowy w Warszawie S.A.;;
4Q23;31.12.2023;Nationale-Nederlanden;NN DFE Nasze Jutro 2040;2040;Depozyt/Gotówka;Bank Handlowy w Warszawie S.A.;;
4Q23;31.12.2023;Nationale-Nederlanden;NN DFE Nasze Jutro 2040;2040;Akcje;Alior Bank S.A.;9966491673;189202,6695
4Q23;31.12.2023;Nationale-Nederlanden;NN DFE Nasze Jutro 2040;2040;Akcje;Allegro.eu S.A.;35221354226;389536,9584
4Q23;31.12.2023;Nationale-Nederlanden;NN DFE Nasze Jutro 2040;2040;Akcje;Asseco Poland S.A.;6067322149;166798,9746
4Q23;31.12.2023;Nationale-Nederlanden;NN DFE Nasze Jutro 2040;2040;Akcje;Banco Santander S.A.;2,41224E+11;224646,4724
4Q23;31.12.2023;Nationale-Nederlanden;NN DFE Nasze Jutro 2040;2040;Akcje;Bank Millennium S.A.;10135076004;1021614,926
4Q23;31.12.2023;Nationale-Nederlanden;NN DFE Nasze Jutro 2040;2040;Akcje;Bank Pekao S.A.;39908568670;141466,4087
4Q23;31.12.2023;Nationale-Nederlanden;NN DFE Nasze Jutro 2040;2040;Akcje;Benefit Systems S.A.;6437031900;8637,125538
4Q23;31.12.2023;Nationale-Nederlanden;NN DFE Nasze Jutro 2040;2040;Akcje;BNP Paribas Bank Polska S.A.;#VALUE!;#VALUE!
4Q23;31.12.2023;Nationale-Nederlanden;NN DFE Nasze Jutro 2040;2040;Akcje;Budimex S.A.;15981841348;9418,941629
4Q23;31.12.2023;Nationale-Nederlanden;NN DFE Nasze Jutro 2040;2040;Akcje;CCC S.A.;4310305677;31573,74019
4Q23;31.12.2023;Nationale-Nederlanden;NN DFE Nasze Jutro 2040;2040;Akcje;CD Projekt S.A.;11489708650;119670,0378
4Q23;31.12.2023;Nationale-Nederlanden;NN DFE Nasze Jutro 2040;2040;Akcje;Compremum S.A.;95950685,66;228147,1402
4Q23;31.12.2023;Nationale-Nederlanden;NN DFE Nasze Jutro 2040;2040;Akcje;Cyber_Folks S.A.;1338478560;76529,4889
4Q23;31.12.2023;Nationale-Nederlanden;NN DFE Nasze Jutro 2040;2040;Akcje;DataWalk S.A.;205384964,4;152257,5826
4Q23;31.12.2023;Nationale-Nederlanden;NN DFE Nasze Jutro 2040;2040;Akcje;Diagnostyka S.A.;#VALUE!;#VALUE!
4Q23;31.12.2023;Nationale-Nederlanden;NN DFE Nasze Jutro 2040;2040;Akcje;Dino Polska S.A.;45167028000;308210,0933
4Q23;31.12.2023;Nationale-Nederlanden;NN DFE Nasze Jutro 2040;2040;Akcje;Grupa Kęty S.A.;7331640360;12023,22238
4Q23;31.12.2023;Nationale-Nederlanden;NN DFE Nasze Jutro 2040;2040;Akcje;Grupa Pracuj S.A.;#VALUE!;#VALUE!
4Q23;31.12.2023;Nationale-Nederlanden;NN DFE Nasze Jutro 2040;2040;Akcje;ING Bank Śląski S.A.;33305600000;48934,90418
4Q23;31.12.2023;Nationale-Nederlanden;NN DFE Nasze Jutro 2040;2040;Akcje;KGHM Polska Miedź S.A.;24540000000;127685,3845
4Q23;31.12.2023;Nationale-Nederlanden;NN DFE Nasze Jutro 2040;2040;Akcje;Kruk S.A.;9297845226;13461,39233
4Q23;31.12.2023;Nationale-Nederlanden;NN DFE Nasze Jutro 2040;2040;Akcje;LPP S.A.;24380359100;1755,201524
4Q23;31.12.2023;Nationale-Nederlanden;NN DFE Nasze Jutro 2040;2040;Akcje;mBank S.A.;22751324935;21570,0035
4Q23;31.12.2023;Nationale-Nederlanden;NN DFE Nasze Jutro 2040;2040;Akcje;Mirbud S.A.;901661670;167365,5482
4Q23;31.12.2023;Nationale-Nederlanden;NN DFE Nasze Jutro 2040;2040;Akcje;Orange Polska S.A.;10682589879;641062,9435
4Q23;31.12.2023;Nationale-Nederlanden;NN DFE Nasze Jutro 2040;2040;Akcje;Orlen S.A.;76041704210;234306,7956
4Q23;31.12.2023;Nationale-Nederlanden;NN DFE Nasze Jutro 2040;2040;Akcje;Pepco Group N.V.;15048397426;50658,63124
4Q23;31.12.2023;Nationale-Nederlanden;NN DFE Nasze Jutro 2040;2040;Akcje;PGE Polska Grupa Energetyczna S.A.;19470941362;377740,0726
4Q23;31.12.2023;Nationale-Nederlanden;NN DFE Nasze Jutro 2040;2040;Akcje;PKO Bank Polski S.A.;62900000000;538583,7494
4Q23;31.12.2023;Nationale-Nederlanden;NN DFE Nasze Jutro 2040;2040;Akcje;PKP Cargo S.A.;652993249,9;105484,0802
4Q23;31.12.2023;Nationale-Nederlanden;NN DFE Nasze Jutro 2040;2040;Akcje;Powszechny Zakład Ubezpieczeń S.A.;40818732210;455568,0311
4Q23;31.12.2023;Nationale-Nederlanden;NN DFE Nasze Jutro 2040;2040;Akcje;Rainbow Tours S.A.;804712000;57427,81213
4Q23;31.12.2023;Nationale-Nederlanden;NN DFE Nasze Jutro 2040;2040;Akcje;Render Cube S.A.;167996400;4786,87609
4Q23;31.12.2023;Nationale-Nederlanden;NN DFE Nasze Jutro 2040;2040;Akcje;Santander Bank Polska S.A.;50052325997;29555,9345
4Q23;31.12.2023;Nationale-Nederlanden;NN DFE Nasze Jutro 2040;2040;Akcje;Selvita S.A.;870098229;407,0911111
4Q23;31.12.2023;Nationale-Nederlanden;NN DFE Nasze Jutro 2040;2040;Akcje;Shoper S.A.;928440480;139276,3567
4Q23;31.12.2023;Nationale-Nederlanden;NN DFE Nasze Jutro 2040;2040;Akcje;Synektik S.A.;733505094;65968,49581
4Q23;31.12.2023;Nationale-Nederlanden;NN DFE Nasze Jutro 2040;2040;Akcje;Torpol S.A.;512231000;190622,0291
4Q23;31.12.2023;Nationale-Nederlanden;NN DFE Nasze Jutro 2040;2040;Akcje;UniCredit S.p.A.;1,66684E+11;30643,55389
4Q23;31.12.2023;Nationale-Nederlanden;NN DFE Nasze Jutro 2040;2040;Akcje;Vercom S.A.;1737899987;13075,35166
4Q23;31.12.2023;Nationale-Nederlanden;NN DFE Nasze Jutro 2040;2040;Akcje;XTB S.A.;4446469073;251007,1124
4Q23;31.12.2023;Nationale-Nederlanden;NN DFE Nasze Jutro 2040;2040;Akcje;Zabka Group SA;#VALUE!;#VALUE!
4Q23;31.12.2023;Nationale-Nederlanden;NN DFE Nasze Jutro 2040;2040;Akcje;Advanced Micro Devices Inc.;9,43835E+11;4358,283457
4Q23;31.12.2023;Nationale-Nederlanden;NN DFE Nasze Jutro 2040;2040;Akcje;Agnico Eagle Mines Ltd;1,08158E+11;9111,371956
4Q23;31.12.2023;Nationale-Nederlanden;NN DFE Nasze Jutro 2040;2040;Akcje;Allianz SE;3,99919E+11;2392,751923
4Q23;31.12.2023;Nationale-Nederlanden;NN DFE Nasze Jutro 2040;2040;Akcje;Alphabet Inc.;3,19381E+12;18123,6527
4Q23;31.12.2023;Nationale-Nederlanden;NN DFE Nasze Jutro 2040;2040;Akcje;Amazon.com Inc.;6,40535E+12;6665,243243
4Q23;31.12.2023;Nationale-Nederlanden;NN DFE Nasze Jutro 2040;2040;Akcje;Apple Inc.;1,11002E+13;392,3855803
4Q23;31.12.2023;Nationale-Nederlanden;NN DFE Nasze Jutro 2040;2040;Akcje;Applied Materials Inc.;5,05176E+11;171,6007217
4Q23;31.12.2023;Nationale-Nederlanden;NN DFE Nasze Jutro 2040;2040;Akcje;ASML Holding N.V.;1,14967E+12;1711,918925
4Q23;31.12.2023;Nationale-Nederlanden;NN DFE Nasze Jutro 2040;2040;Akcje;Banco Bilbao Vizcaya Argentaria S.A.;2,04047E+11;57355,95591
4Q23;31.12.2023;Nationale-Nederlanden;NN DFE Nasze Jutro 2040;2040;Akcje;Banco Comercial Portugues S.A.;17650853361;2069772,21
4Q23;31.12.2023;Nationale-Nederlanden;NN DFE Nasze Jutro 2040;2040;Akcje;Bank of America Corp.;9,65576E+11;10359,41604
4Q23;31.12.2023;Nationale-Nederlanden;NN DFE Nasze Jutro 2040;2040;Akcje;Berkshire Hathaway Inc.;1,1145E+12;0,822365276
4Q23;31.12.2023;Nationale-Nederlanden;NN DFE Nasze Jutro 2040;2040;Akcje;BNP Paribas SA;2,9958E+11;460,8249878
4Q23;31.12.2023;Nationale-Nederlanden;NN DFE Nasze Jutro 2040;2040;Akcje;Broadcom Inc.;2,0784E+12;14391,29848
4Q23;31.12.2023;Nationale-Nederlanden;NN DFE Nasze Jutro 2040;2040;Akcje;CaixaBank SA;1,13722E+11;305565,7415
4Q23;31.12.2023;Nationale-Nederlanden;NN DFE Nasze Jutro 2040;2040;Akcje;Caterpillar Inc.;5,40257E+11;1959,962891
4Q23;31.12.2023;Nationale-Nederlanden;NN DFE Nasze Jutro 2040;2040;Akcje;Coca-Cola Company;9,95496E+11;888,8908555
4Q23;31.12.2023;Nationale-Nederlanden;NN DFE Nasze Jutro 2040;2040;Akcje;CrowdStrike Holdings Inc.;2,52771E+11;3588,167241
4Q23;31.12.2023;Nationale-Nederlanden;NN DFE Nasze Jutro 2040;2040;Akcje;Deutsche Post AG;2,24126E+11;118,5736103
4Q23;31.12.2023;Nationale-Nederlanden;NN DFE Nasze Jutro 2040;2040;Akcje;Erste Group Bank AG;65513897172;8462,006358
4Q23;31.12.2023;Nationale-Nederlanden;NN DFE Nasze Jutro 2040;2040;Akcje;GE Vernova Inc.;#VALUE!;#VALUE!
4Q23;31.12.2023;Nationale-Nederlanden;NN DFE Nasze Jutro 2040;2040;Akcje;General Electric Co.;4,19248E+11;6227,862893
4Q23;31.12.2023;Nationale-Nederlanden;NN DFE Nasze Jutro 2040;2040;Akcje;Grenergy Renovables S.A.;4251831405;29179,24956
4Q23;31.12.2023;Nationale-Nederlanden;NN DFE Nasze Jutro 2040;2040;Akcje;ING Groep N.V.;1,71628E+11;16836,22371
4Q23;31.12.2023;Nationale-Nederlanden;NN DFE Nasze Jutro 2040;2040;Akcje;InPost S.A.;27188483576;33647,75705
4Q23;31.12.2023;Nationale-Nederlanden;NN DFE Nasze Jutro 2040;2040;Akcje;Intel Corp.;9,85697E+11;486,2403878
4Q23;31.12.2023;Nationale-Nederlanden;NN DFE Nasze Jutro 2040;2040;Akcje;JP Morgan Chase & Co.;1,80162E+12;5081,565964
4Q23;31.12.2023;Nationale-Nederlanden;NN DFE Nasze Jutro 2040;2040;Akcje;Linde Plc;7,53142E+11;178,0478983
4Q23;31.12.2023;Nationale-Nederlanden;NN DFE Nasze Jutro 2040;2040;Akcje;Lundin Mining Corp.;27538610699;194366,65
4Q23;31.12.2023;Nationale-Nederlanden;NN DFE Nasze Jutro 2040;2040;Akcje;LVMH S.A.;1,58635E+12;469,5588516
4Q23;31.12.2023;Nationale-Nederlanden;NN DFE Nasze Jutro 2040;2040;Akcje;Mercadolibre Inc.;3,12882E+11;88,16066729
4Q23;31.12.2023;Nationale-Nederlanden;NN DFE Nasze Jutro 2040;2040;Akcje;Meta Platforms Inc.;3,04026E+12;371,1352603
4Q23;31.12.2023;Nationale-Nederlanden;NN DFE Nasze Jutro 2040;2040;Akcje;Micron Technology Inc.;3,77202E+11;16713,09463
4Q23;31.12.2023;Nationale-Nederlanden;NN DFE Nasze Jutro 2040;2040;Akcje;Microsoft Corp.;1,09658E+13;3498,363014
4Q23;31.12.2023;Nationale-Nederlanden;NN DFE Nasze Jutro 2040;2040;Akcje;Münchener Rück AG;2,12924E+11;131,2210684
4Q23;31.12.2023;Nationale-Nederlanden;NN DFE Nasze Jutro 2040;2040;Akcje;Nektar Therapeutics;908280723,4;136536,5377
4Q23;31.12.2023;Nationale-Nederlanden;NN DFE Nasze Jutro 2040;2040;Akcje;Nvidia Corp.;4,72581E+12;43193,9183
4Q23;31.12.2023;Nationale-Nederlanden;NN DFE Nasze Jutro 2040;2040;Akcje;Oracle Corp.;1,18957E+12;6641,206819
4Q23;31.12.2023;Nationale-Nederlanden;NN DFE Nasze Jutro 2040;2040;Akcje;PepsiCo Inc.;9,11526E+11;41,84944962
4Q23;31.12.2023;Nationale-Nederlanden;NN DFE Nasze Jutro 2040;2040;Akcje;Procter & Gamble Co;1,33741E+12;610,7886277
4Q23;31.12.2023;Nationale-Nederlanden;NN DFE Nasze Jutro 2040;2040;Akcje;Rheinmetall AG;57365103190;1719,577145
4Q23;31.12.2023;Nationale-Nederlanden;NN DFE Nasze Jutro 2040;2040;Akcje;RTX Corp.;4,43527E+11;7162,541448
4Q23;31.12.2023;Nationale-Nederlanden;NN DFE Nasze Jutro 2040;2040;Akcje;SAP SE;7,44514E+11;1416,783458
4Q23;31.12.2023;Nationale-Nederlanden;NN DFE Nasze Jutro 2040;2040;Akcje;Schneider Electric SE;4,55825E+11;2835,91564
4Q23;31.12.2023;Nationale-Nederlanden;NN DFE Nasze Jutro 2040;2040;Akcje;Siemens Energy AG;44897425767;40827,2758
4Q23;31.12.2023;Nationale-Nederlanden;NN DFE Nasze Jutro 2040;2040;Akcje;Snowflake Inc.;2,67427E+11;5233,666473
4Q23;31.12.2023;Nationale-Nederlanden;NN DFE Nasze Jutro 2040;2040;Akcje;Vertiv Holdings Co.;72165191616;15034,50113
4Q23;31.12.2023;Nationale-Nederlanden;NN DFE Nasze Jutro 2040;2040;Akcje;Visa Inc.;1,71878E+12;1156,351675
4Q23;31.12.2023;Nationale-Nederlanden;NN DFE Nasze Jutro 2040;2040;Akcje;Walmart Inc.;1,6448E+12;2166,008521
4Q23;31.12.2023;Nationale-Nederlanden;NN DFE Nasze Jutro 2040;2040;Akcje;Waste Management Inc.;2,83684E+11;1198,194606
4Q23;31.12.2023;Nationale-Nederlanden;NN DFE Nasze Jutro 2040;2040;Akcje;Wells Fargo & Co;6,06759E+11;15610,22631
4Q23;31.12.2023;Nationale-Nederlanden;NN DFE Nasze Jutro 2040;2040;Akcje;Western Digital Corp.;52687616859;22809,14882
4Q23;31.12.2023;Nationale-Nederlanden;NN DFE Nasze Jutro 2040;2040;Akcje;Wheaton Precious Metals Corp.;88254016741;10516,57756
4Q23;31.12.2023;Nationale-Nederlanden;NN DFE Nasze Jutro 2040;2040;Obligacje korporacyjne;Alior Bank S.A.;;
4Q23;31.12.2023;Nationale-Nederlanden;NN DFE Nasze Jutro 2040;2040;Obligacje korporacyjne;Archicom S.A.;;
4Q23;31.12.2023;Nationale-Nederlanden;NN DFE Nasze Jutro 2040;2040;Obligacje korporacyjne;Bank Pekao S.A.;;
4Q23;31.12.2023;Nationale-Nederlanden;NN DFE Nasze Jutro 2040;2040;Obligacje korporacyjne;Bank Pekao S.A.;;
4Q23;31.12.2023;Nationale-Nederlanden;NN DFE Nasze Jutro 2040;2040;Obligacje korporacyjne;Benefit Systems S.A.;;
4Q23;31.12.2023;Nationale-Nederlanden;NN DFE Nasze Jutro 2040;2040;Obligacje korporacyjne;Cyfrowy Polsat S.A.;;
4Q23;31.12.2023;Nationale-Nederlanden;NN DFE Nasze Jutro 2040;2040;Obligacje korporacyjne;Develia S.A.;;
4Q23;31.12.2023;Nationale-Nederlanden;NN DFE Nasze Jutro 2040;2040;Obligacje korporacyjne;Develia S.A.;;
4Q23;31.12.2023;Nationale-Nederlanden;NN DFE Nasze Jutro 2040;2040;Obligacje korporacyjne;Develia S.A.;;
4Q23;31.12.2023;Nationale-Nederlanden;NN DFE Nasze Jutro 2040;2040;Obligacje korporacyjne;Develia S.A.;;
4Q23;31.12.2023;Nationale-Nederlanden;NN DFE Nasze Jutro 2040;2040;Obligacje korporacyjne;Echo Investment S.A.;;
4Q23;31.12.2023;Nationale-Nederlanden;NN DFE Nasze Jutro 2040;2040;Obligacje korporacyjne;Echo Investment S.A.;;
4Q23;31.12.2023;Nationale-Nederlanden;NN DFE Nasze Jutro 2040;2040;Obligacje korporacyjne;Kruk S.A.;;
4Q23;31.12.2023;Nationale-Nederlanden;NN DFE Nasze Jutro 2040;2040;Obligacje korporacyjne;Kruk S.A.;;
4Q23;31.12.2023;Nationale-Nederlanden;NN DFE Nasze Jutro 2040;2040;Obligacje korporacyjne;Kruk S.A.;;
4Q23;31.12.2023;Nationale-Nederlanden;NN DFE Nasze Jutro 2040;2040;Obligacje korporacyjne;Murapol S.A.;;
4Q23;31.12.2023;Nationale-Nederlanden;NN DFE Nasze Jutro 2040;2040;Obligacje korporacyjne;PKO Bank Polski S.A. - OSNP0229;;
4Q23;31.12.2023;Nationale-Nederlanden;NN DFE Nasze Jutro 2040;2040;Obligacje korporacyjne;Santander Bank Polska S.A.;;
4Q23;31.12.2023;Nationale-Nederlanden;NN DFE Nasze Jutro 2040;2040;Obligacje korporacyjne;Santander Bank Polska S.A.;;
4Q23;31.12.2023;Nationale-Nederlanden;NN DFE Nasze Jutro 2040;2040;Obligacje korporacyjne;Santander Bank Polska S.A.;;
4Q23;31.12.2023;Nationale-Nederlanden;NN DFE Nasze Jutro 2040;2040;Inne;P4 Sp. z o.o.;;
4Q23;31.12.2023;Nationale-Nederlanden;NN DFE Nasze Jutro 2040;2040;Inne;Abivax SA - ABVX;;
4Q23;31.12.2023;Nationale-Nederlanden;NN DFE Nasze Jutro 2040;2040;Inne;Rachunek podstawowy;;
4Q23;31.12.2023;Nationale-Nederlanden;NN DFE Nasze Jutro 2040;2040;Inne;Rachunek przeliczeniowy;;
4Q23;31.12.2023;Nationale-Nederlanden;NN DFE Nasze Jutro 2030;2030;Obligacje skarbowe/gwarantowane;MINISTERSTWO FINANSÓW;;
4Q23;31.12.2023;Nationale-Nederlanden;NN DFE Nasze Jutro 2030;2030;Obligacje skarbowe/gwarantowane;MINISTERSTWO FINANSÓW;;
4Q23;31.12.2023;Nationale-Nederlanden;NN DFE Nasze Jutro 2030;2030;Obligacje skarbowe/gwarantowane;MINISTERSTWO FINANSÓW;;
4Q23;31.12.2023;Nationale-Nederlanden;NN DFE Nasze Jutro 2030;2030;Obligacje skarbowe/gwarantowane;MINISTERSTWO FINANSÓW;;
4Q23;31.12.2023;Nationale-Nederlanden;NN DFE Nasze Jutro 2030;2030;Obligacje skarbowe/gwarantowane;MINISTERSTWO FINANSÓW;;
4Q23;31.12.2023;Nationale-Nederlanden;NN DFE Nasze Jutro 2030;2030;Obligacje skarbowe/gwarantowane;MINISTERSTWO FINANSÓW;;
4Q23;31.12.2023;Nationale-Nederlanden;NN DFE Nasze Jutro 2030;2030;Obligacje skarbowe/gwarantowane;MINISTERSTWO FINANSÓW;;
4Q23;31.12.2023;Nationale-Nederlanden;NN DFE Nasze Jutro 2030;2030;Obligacje skarbowe/gwarantowane;MINISTERSTWO FINANSÓW;;
4Q23;31.12.2023;Nationale-Nederlanden;NN DFE Nasze Jutro 2030;2030;Obligacje skarbowe/gwarantowane;MINISTERSTWO FINANSÓW;;
4Q23;31.12.2023;Nationale-Nederlanden;NN DFE Nasze Jutro 2030;2030;Obligacje skarbowe/gwarantowane;MINISTERSTWO FINANSÓW;;
4Q23;31.12.2023;Nationale-Nederlanden;NN DFE Nasze Jutro 2030;2030;Obligacje skarbowe/gwarantowane;MINISTERSTWO FINANSÓW;;
4Q23;31.12.2023;Nationale-Nederlanden;NN DFE Nasze Jutro 2030;2030;Obligacje skarbowe/gwarantowane;MINISTERSTWO FINANSÓW;;
4Q23;31.12.2023;Nationale-Nederlanden;NN DFE Nasze Jutro 2030;2030;Obligacje skarbowe/gwarantowane;MINISTERSTWO FINANSÓW;;
4Q23;31.12.2023;Nationale-Nederlanden;NN DFE Nasze Jutro 2030;2030;Obligacje skarbowe/gwarantowane;MINISTERSTWO FINANSÓW;;
4Q23;31.12.2023;Nationale-Nederlanden;NN DFE Nasze Jutro 2030;2030;Obligacje skarbowe/gwarantowane;MINISTERSTWO FINANSÓW;;
4Q23;31.12.2023;Nationale-Nederlanden;NN DFE Nasze Jutro 2030;2030;Obligacje skarbowe/gwarantowane;MINISTERSTWO FINANSÓW;;
4Q23;31.12.2023;Nationale-Nederlanden;NN DFE Nasze Jutro 2030;2030;Obligacje skarbowe/gwarantowane;MINISTERSTWO FINANSÓW;;
4Q23;31.12.2023;Nationale-Nederlanden;NN DFE Nasze Jutro 2030;2030;Obligacje skarbowe/gwarantowane;MINISTERSTWO FINANSÓW;;
4Q23;31.12.2023;Nationale-Nederlanden;NN DFE Nasze Jutro 2030;2030;Obligacje skarbowe/gwarantowane;MINISTERSTWO FINANSÓW;;
4Q23;31.12.2023;Nationale-Nederlanden;NN DFE Nasze Jutro 2030;2030;Obligacje skarbowe/gwarantowane;Bank Gospodarstwa Krajowego;;
4Q23;31.12.2023;Nationale-Nederlanden;NN DFE Nasze Jutro 2030;2030;Obligacje skarbowe/gwarantowane;Bank Gospodarstwa Krajowego;;
4Q23;31.12.2023;Nationale-Nederlanden;NN DFE Nasze Jutro 2030;2030;Obligacje skarbowe/gwarantowane;Bank Gospodarstwa Krajowego;;
4Q23;31.12.2023;Nationale-Nederlanden;NN DFE Nasze Jutro 2030;2030;Obligacje skarbowe/gwarantowane;Bank Gospodarstwa Krajowego;;
4Q23;31.12.2023;Nationale-Nederlanden;NN DFE Nasze Jutro 2030;2030;Depozyt/Gotówka;Bank Handlowy w Warszawie S.A.;;
4Q23;31.12.2023;Nationale-Nederlanden;NN DFE Nasze Jutro 2030;2030;Depozyt/Gotówka;Bank Handlowy w Warszawie S.A.;;
4Q23;31.12.2023;Nationale-Nederlanden;NN DFE Nasze Jutro 2030;2030;Depozyt/Gotówka;Bank Handlowy w Warszawie S.A.;;
4Q23;31.12.2023;Nationale-Nederlanden;NN DFE Nasze Jutro 2030;2030;Akcje;Alior Bank S.A.;9966491673;47674,07781
4Q23;31.12.2023;Nationale-Nederlanden;NN DFE Nasze Jutro 2030;2030;Akcje;Allegro.eu S.A.;35221354226;95449,11478
4Q23;31.12.2023;Nationale-Nederlanden;NN DFE Nasze Jutro 2030;2030;Akcje;Asseco Poland S.A.;6067322149;40298,14364
4Q23;31.12.2023;Nationale-Nederlanden;NN DFE Nasze Jutro 2030;2030;Akcje;Banco Santander S.A.;2,41224E+11;56970,18687
4Q23;31.12.2023;Nationale-Nederlanden;NN DFE Nasze Jutro 2030;2030;Akcje;Bank Millennium S.A.;10135076004;249252,8953
4Q23;31.12.2023;Nationale-Nederlanden;NN DFE Nasze Jutro 2030;2030;Akcje;Bank Pekao S.A.;39908568670;34517,42177
4Q23;31.12.2023;Nationale-Nederlanden;NN DFE Nasze Jutro 2030;2030;Akcje;Benefit Systems S.A.;6437031900;2130,958523
4Q23;31.12.2023;Nationale-Nederlanden;NN DFE Nasze Jutro 2030;2030;Akcje;BNP Paribas Bank Polska S.A.;#VALUE!;#VALUE!
4Q23;31.12.2023;Nationale-Nederlanden;NN DFE Nasze Jutro 2030;2030;Akcje;Budimex S.A.;15981841348;2306,825176
4Q23;31.12.2023;Nationale-Nederlanden;NN DFE Nasze Jutro 2030;2030;Akcje;CCC S.A.;4310305677;7730,856442
4Q23;31.12.2023;Nationale-Nederlanden;NN DFE Nasze Jutro 2030;2030;Akcje;CD Projekt S.A.;11489708650;29312,43617
4Q23;31.12.2023;Nationale-Nederlanden;NN DFE Nasze Jutro 2030;2030;Akcje;Cyber_Folks S.A.;1338478560;19387,78364
4Q23;31.12.2023;Nationale-Nederlanden;NN DFE Nasze Jutro 2030;2030;Akcje;DataWalk S.A.;205384964,4;39461,50083
4Q23;31.12.2023;Nationale-Nederlanden;NN DFE Nasze Jutro 2030;2030;Akcje;Diagnostyka S.A.;#VALUE!;#VALUE!
4Q23;31.12.2023;Nationale-Nederlanden;NN DFE Nasze Jutro 2030;2030;Akcje;Dino Polska S.A.;45167028000;78078,85175
4Q23;31.12.2023;Nationale-Nederlanden;NN DFE Nasze Jutro 2030;2030;Akcje;Grupa Kęty S.A.;7331640360;3033,839691
4Q23;31.12.2023;Nationale-Nederlanden;NN DFE Nasze Jutro 2030;2030;Akcje;Grupa Pracuj S.A.;#VALUE!;#VALUE!
4Q23;31.12.2023;Nationale-Nederlanden;NN DFE Nasze Jutro 2030;2030;Akcje;ING Bank Śląski S.A.;33305600000;12314,3048
4Q23;31.12.2023;Nationale-Nederlanden;NN DFE Nasze Jutro 2030;2030;Akcje;KGHM Polska Miedź S.A.;24540000000;32215,85069
4Q23;31.12.2023;Nationale-Nederlanden;NN DFE Nasze Jutro 2030;2030;Akcje;Kruk S.A.;9297845226;3396,974403
4Q23;31.12.2023;Nationale-Nederlanden;NN DFE Nasze Jutro 2030;2030;Akcje;LPP S.A.;24380359100;434,3162903
4Q23;31.12.2023;Nationale-Nederlanden;NN DFE Nasze Jutro 2030;2030;Akcje;mBank S.A.;22751324935;5243,48185
4Q23;31.12.2023;Nationale-Nederlanden;NN DFE Nasze Jutro 2030;2030;Akcje;Mirbud S.A.;901661670;43322,81441
4Q23;31.12.2023;Nationale-Nederlanden;NN DFE Nasze Jutro 2030;2030;Akcje;Orange Polska S.A.;10682589879;156959,8157
4Q23;31.12.2023;Nationale-Nederlanden;NN DFE Nasze Jutro 2030;2030;Akcje;Orlen S.A.;76041704210;57294,46885
4Q23;31.12.2023;Nationale-Nederlanden;NN DFE Nasze Jutro 2030;2030;Akcje;Pepco Group N.V.;15048397426;12403,16232
4Q23;31.12.2023;Nationale-Nederlanden;NN DFE Nasze Jutro 2030;2030;Akcje;PGE Polska Grupa Energetyczna S.A.;19470941362;92558,29799
4Q23;31.12.2023;Nationale-Nederlanden;NN DFE Nasze Jutro 2030;2030;Akcje;PKO Bank Polski S.A.;62900000000;131414,3472
4Q23;31.12.2023;Nationale-Nederlanden;NN DFE Nasze Jutro 2030;2030;Akcje;PKP Cargo S.A.;652993249,9;28585,85871
4Q23;31.12.2023;Nationale-Nederlanden;NN DFE Nasze Jutro 2030;2030;Akcje;Powszechny Zakład Ubezpieczeń S.A.;40818732210;113744,6387
4Q23;31.12.2023;Nationale-Nederlanden;NN DFE Nasze Jutro 2030;2030;Akcje;Rainbow Tours S.A.;804712000;14290,22262
4Q23;31.12.2023;Nationale-Nederlanden;NN DFE Nasze Jutro 2030;2030;Akcje;Render Cube S.A.;167996400;1181,763205
4Q23;31.12.2023;Nationale-Nederlanden;NN DFE Nasze Jutro 2030;2030;Akcje;Santander Bank Polska S.A.;50052325997;7449,147223
4Q23;31.12.2023;Nationale-Nederlanden;NN DFE Nasze Jutro 2030;2030;Akcje;Shoper S.A.;928440480;34944,81667
4Q23;31.12.2023;Nationale-Nederlanden;NN DFE Nasze Jutro 2030;2030;Akcje;Synektik S.A.;733505094;16644,70616
4Q23;31.12.2023;Nationale-Nederlanden;NN DFE Nasze Jutro 2030;2030;Akcje;Torpol S.A.;512231000;46534,7713
4Q23;31.12.2023;Nationale-Nederlanden;NN DFE Nasze Jutro 2030;2030;Akcje;UniCredit S.p.A.;1,66684E+11;7728,163462
4Q23;31.12.2023;Nationale-Nederlanden;NN DFE Nasze Jutro 2030;2030;Akcje;Vercom S.A.;1737899987;3195,252302
4Q23;31.12.2023;Nationale-Nederlanden;NN DFE Nasze Jutro 2030;2030;Akcje;XTB S.A.;4446469073;61378,58117
4Q23;31.12.2023;Nationale-Nederlanden;NN DFE Nasze Jutro 2030;2030;Akcje;Zabka Group SA;#VALUE!;#VALUE!
4Q23;31.12.2023;Nationale-Nederlanden;NN DFE Nasze Jutro 2030;2030;Akcje;Advanced Micro Devices Inc.;9,43835E+11;1067,253144
4Q23;31.12.2023;Nationale-Nederlanden;NN DFE Nasze Jutro 2030;2030;Akcje;Agnico Eagle Mines Ltd;1,08158E+11;2351,688308
4Q23;31.12.2023;Nationale-Nederlanden;NN DFE Nasze Jutro 2030;2030;Akcje;Allianz SE;3,99919E+11;602,8981256
4Q23;31.12.2023;Nationale-Nederlanden;NN DFE Nasze Jutro 2030;2030;Akcje;Alphabet Inc.;3,19381E+12;4575,722706
4Q23;31.12.2023;Nationale-Nederlanden;NN DFE Nasze Jutro 2030;2030;Akcje;Amazon.com Inc.;6,40535E+12;1680,24317
4Q23;31.12.2023;Nationale-Nederlanden;NN DFE Nasze Jutro 2030;2030;Akcje;Apple Inc.;1,11002E+13;110,075161
4Q23;31.12.2023;Nationale-Nederlanden;NN DFE Nasze Jutro 2030;2030;Akcje;Applied Materials Inc.;5,05176E+11;42,17305886
4Q23;31.12.2023;Nationale-Nederlanden;NN DFE Nasze Jutro 2030;2030;Akcje;ASML Holding N.V.;1,14967E+12;428,6371484
4Q23;31.12.2023;Nationale-Nederlanden;NN DFE Nasze Jutro 2030;2030;Akcje;Banco Bilbao Vizcaya Argentaria S.A.;2,04047E+11;14054,57783
4Q23;31.12.2023;Nationale-Nederlanden;NN DFE Nasze Jutro 2030;2030;Akcje;Banco Comercial Portugues S.A.;17650853361;507162,5685
4Q23;31.12.2023;Nationale-Nederlanden;NN DFE Nasze Jutro 2030;2030;Akcje;Bank of America Corp.;9,65576E+11;2537,794746
4Q23;31.12.2023;Nationale-Nederlanden;NN DFE Nasze Jutro 2030;2030;Akcje;Berkshire Hathaway Inc.;1,1145E+12;0,208989516
4Q23;31.12.2023;Nationale-Nederlanden;NN DFE Nasze Jutro 2030;2030;Akcje;BNP Paribas SA;2,9958E+11;109,2418787
4Q23;31.12.2023;Nationale-Nederlanden;NN DFE Nasze Jutro 2030;2030;Akcje;Broadcom Inc.;2,0784E+12;3526,024529
4Q23;31.12.2023;Nationale-Nederlanden;NN DFE Nasze Jutro 2030;2030;Akcje;CaixaBank SA;1,13722E+11;74873,58135
4Q23;31.12.2023;Nationale-Nederlanden;NN DFE Nasze Jutro 2030;2030;Akcje;Caterpillar Inc.;5,40257E+11;479,7733274
4Q23;31.12.2023;Nationale-Nederlanden;NN DFE Nasze Jutro 2030;2030;Akcje;Coca-Cola Company;9,95496E+11;229,5666798
4Q23;31.12.2023;Nationale-Nederlanden;NN DFE Nasze Jutro 2030;2030;Akcje;CrowdStrike Holdings Inc.;2,52771E+11;905,8817376
4Q23;31.12.2023;Nationale-Nederlanden;NN DFE Nasze Jutro 2030;2030;Akcje;Deutsche Post AG;2,24126E+11;37,49765807
4Q23;31.12.2023;Nationale-Nederlanden;NN DFE Nasze Jutro 2030;2030;Akcje;Erste Group Bank AG;65513897172;2128,44667
4Q23;31.12.2023;Nationale-Nederlanden;NN DFE Nasze Jutro 2030;2030;Akcje;GE Vernova Inc.;#VALUE!;#VALUE!
4Q23;31.12.2023;Nationale-Nederlanden;NN DFE Nasze Jutro 2030;2030;Akcje;General Electric Co.;4,19248E+11;1526,436994
4Q23;31.12.2023;Nationale-Nederlanden;NN DFE Nasze Jutro 2030;2030;Akcje;Grenergy Renovables S.A.;4251831405;7303,969442
4Q23;31.12.2023;Nationale-Nederlanden;NN DFE Nasze Jutro 2030;2030;Akcje;ING Groep N.V.;1,71628E+11;4230,640772
4Q23;31.12.2023;Nationale-Nederlanden;NN DFE Nasze Jutro 2030;2030;Akcje;InPost S.A.;27188483576;8678,671591
4Q23;31.12.2023;Nationale-Nederlanden;NN DFE Nasze Jutro 2030;2030;Akcje;Intel Corp.;9,85697E+11;119,2029717
4Q23;31.12.2023;Nationale-Nederlanden;NN DFE Nasze Jutro 2030;2030;Akcje;JP Morgan Chase & Co.;1,80162E+12;1240,423278
4Q23;31.12.2023;Nationale-Nederlanden;NN DFE Nasze Jutro 2030;2030;Akcje;Linde Plc;7,53142E+11;43,79787541
4Q23;31.12.2023;Nationale-Nederlanden;NN DFE Nasze Jutro 2030;2030;Akcje;Lundin Mining Corp.;27538610699;50224,20271
4Q23;31.12.2023;Nationale-Nederlanden;NN DFE Nasze Jutro 2030;2030;Akcje;LVMH S.A.;1,58635E+12;121,4523799
4Q23;31.12.2023;Nationale-Nederlanden;NN DFE Nasze Jutro 2030;2030;Akcje;Mercadolibre Inc.;3,12882E+11;23,50951193
4Q23;31.12.2023;Nationale-Nederlanden;NN DFE Nasze Jutro 2030;2030;Akcje;Meta Platforms Inc.;3,04026E+12;95,776843
4Q23;31.12.2023;Nationale-Nederlanden;NN DFE Nasze Jutro 2030;2030;Akcje;Micron Technology Inc.;3,77202E+11;4094,692832
4Q23;31.12.2023;Nationale-Nederlanden;NN DFE Nasze Jutro 2030;2030;Akcje;Microsoft Corp.;1,09658E+13;882,2574339
4Q23;31.12.2023;Nationale-Nederlanden;NN DFE Nasze Jutro 2030;2030;Akcje;Münchener Rück AG;2,12924E+11;32,07626445
4Q23;31.12.2023;Nationale-Nederlanden;NN DFE Nasze Jutro 2030;2030;Akcje;Nektar Therapeutics;908280723,4;34493,29637
4Q23;31.12.2023;Nationale-Nederlanden;NN DFE Nasze Jutro 2030;2030;Akcje;Nvidia Corp.;4,72581E+12;10586,06746
4Q23;31.12.2023;Nationale-Nederlanden;NN DFE Nasze Jutro 2030;2030;Akcje;Oracle Corp.;1,18957E+12;1676,83266
4Q23;31.12.2023;Nationale-Nederlanden;NN DFE Nasze Jutro 2030;2030;Akcje;PepsiCo Inc.;9,11526E+11;10,84985231
4Q23;31.12.2023;Nationale-Nederlanden;NN DFE Nasze Jutro 2030;2030;Akcje;Procter & Gamble Co;1,33741E+12;156,9574167
4Q23;31.12.2023;Nationale-Nederlanden;NN DFE Nasze Jutro 2030;2030;Akcje;Rheinmetall AG;57365103190;423,2805227
4Q23;31.12.2023;Nationale-Nederlanden;NN DFE Nasze Jutro 2030;2030;Akcje;RTX Corp.;4,43527E+11;1753,153474
4Q23;31.12.2023;Nationale-Nederlanden;NN DFE Nasze Jutro 2030;2030;Akcje;SAP SE;7,44514E+11;356,0122516
4Q23;31.12.2023;Nationale-Nederlanden;NN DFE Nasze Jutro 2030;2030;Akcje;Schneider Electric SE;4,55825E+11;695,1513073
4Q23;31.12.2023;Nationale-Nederlanden;NN DFE Nasze Jutro 2030;2030;Akcje;Siemens Energy AG;44897425767;10004,29306
4Q23;31.12.2023;Nationale-Nederlanden;NN DFE Nasze Jutro 2030;2030;Akcje;Snowflake Inc.;2,67427E+11;1320,295232
4Q23;31.12.2023;Nationale-Nederlanden;NN DFE Nasze Jutro 2030;2030;Akcje;Vertiv Holdings Co.;72165191616;3786,46698
4Q23;31.12.2023;Nationale-Nederlanden;NN DFE Nasze Jutro 2030;2030;Akcje;Visa Inc.;1,71878E+12;298,9712691
4Q23;31.12.2023;Nationale-Nederlanden;NN DFE Nasze Jutro 2030;2030;Akcje;Walmart Inc.;1,6448E+12;558,0291197
4Q23;31.12.2023;Nationale-Nederlanden;NN DFE Nasze Jutro 2030;2030;Akcje;Waste Management Inc.;2,83684E+11;308,2679176
4Q23;31.12.2023;Nationale-Nederlanden;NN DFE Nasze Jutro 2030;2030;Akcje;Wells Fargo & Co;6,06759E+11;3810,083013
4Q23;31.12.2023;Nationale-Nederlanden;NN DFE Nasze Jutro 2030;2030;Akcje;Western Digital Corp.;52687616859;5749,198994
4Q23;31.12.2023;Nationale-Nederlanden;NN DFE Nasze Jutro 2030;2030;Akcje;Wheaton Precious Metals Corp.;88254016741;2630,783274
4Q23;31.12.2023;Nationale-Nederlanden;NN DFE Nasze Jutro 2030;2030;Obligacje korporacyjne;Alior Bank S.A.;;
4Q23;31.12.2023;Nationale-Nederlanden;NN DFE Nasze Jutro 2030;2030;Obligacje korporacyjne;Archicom S.A.;;
4Q23;31.12.2023;Nationale-Nederlanden;NN DFE Nasze Jutro 2030;2030;Obligacje korporacyjne;Bank Pekao S.A.;;
4Q23;31.12.2023;Nationale-Nederlanden;NN DFE Nasze Jutro 2030;2030;Obligacje korporacyjne;Bank Pekao S.A.;;
4Q23;31.12.2023;Nationale-Nederlanden;NN DFE Nasze Jutro 2030;2030;Obligacje korporacyjne;Benefit Systems S.A.;;
4Q23;31.12.2023;Nationale-Nederlanden;NN DFE Nasze Jutro 2030;2030;Obligacje korporacyjne;Cyfrowy Polsat S.A.;;
4Q23;31.12.2023;Nationale-Nederlanden;NN DFE Nasze Jutro 2030;2030;Obligacje korporacyjne;Develia S.A.;;
4Q23;31.12.2023;Nationale-Nederlanden;NN DFE Nasze Jutro 2030;2030;Obligacje korporacyjne;Develia S.A.;;
4Q23;31.12.2023;Nationale-Nederlanden;NN DFE Nasze Jutro 2030;2030;Obligacje korporacyjne;Develia S.A.;;
4Q23;31.12.2023;Nationale-Nederlanden;NN DFE Nasze Jutro 2030;2030;Obligacje korporacyjne;Develia S.A.;;
4Q23;31.12.2023;Nationale-Nederlanden;NN DFE Nasze Jutro 2030;2030;Obligacje korporacyjne;Echo Investment S.A.;;
4Q23;31.12.2023;Nationale-Nederlanden;NN DFE Nasze Jutro 2030;2030;Obligacje korporacyjne;Echo Investment S.A.;;
4Q23;31.12.2023;Nationale-Nederlanden;NN DFE Nasze Jutro 2030;2030;Obligacje korporacyjne;Kruk S.A.;;
4Q23;31.12.2023;Nationale-Nederlanden;NN DFE Nasze Jutro 2030;2030;Obligacje korporacyjne;Kruk S.A.;;
4Q23;31.12.2023;Nationale-Nederlanden;NN DFE Nasze Jutro 2030;2030;Obligacje korporacyjne;Kruk S.A.;;
4Q23;31.12.2023;Nationale-Nederlanden;NN DFE Nasze Jutro 2030;2030;Obligacje korporacyjne;Murapol S.A.;;
4Q23;31.12.2023;Nationale-Nederlanden;NN DFE Nasze Jutro 2030;2030;Obligacje korporacyjne;PKO Bank Polski S.A. - OSNP0229;;
4Q23;31.12.2023;Nationale-Nederlanden;NN DFE Nasze Jutro 2030;2030;Obligacje korporacyjne;Santander Bank Polska S.A.;;
4Q23;31.12.2023;Nationale-Nederlanden;NN DFE Nasze Jutro 2030;2030;Obligacje korporacyjne;Santander Bank Polska S.A.;;
4Q23;31.12.2023;Nationale-Nederlanden;NN DFE Nasze Jutro 2030;2030;Inne;P4 Sp. z o.o.;;
4Q23;31.12.2023;Nationale-Nederlanden;NN DFE Nasze Jutro 2030;2030;Inne;Abivax SA - ABVX;;
4Q23;31.12.2023;Nationale-Nederlanden;NN DFE Nasze Jutro 2030;2030;Inne;Rachunek podstawowy;;
4Q23;31.12.2023;Nationale-Nederlanden;NN DFE Nasze Jutro 2030;2030;Inne;Rachunek przeliczeniowy;;
4Q23;31.12.2023;Nationale-Nederlanden;NN DFE Nasze Jutro 2065;2065;Obligacje skarbowe/gwarantowane;MINISTERSTWO FINANSÓW;;
4Q23;31.12.2023;Nationale-Nederlanden;NN DFE Nasze Jutro 2065;2065;Obligacje skarbowe/gwarantowane;MINISTERSTWO FINANSÓW;;
4Q23;31.12.2023;Nationale-Nederlanden;NN DFE Nasze Jutro 2065;2065;Obligacje skarbowe/gwarantowane;MINISTERSTWO FINANSÓW;;
4Q23;31.12.2023;Nationale-Nederlanden;NN DFE Nasze Jutro 2065;2065;Obligacje skarbowe/gwarantowane;MINISTERSTWO FINANSÓW;;
4Q23;31.12.2023;Nationale-Nederlanden;NN DFE Nasze Jutro 2065;2065;Obligacje skarbowe/gwarantowane;MINISTERSTWO FINANSÓW;;
4Q23;31.12.2023;Nationale-Nederlanden;NN DFE Nasze Jutro 2065;2065;Obligacje skarbowe/gwarantowane;MINISTERSTWO FINANSÓW;;
4Q23;31.12.2023;Nationale-Nederlanden;NN DFE Nasze Jutro 2065;2065;Obligacje skarbowe/gwarantowane;MINISTERSTWO FINANSÓW;;
4Q23;31.12.2023;Nationale-Nederlanden;NN DFE Nasze Jutro 2065;2065;Obligacje skarbowe/gwarantowane;MINISTERSTWO FINANSÓW;;
4Q23;31.12.2023;Nationale-Nederlanden;NN DFE Nasze Jutro 2065;2065;Obligacje skarbowe/gwarantowane;MINISTERSTWO FINANSÓW;;
4Q23;31.12.2023;Nationale-Nederlanden;NN DFE Nasze Jutro 2065;2065;Obligacje skarbowe/gwarantowane;MINISTERSTWO FINANSÓW;;
4Q23;31.12.2023;Nationale-Nederlanden;NN DFE Nasze Jutro 2065;2065;Obligacje skarbowe/gwarantowane;MINISTERSTWO FINANSÓW;;
4Q23;31.12.2023;Nationale-Nederlanden;NN DFE Nasze Jutro 2065;2065;Obligacje skarbowe/gwarantowane;MINISTERSTWO FINANSÓW;;
4Q23;31.12.2023;Nationale-Nederlanden;NN DFE Nasze Jutro 2065;2065;Obligacje skarbowe/gwarantowane;MINISTERSTWO FINANSÓW;;
4Q23;31.12.2023;Nationale-Nederlanden;NN DFE Nasze Jutro 2065;2065;Obligacje skarbowe/gwarantowane;MINISTERSTWO FINANSÓW;;
4Q23;31.12.2023;Nationale-Nederlanden;NN DFE Nasze Jutro 2065;2065;Obligacje skarbowe/gwarantowane;MINISTERSTWO FINANSÓW;;
4Q23;31.12.2023;Nationale-Nederlanden;NN DFE Nasze Jutro 2065;2065;Depozyt/Gotówka;Bank Handlowy w Warszawie S.A.;;
4Q23;31.12.2023;Nationale-Nederlanden;NN DFE Nasze Jutro 2065;2065;Depozyt/Gotówka;Bank Handlowy w Warszawie S.A.;;
4Q23;31.12.2023;Nationale-Nederlanden;NN DFE Nasze Jutro 2065;2065;Depozyt/Gotówka;Bank Handlowy w Warszawie S.A.;;
4Q23;31.12.2023;Nationale-Nederlanden;NN DFE Nasze Jutro 2065;2065;Akcje;Alior Bank S.A.;9966491673;9776,421011
4Q23;31.12.2023;Nationale-Nederlanden;NN DFE Nasze Jutro 2065;2065;Akcje;Allegro.eu S.A.;35221354226;20496,20405
4Q23;31.12.2023;Nationale-Nederlanden;NN DFE Nasze Jutro 2065;2065;Akcje;Asseco Poland S.A.;6067322149;8713,449111
4Q23;31.12.2023;Nationale-Nederlanden;NN DFE Nasze Jutro 2065;2065;Akcje;Banco Santander S.A.;2,41224E+11;11617,95006
4Q23;31.12.2023;Nationale-Nederlanden;NN DFE Nasze Jutro 2065;2065;Akcje;Bank Millennium S.A.;10135076004;53285,32017
4Q23;31.12.2023;Nationale-Nederlanden;NN DFE Nasze Jutro 2065;2065;Akcje;Bank Pekao S.A.;39908568670;7378,621769
4Q23;31.12.2023;Nationale-Nederlanden;NN DFE Nasze Jutro 2065;2065;Akcje;Benefit Systems S.A.;6437031900;451,3675538
4Q23;31.12.2023;Nationale-Nederlanden;NN DFE Nasze Jutro 2065;2065;Akcje;BNP Paribas Bank Polska S.A.;#VALUE!;#VALUE!
4Q23;31.12.2023;Nationale-Nederlanden;NN DFE Nasze Jutro 2065;2065;Akcje;Budimex S.A.;15981841348;493,3731629
4Q23;31.12.2023;Nationale-Nederlanden;NN DFE Nasze Jutro 2065;2065;Akcje;CCC S.A.;4310305677;1643,521419
4Q23;31.12.2023;Nationale-Nederlanden;NN DFE Nasze Jutro 2065;2065;Akcje;CD Projekt S.A.;11489708650;6328,057304
4Q23;31.12.2023;Nationale-Nederlanden;NN DFE Nasze Jutro 2065;2065;Akcje;Cyber_Folks S.A.;1338478560;4020,821968
4Q23;31.12.2023;Nationale-Nederlanden;NN DFE Nasze Jutro 2065;2065;Akcje;DataWalk S.A.;205384964,4;5741,295868
4Q23;31.12.2023;Nationale-Nederlanden;NN DFE Nasze Jutro 2065;2065;Akcje;Diagnostyka S.A.;#VALUE!;#VALUE!
4Q23;31.12.2023;Nationale-Nederlanden;NN DFE Nasze Jutro 2065;2065;Akcje;Dino Polska S.A.;45167028000;15838,99349
4Q23;31.12.2023;Nationale-Nederlanden;NN DFE Nasze Jutro 2065;2065;Akcje;Grupa Kęty S.A.;7331640360;628,4558523
4Q23;31.12.2023;Nationale-Nederlanden;NN DFE Nasze Jutro 2065;2065;Akcje;Grupa Pracuj S.A.;#VALUE!;#VALUE!
4Q23;31.12.2023;Nationale-Nederlanden;NN DFE Nasze Jutro 2065;2065;Akcje;ING Bank Śląski S.A.;33305600000;2451,188672
4Q23;31.12.2023;Nationale-Nederlanden;NN DFE Nasze Jutro 2065;2065;Akcje;KGHM Polska Miedź S.A.;24540000000;6729,260065
4Q23;31.12.2023;Nationale-Nederlanden;NN DFE Nasze Jutro 2065;2065;Akcje;Kruk S.A.;9297845226;710,2953249
4Q23;31.12.2023;Nationale-Nederlanden;NN DFE Nasze Jutro 2065;2065;Akcje;LPP S.A.;24380359100;92,24417603
4Q23;31.12.2023;Nationale-Nederlanden;NN DFE Nasze Jutro 2065;2065;Akcje;mBank S.A.;22751324935;1124,596766
4Q23;31.12.2023;Nationale-Nederlanden;NN DFE Nasze Jutro 2065;2065;Akcje;Mirbud S.A.;901661670;8057,970696
4Q23;31.12.2023;Nationale-Nederlanden;NN DFE Nasze Jutro 2065;2065;Akcje;Orange Polska S.A.;10682589879;33373,45455
4Q23;31.12.2023;Nationale-Nederlanden;NN DFE Nasze Jutro 2065;2065;Akcje;Orlen S.A.;76041704210;12274,76504
4Q23;31.12.2023;Nationale-Nederlanden;NN DFE Nasze Jutro 2065;2065;Akcje;Pepco Group N.V.;15048397426;2636,838066
4Q23;31.12.2023;Nationale-Nederlanden;NN DFE Nasze Jutro 2065;2065;Akcje;PGE Polska Grupa Energetyczna S.A.;19470941362;19476,21111
4Q23;31.12.2023;Nationale-Nederlanden;NN DFE Nasze Jutro 2065;2065;Akcje;PKO Bank Polski S.A.;62900000000;28093,47814
4Q23;31.12.2023;Nationale-Nederlanden;NN DFE Nasze Jutro 2065;2065;Akcje;PKP Cargo S.A.;652993249,9;5393,711248
4Q23;31.12.2023;Nationale-Nederlanden;NN DFE Nasze Jutro 2065;2065;Akcje;Powszechny Zakład Ubezpieczeń S.A.;40818732210;23488,52761
4Q23;31.12.2023;Nationale-Nederlanden;NN DFE Nasze Jutro 2065;2065;Akcje;Rainbow Tours S.A.;804712000;2876,827869
4Q23;31.12.2023;Nationale-Nederlanden;NN DFE Nasze Jutro 2065;2065;Akcje;Render Cube S.A.;167996400;164,7675
4Q23;31.12.2023;Nationale-Nederlanden;NN DFE Nasze Jutro 2065;2065;Akcje;Santander Bank Polska S.A.;50052325997;1547,542078
4Q23;31.12.2023;Nationale-Nederlanden;NN DFE Nasze Jutro 2065;2065;Akcje;Selvita S.A.;870098229;6,661538462
4Q23;31.12.2023;Nationale-Nederlanden;NN DFE Nasze Jutro 2065;2065;Akcje;Shoper S.A.;928440480;7416,684242
4Q23;31.12.2023;Nationale-Nederlanden;NN DFE Nasze Jutro 2065;2065;Akcje;Synektik S.A.;733505094;3535,921977
4Q23;31.12.2023;Nationale-Nederlanden;NN DFE Nasze Jutro 2065;2065;Akcje;Torpol S.A.;512231000;9960,663229
4Q23;31.12.2023;Nationale-Nederlanden;NN DFE Nasze Jutro 2065;2065;Akcje;UniCredit S.p.A.;1,66684E+11;1575,345828
4Q23;31.12.2023;Nationale-Nederlanden;NN DFE Nasze Jutro 2065;2065;Akcje;Vercom S.A.;1737899987;685,1641944
4Q23;31.12.2023;Nationale-Nederlanden;NN DFE Nasze Jutro 2065;2065;Akcje;XTB S.A.;4446469073;13150,38049
4Q23;31.12.2023;Nationale-Nederlanden;NN DFE Nasze Jutro 2065;2065;Akcje;Zabka Group SA;#VALUE!;#VALUE!
4Q23;31.12.2023;Nationale-Nederlanden;NN DFE Nasze Jutro 2065;2065;Akcje;Advanced Micro Devices Inc.;9,43835E+11;226,5081566
4Q23;31.12.2023;Nationale-Nederlanden;NN DFE Nasze Jutro 2065;2065;Akcje;Agnico Eagle Mines Ltd;1,08158E+11;474,3139199
4Q23;31.12.2023;Nationale-Nederlanden;NN DFE Nasze Jutro 2065;2065;Akcje;Allianz SE;3,99919E+11;116,1834928
4Q23;31.12.2023;Nationale-Nederlanden;NN DFE Nasze Jutro 2065;2065;Akcje;Alphabet Inc.;3,19381E+12;898,250802
4Q23;31.12.2023;Nationale-Nederlanden;NN DFE Nasze Jutro 2065;2065;Akcje;Amazon.com Inc.;6,40535E+12;334,3767764
4Q23;31.12.2023;Nationale-Nederlanden;NN DFE Nasze Jutro 2065;2065;Akcje;Apple Inc.;1,11002E+13;18,13003554
4Q23;31.12.2023;Nationale-Nederlanden;NN DFE Nasze Jutro 2065;2065;Akcje;Applied Materials Inc.;5,05176E+11;8,725458829
4Q23;31.12.2023;Nationale-Nederlanden;NN DFE Nasze Jutro 2065;2065;Akcje;ASML Holding N.V.;1,14967E+12;84,14962882
4Q23;31.12.2023;Nationale-Nederlanden;NN DFE Nasze Jutro 2065;2065;Akcje;Banco Bilbao Vizcaya Argentaria S.A.;2,04047E+11;2957,862037
4Q23;31.12.2023;Nationale-Nederlanden;NN DFE Nasze Jutro 2065;2065;Akcje;Banco Comercial Portugues S.A.;17650853361;106714,2255
4Q23;31.12.2023;Nationale-Nederlanden;NN DFE Nasze Jutro 2065;2065;Akcje;Bank of America Corp.;9,65576E+11;534,8245459
4Q23;31.12.2023;Nationale-Nederlanden;NN DFE Nasze Jutro 2065;2065;Akcje;Berkshire Hathaway Inc.;1,1145E+12;0,042477544
4Q23;31.12.2023;Nationale-Nederlanden;NN DFE Nasze Jutro 2065;2065;Akcje;BNP Paribas SA;2,9958E+11;46,45920037
4Q23;31.12.2023;Nationale-Nederlanden;NN DFE Nasze Jutro 2065;2065;Akcje;Broadcom Inc.;2,0784E+12;742,1712901
4Q23;31.12.2023;Nationale-Nederlanden;NN DFE Nasze Jutro 2065;2065;Akcje;CaixaBank SA;1,13722E+11;15753,53794
4Q23;31.12.2023;Nationale-Nederlanden;NN DFE Nasze Jutro 2065;2065;Akcje;Caterpillar Inc.;5,40257E+11;101,2854804
4Q23;31.12.2023;Nationale-Nederlanden;NN DFE Nasze Jutro 2065;2065;Akcje;Coca-Cola Company;9,95496E+11;39,16776083
4Q23;31.12.2023;Nationale-Nederlanden;NN DFE Nasze Jutro 2065;2065;Akcje;CrowdStrike Holdings Inc.;2,52771E+11;176,798478
4Q23;31.12.2023;Nationale-Nederlanden;NN DFE Nasze Jutro 2065;2065;Akcje;Deutsche Post AG;2,24126E+11;2,026912917
4Q23;31.12.2023;Nationale-Nederlanden;NN DFE Nasze Jutro 2065;2065;Akcje;Erste Group Bank AG;65513897172;397,891475
4Q23;31.12.2023;Nationale-Nederlanden;NN DFE Nasze Jutro 2065;2065;Akcje;GE Vernova Inc.;#VALUE!;#VALUE!
4Q23;31.12.2023;Nationale-Nederlanden;NN DFE Nasze Jutro 2065;2065;Akcje;General Electric Co.;4,19248E+11;321,939441
4Q23;31.12.2023;Nationale-Nederlanden;NN DFE Nasze Jutro 2065;2065;Akcje;Grenergy Renovables S.A.;4251831405;1423,675478
4Q23;31.12.2023;Nationale-Nederlanden;NN DFE Nasze Jutro 2065;2065;Akcje;ING Groep N.V.;1,71628E+11;794,3243891
4Q23;31.12.2023;Nationale-Nederlanden;NN DFE Nasze Jutro 2065;2065;Akcje;InPost S.A.;27188483576;1599,98791
4Q23;31.12.2023;Nationale-Nederlanden;NN DFE Nasze Jutro 2065;2065;Akcje;Intel Corp.;9,85697E+11;25,59158069
4Q23;31.12.2023;Nationale-Nederlanden;NN DFE Nasze Jutro 2065;2065;Akcje;JP Morgan Chase & Co.;1,80162E+12;265,8049956
4Q23;31.12.2023;Nationale-Nederlanden;NN DFE Nasze Jutro 2065;2065;Akcje;Linde Plc;7,53142E+11;9,521276723
4Q23;31.12.2023;Nationale-Nederlanden;NN DFE Nasze Jutro 2065;2065;Akcje;Lundin Mining Corp.;27538610699;9859,021521
4Q23;31.12.2023;Nationale-Nederlanden;NN DFE Nasze Jutro 2065;2065;Akcje;LVMH S.A.;1,58635E+12;23,09305504
4Q23;31.12.2023;Nationale-Nederlanden;NN DFE Nasze Jutro 2065;2065;Akcje;Mercadolibre Inc.;3,12882E+11;4,701903033
4Q23;31.12.2023;Nationale-Nederlanden;NN DFE Nasze Jutro 2065;2065;Akcje;Meta Platforms Inc.;3,04026E+12;18,81330703
4Q23;31.12.2023;Nationale-Nederlanden;NN DFE Nasze Jutro 2065;2065;Akcje;Micron Technology Inc.;3,77202E+11;861,87918
4Q23;31.12.2023;Nationale-Nederlanden;NN DFE Nasze Jutro 2065;2065;Akcje;Microsoft Corp.;1,09658E+13;175,7437906
4Q23;31.12.2023;Nationale-Nederlanden;NN DFE Nasze Jutro 2065;2065;Akcje;Münchener Rück AG;2,12924E+11;7,290057312
4Q23;31.12.2023;Nationale-Nederlanden;NN DFE Nasze Jutro 2065;2065;Akcje;Nektar Therapeutics;908280723,4;6716,562078
4Q23;31.12.2023;Nationale-Nederlanden;NN DFE Nasze Jutro 2065;2065;Akcje;Nvidia Corp.;4,72581E+12;2227,736878
4Q23;31.12.2023;Nationale-Nederlanden;NN DFE Nasze Jutro 2065;2065;Akcje;Oracle Corp.;1,18957E+12;342,4875677
4Q23;31.12.2023;Nationale-Nederlanden;NN DFE Nasze Jutro 2065;2065;Akcje;PepsiCo Inc.;9,11526E+11;1,549974618
4Q23;31.12.2023;Nationale-Nederlanden;NN DFE Nasze Jutro 2065;2065;Akcje;Procter & Gamble Co;1,33741E+12;25,11319153
4Q23;31.12.2023;Nationale-Nederlanden;NN DFE Nasze Jutro 2065;2065;Akcje;Rheinmetall AG;57365103190;89,94711378
4Q23;31.12.2023;Nationale-Nederlanden;NN DFE Nasze Jutro 2065;2065;Akcje;RTX Corp.;4,43527E+11;373,819486
4Q23;31.12.2023;Nationale-Nederlanden;NN DFE Nasze Jutro 2065;2065;Akcje;SAP SE;7,44514E+11;66,84312458
4Q23;31.12.2023;Nationale-Nederlanden;NN DFE Nasze Jutro 2065;2065;Akcje;Schneider Electric SE;4,55825E+11;145,8183424
4Q23;31.12.2023;Nationale-Nederlanden;NN DFE Nasze Jutro 2065;2065;Akcje;Siemens Energy AG;44897425767;2108,221728
4Q23;31.12.2023;Nationale-Nederlanden;NN DFE Nasze Jutro 2065;2065;Akcje;Snowflake Inc.;2,67427E+11;261,8349572
4Q23;31.12.2023;Nationale-Nederlanden;NN DFE Nasze Jutro 2065;2065;Akcje;Vertiv Holdings Co.;72165191616;754,8186138
4Q23;31.12.2023;Nationale-Nederlanden;NN DFE Nasze Jutro 2065;2065;Akcje;Visa Inc.;1,71878E+12;59,30010293
4Q23;31.12.2023;Nationale-Nederlanden;NN DFE Nasze Jutro 2065;2065;Akcje;Walmart Inc.;1,6448E+12;89,44022895
4Q23;31.12.2023;Nationale-Nederlanden;NN DFE Nasze Jutro 2065;2065;Akcje;Waste Management Inc.;2,83684E+11;57,3783275
4Q23;31.12.2023;Nationale-Nederlanden;NN DFE Nasze Jutro 2065;2065;Akcje;Wells Fargo & Co;6,06759E+11;816,1983043
4Q23;31.12.2023;Nationale-Nederlanden;NN DFE Nasze Jutro 2065;2065;Akcje;Western Digital Corp.;52687616859;1145,84731
4Q23;31.12.2023;Nationale-Nederlanden;NN DFE Nasze Jutro 2065;2065;Akcje;Wheaton Precious Metals Corp.;88254016741;539,7039961
4Q23;31.12.2023;Nationale-Nederlanden;NN DFE Nasze Jutro 2065;2065;Obligacje korporacyjne;Archicom S.A.;;
4Q23;31.12.2023;Nationale-Nederlanden;NN DFE Nasze Jutro 2065;2065;Obligacje korporacyjne;Bank Pekao S.A.;;
4Q23;31.12.2023;Nationale-Nederlanden;NN DFE Nasze Jutro 2065;2065;Obligacje korporacyjne;Benefit Systems S.A.;;
4Q23;31.12.2023;Nationale-Nederlanden;NN DFE Nasze Jutro 2065;2065;Obligacje korporacyjne;Cyfrowy Polsat S.A.;;
4Q23;31.12.2023;Nationale-Nederlanden;NN DFE Nasze Jutro 2065;2065;Obligacje korporacyjne;Develia S.A.;;
4Q23;31.12.2023;Nationale-Nederlanden;NN DFE Nasze Jutro 2065;2065;Obligacje korporacyjne;Develia S.A.;;
4Q23;31.12.2023;Nationale-Nederlanden;NN DFE Nasze Jutro 2065;2065;Obligacje korporacyjne;Develia S.A.;;
4Q23;31.12.2023;Nationale-Nederlanden;NN DFE Nasze Jutro 2065;2065;Obligacje korporacyjne;Echo Investment S.A.;;
4Q23;31.12.2023;Nationale-Nederlanden;NN DFE Nasze Jutro 2065;2065;Obligacje korporacyjne;Echo Investment S.A.;;
4Q23;31.12.2023;Nationale-Nederlanden;NN DFE Nasze Jutro 2065;2065;Obligacje korporacyjne;Kruk S.A.;;
4Q23;31.12.2023;Nationale-Nederlanden;NN DFE Nasze Jutro 2065;2065;Obligacje korporacyjne;Kruk S.A.;;
4Q23;31.12.2023;Nationale-Nederlanden;NN DFE Nasze Jutro 2065;2065;Obligacje korporacyjne;Murapol S.A.;;
4Q23;31.12.2023;Nationale-Nederlanden;NN DFE Nasze Jutro 2065;2065;Obligacje korporacyjne;Santander Bank Polska S.A.;;
4Q23;31.12.2023;Nationale-Nederlanden;NN DFE Nasze Jutro 2065;2065;Inne;Abivax SA - ABVX;;
4Q23;31.12.2023;Nationale-Nederlanden;NN DFE Nasze Jutro 2065;2065;Inne;Rachunek podstawowy;;
4Q23;31.12.2023;Nationale-Nederlanden;NN DFE Nasze Jutro 2065;2065;Inne;Rachunek przeliczeniowy;;
